id,class,kind,in_set,four_way,a_in_degree,b_wdegree,c_in_wdeg,c_out_wdeg,place_in,community,label
G1096,G,person,True,I_person_entry,189,2333,232,130,0,10,"הרמב""ם (רבינו משה בר מיימון"
G0646,G,person,True,I_person_entry,168,2543,105,306,0,6,"מרן מהר""ר יוסף קארו"
S1268,S,book,True,III_book_entry,143,1772,36,162,0,5,סדר הדורות
G1321,G,person,True,I_person_entry,119,2065,135,125,0,1,"רש""י הוא רבינו שלמה יצחקי"
G0813,G,person,True,I_person_entry,113,1541,87,79,0,2,"רבינו האר""י (ר' יצחק לוריא"
G1108,G,person,True,I_person_entry,113,1756,123,152,0,0,"הרמב""ן (רבינו משה בן נחמן"
G0429,G,person,True,I_person_entry,103,1675,48,155,0,3,מה' חיים בנבנשת
S0029,S,book,True,III_book_entry,99,1335,95,39,0,6,אדרת אליהו
G0433,G,person,True,I_person_entry,97,1474,56,120,0,2,"מהר""ר חיים ויטאל"
G0236,G,person,True,I_person_entry,91,1630,71,97,0,0,רבינו אשר בן רבינו יחיאל
S0706,S,book,True,III_book_entry,90,1048,105,16,0,4,טורים
G1305,G,person,True,I_person_entry,88,1689,72,124,0,0,"הרשב""א (רבינו שלמה בן אברהם ן' אדרת"
O0228,O,book,False,IV_book_external,85,1273,85,7,0,0,"הש""ס (התלמוד)"
S1862,S,book,True,III_book_entry,80,884,85,4,0,4,שלחן ערוך
G0768,G,person,True,I_person_entry,71,1472,94,47,0,0,"הרי""ף"
S1692,S,book,True,III_book_entry,70,1532,5,97,0,1,קורא הדורות
S1814,S,book,True,III_book_entry,66,851,32,64,0,1,שבלי הלקט
S1955,S,book,True,III_book_entry,64,1164,35,77,0,0,תוספות
G0975,G,person,True,I_person_entry,62,1063,53,66,0,1,"מהר""ם (מאיר) מרוטנבורג"
S0208,S,book,True,III_book_entry,62,910,73,28,0,4,בית יוסף
G1455,G,person,True,I_person_entry,60,1135,37,81,0,0,"מהר""ר שמעון בר צמח (הרשב""ץ"
G1332,G,person,True,I_person_entry,59,1218,32,94,0,1,"מהר""ר שלמה לוריא"
G1044,G,person,True,I_person_entry,57,672,59,84,0,7,"מהר""ם איסרלס"
G1005,G,person,True,I_person_entry,56,496,25,59,0,2,"הרמ""ע (מנחם עזריה) מפאנו"
O0030,O,book,False,IV_book_external,56,621,53,5,0,4,אורח חיים
S1991,S,book,True,III_book_entry,56,811,54,8,0,0,תלמוד בבלי
S0533,S,book,True,III_book_entry,53,644,77,8,0,2,זהר
O0337,O,book,False,IV_book_external,52,476,62,4,0,4,יורה דעה
G0457,G,person,True,I_person_entry,51,295,24,51,0,3,"מהר""ר חיים שבתי"
O0680,O,book,False,IV_book_external,51,1142,30,65,0,1,ספר יוחסין
G0617,G,person,True,I_person_entry,50,685,24,61,0,3,"מהר""ר יוסף מטראני"
G0722,G,person,True,I_person_entry,48,914,60,62,0,1,רבינו יעקב בר מאיר
G0962,G,person,True,I_person_entry,48,721,20,67,0,2,"הרמ""ך"
S1164,S,book,True,III_book_entry,48,891,37,38,0,1,מרדכי
O1354,O,book,False,IV_book_external,42,466,10,37,0,1,שם הגדולים
G0338,G,person,True,I_person_entry,41,806,19,72,0,0,מה' דוד ן' זמרא
G1312,G,person,True,I_person_entry,40,473,12,52,0,15,"מהר""ש הלוי אלקבץ"
G1336,G,person,True,I_person_entry,39,518,12,62,0,6,"מהר""ר שלמה מטראני"
G0997,G,person,True,I_person_entry,38,474,9,53,0,9,"מהר""ר מנחם די לונזאנו"
S0013,S,book,True,III_book_entry,38,328,48,4,0,6,אבקת רוכל
S0839,S,book,True,III_book_entry,38,653,36,34,0,3,כנסת הגדולה
G0415,G,person,True,I_person_entry,36,625,22,49,0,13,"מהר""ר חזקיה די סילוא"
G1067,G,person,True,I_person_entry,36,298,14,41,0,2,"מהר""ר משה זכות"
G1296,G,person,True,I_person_entry,36,580,23,40,0,4,"מהר""ר שבתי הכהן"
S1003,S,book,True,III_book_entry,36,353,29,6,0,5,מדרש
G0172,G,person,True,I_person_entry,35,573,25,40,0,6,"מהר""ר אליה מזרחי"
G0269,G,person,True,I_person_entry,35,876,18,63,0,0,"מהר""ר בצלאל אשכנזי"
G0015,G,person,True,I_person_entry,34,289,16,37,0,2,מה' אברהם אזולאי
G1309,G,person,True,I_person_entry,34,398,12,39,0,6,מה' שלמה אלגאזי
O1301,O,book,False,IV_book_external,33,388,27,6,0,0,"שו""ת מהר""ם אלשקר"
S2045,S,book,True,III_book_entry,33,341,31,1,0,0,תלמוד
S1842,S,book,True,III_book_entry,32,918,16,39,0,0,שיטות מקובצות
O0694,O,book,False,IV_book_external,31,585,28,8,0,1,ספר מצוות גדול
O1016,O,person,False,II_person_external,31,573,11,39,0,7,רבי יום טוב ליפמן הלר
O1323,O,book,False,IV_book_external,31,379,13,14,0,1,"שו""ת מהרש""ל"
G0379,G,person,True,I_person_entry,30,532,27,20,0,1,רבינו האי גאון
G0570,G,person,True,I_person_entry,30,940,46,66,0,0,"הריטב""א"
S0329,S,book,True,III_book_entry,30,268,20,7,0,2,גנת ורדים
G0649,G,person,True,I_person_entry,29,603,21,40,0,1,"מהר""ר יוסף קולון"
G0881,G,person,True,I_person_entry,29,329,18,47,0,7,"מהר""ר ישעיה סגל הורוויץ"
G1051,G,person,True,I_person_entry,29,213,16,21,0,3,"מהר""ר משה בנבנשת"
G1162,G,person,True,I_person_entry,29,741,39,54,0,0,"הר""ן מפרש הרי""ף"
G0544,G,person,True,I_person_entry,28,324,16,31,0,3,"מהר""ר יהודה רוזאניס"
G1070,G,person,True,I_person_entry,28,558,17,37,0,11,"מהר""ם ן' חביב"
S0415,S,book,True,III_book_entry,28,401,25,13,0,6,"הגהות חדשות על ב""י"
G0011,G,person,True,I_person_entry,27,772,37,40,0,0,"הראב""ד השלישי"
G0060,G,person,True,I_person_entry,27,427,16,27,0,2,"מהר""ר אברהם יצחקי"
G1010,G,person,True,I_person_entry,26,298,8,23,0,1,רבינו מנחם מריקאנטי
G1048,G,person,True,I_person_entry,26,673,4,29,0,0,"מהר""ם (משה) אלשקר"
G1408,G,person,True,I_person_entry,26,474,14,22,0,3,"מהרשד""ם"
S0586,S,book,True,III_book_entry,26,240,27,4,0,4,"חבור על ח""מ"
S0641,S,book,True,III_book_entry,26,589,33,6,0,0,חידושים על מסכת חולין
O1008,O,person,False,II_person_external,25,444,15,24,0,4,רבי יואל סירקיש
O1044,O,person,False,II_person_external,25,141,6,31,0,9,רבי יעקב עמדין
S0658,S,book,True,III_book_entry,25,68,1,0,0,17,חכמתא רבתי
S1139,S,book,True,III_book_entry,25,655,17,13,0,1,מצרף לחכמה
S1992,S,book,True,III_book_entry,25,504,35,8,0,8,תלמוד ירושלמי
S1998,S,book,True,III_book_entry,25,508,9,27,0,0,תמים דעים
O0250,O,book,False,IV_book_external,24,247,27,1,0,4,חושן משפט
O0817,O,book,False,IV_book_external,24,462,3,27,0,1,צמח דוד
S1977,S,book,True,III_book_entry,24,158,27,8,0,3,תורת חיים
G0860,G,person,True,I_person_entry,23,510,17,42,0,0,"הריב""ש (רבינו יצחק בר ששת"
G0973,G,person,True,I_person_entry,23,309,8,27,0,2,"מהר""ר מאיר פאפירש"
G1126,G,person,True,I_person_entry,23,387,17,33,0,2,מה' משה קורדובירו
G0157,G,person,True,I_person_entry,22,169,9,22,0,2,רבינו אליהו די וידאש
G0214,G,person,True,I_person_entry,22,429,32,26,0,1,רבינו אלעזר מגרמיזא
G0659,G,person,True,I_person_entry,22,603,5,39,0,5,"מה' יש""ר (יוסף שלמה רופא) מקאנדיא"
G1243,G,person,True,I_person_entry,22,357,6,21,0,9,"מהר""ר צבי אשכנזי"
O0514,O,book,False,IV_book_external,22,830,19,6,0,0,מסכת גיטין
O0578,O,person,False,II_person_external,22,617,14,19,0,4,משה רבינו
O1018,O,person,False,II_person_external,22,523,23,31,0,6,רבי יוסף בי רב
S0813,S,book,True,III_book_entry,22,284,12,20,0,1,כלבו
G0306,G,person,True,I_person_entry,21,353,33,12,0,1,רבינו גרשום בר יהודה מאור הגולה
G0359,G,person,True,I_person_entry,21,248,16,21,0,4,"מהר""ר דוד סג""ל"
G0579,G,person,True,I_person_entry,21,394,32,31,0,0,רבינו יונה החסיד מגירונדא
G0874,G,person,True,I_person_entry,21,698,19,33,0,1,רבינו ישעיה הראשון
G1029,G,person,True,I_person_entry,21,179,15,20,0,7,"מהר""ר מרדכי יפה"
G1069,G,person,True,I_person_entry,21,165,4,25,0,2,"מהר""ר משה חאגיז"
O1353,O,book,False,IV_book_external,21,697,14,28,0,1,שלשלת הקבלה
S1375,S,book,True,III_book_entry,21,249,20,8,0,11,עין יעקב
S1501,S,book,True,III_book_entry,21,688,28,2,0,0,פירוש בפרקים ממס' כתובות
S2000,S,book,True,III_book_entry,21,227,21,8,0,0,תמת ישרים
G0089,G,person,True,I_person_entry,20,259,23,19,0,0,רבינו אברהם ן' עזרא
G0197,G,person,True,I_person_entry,20,538,19,15,0,1,רבינו אליעזר ממיץ
G0555,G,person,True,I_person_entry,20,402,15,36,0,4,"מהר""ר יהושע פלק כ""ץ"
G0700,G,person,True,I_person_entry,20,475,4,28,0,0,"מהר""ר יעקב חאגיז"
G0753,G,person,True,I_person_entry,20,402,14,23,0,0,"מהר""ר יצחק אבוהב"
G1464,G,person,True,I_person_entry,20,608,20,25,0,1,רבינו שמשון בר אברהם משאנץ
O0044,O,person,False,II_person_external,20,517,17,24,0,0,אליהו הנביא
O0592,O,book,False,IV_book_external,20,176,17,4,0,3,"משנה תורה להרמב""ם"
O1183,O,person,False,II_person_external,20,592,17,19,0,2,רבי שמעון בר יוחאי
O1358,O,book,False,IV_book_external,20,233,15,10,0,4,שם הגדולים - חלק א' (מערכת גדולים)
G0399,G,person,True,I_person_entry,19,271,24,27,0,0,"מהרז""ך"
G0738,G,person,True,I_person_entry,19,214,12,47,0,2,"מהר""ר יעקב צמח"
G1376,G,person,True,I_person_entry,19,329,6,16,0,3,"מהר""ש גאון"
G1407,G,person,True,I_person_entry,19,496,21,28,0,1,"רשב""ם"
O1046,O,person,False,II_person_external,19,220,8,30,0,7,רבי יעקב ריישר
O1112,O,person,False,II_person_external,19,132,15,19,0,2,"רבי משה גלאנטי (המג""ן)"
S0849,S,book,True,III_book_entry,19,442,26,20,0,0,כסף משנה
S1529,S,book,True,III_book_entry,19,112,12,7,0,3,פני משה
G0132,G,person,True,I_person_entry,18,419,24,26,0,0,רבינו אהרן הלוי
G0232,G,person,True,I_person_entry,18,240,10,15,0,4,"מהר""ר אריה יהודה בן הרב בית חדש"
G0425,G,person,True,I_person_entry,18,191,1,21,0,11,"מהר""ר חיים במ' יצחק אלפאנדרי"
G0463,G,person,True,I_person_entry,18,384,13,17,0,1,רבינו חננאל
G0689,G,person,True,I_person_entry,18,484,16,18,0,0,"רבינו יעקב בן הרא""ש"
G0692,G,person,True,I_person_entry,18,361,13,15,0,6,"מהר""ר יעקב בי רב"
G0719,G,person,True,I_person_entry,18,416,22,20,0,7,"מהרי""ל (מהר""ר יעקב סג""ל"
G0897,G,person,True,I_person_entry,18,260,7,25,0,6,"מהר""ר ישראל יעקב אלגאזי"
G1047,G,person,True,I_person_entry,18,302,16,16,0,6,"מהר""ר משה אלשיך"
G1199,G,person,True,I_person_entry,18,285,27,19,0,1,רבינו סעדיה גאון
G1424,G,person,True,I_person_entry,18,70,10,29,0,16,"מהר""ר שמואל קאידינובר"
G1489,G,person,True,I_person_entry,18,218,8,13,0,0,"מהר""ר תם ן' יחייא"
O0504,O,book,False,IV_book_external,18,472,22,6,0,0,מסכת בבא מציעא
S0140,S,book,True,III_book_entry,18,428,9,14,0,0,ארחות חיים
S0427,S,book,True,III_book_entry,18,590,6,23,0,1,הגהות מיימוניות
S0735,S,book,True,III_book_entry,18,559,17,6,0,0,יד מלאכי
G0017,G,person,True,I_person_entry,17,165,4,35,0,2,"מהר""ר אברהם אזולאי"
G0119,G,person,True,I_person_entry,17,462,3,29,0,2,"מהר""ר אהרן אלפנדרי"
G0166,G,person,True,I_person_entry,17,86,1,18,0,12,"מהר""ר אליהו הכהן"
G0199,G,person,True,I_person_entry,17,207,27,21,0,1,רבינו אליעזר בר נתן
G0454,G,person,True,I_person_entry,17,112,2,22,0,13,"מהר""ר חיים ן' עטר"
G0740,G,person,True,I_person_entry,17,175,15,27,0,6,"מהר""ר יעקב קאשטרו"
G0863,G,person,True,I_person_entry,17,394,13,18,0,3,רבינו ירוחם
G0943,G,person,True,I_person_entry,17,192,14,27,0,7,"מהר""ר ליווא (מפראג"
G1011,G,person,True,I_person_entry,17,118,12,32,0,0,"מהר""ר מנחם בר שלמה לבית מאיר (המאירי"
O0510,O,book,False,IV_book_external,17,251,19,1,0,0,מסכת ברכות
O0523,O,book,False,IV_book_external,17,795,18,6,0,0,מסכת יבמות
S0279,S,book,True,III_book_entry,17,163,11,1,0,10,בתי כהונה
S0933,S,book,True,III_book_entry,17,168,15,11,0,4,לקט הקמח
S2036,S,book,True,III_book_entry,17,334,16,5,0,0,"תשב""ץ"
G0072,G,person,True,I_person_entry,16,240,10,17,0,2,מה' אברהם הלוי
G0195,G,person,True,I_person_entry,16,258,4,13,0,10,"מה""ר אליעזר ן' יעקב נחום"
G0219,G,person,True,I_person_entry,16,120,14,22,0,1,רבינו אלעזר בעל ס' רוקח
G0270,G,person,True,I_person_entry,16,265,1,18,0,0,"מהר""ר בצלאל"
G0439,G,person,True,I_person_entry,16,154,14,26,0,7,"מהר""ר חיים יאיר בכרך"
O0010,O,book,False,IV_book_external,16,172,17,1,0,4,אבן העזר
O0554,O,book,False,IV_book_external,16,589,14,3,0,0,מסכת שבת
O1304,O,book,False,IV_book_external,16,224,12,10,0,1,"שו""ת מהר""ם מרוטנבורג"
G0445,G,person,True,I_person_entry,15,99,7,17,0,12,"מהר""ר חיים הכהן"
G0510,G,person,True,I_person_entry,15,259,16,14,0,1,רבינו יהודה החסיד
G1207,G,person,True,I_person_entry,15,305,10,14,0,7,"מהר""ר עוזר משלעזיא"
S0203,S,book,True,III_book_entry,15,217,12,9,0,4,בית חדש
S1321,S,book,True,III_book_entry,15,184,13,1,0,5,ספרי
S1569,S,book,True,III_book_entry,15,161,10,14,0,0,פרי מגדים
S1809,S,book,True,III_book_entry,15,236,8,7,0,7,שבות יעקב
G0125,G,person,True,I_person_entry,14,116,5,15,0,5,"מהר""ר אהרן ן' חיים"
G0412,G,person,True,I_person_entry,14,270,11,11,0,0,רבינו זרחיה
G0575,G,person,True,I_person_entry,14,296,8,6,0,5,"מהר""ר יום טוב צהלון"
G0582,G,person,True,I_person_entry,14,262,2,13,0,11,"מורי הרב מהר""ר יונה נבון"
G1324,G,person,True,I_person_entry,14,221,7,10,0,3,"מהרש""ך"
G1388,G,person,True,I_person_entry,14,145,8,13,0,3,"מהר""ר שמואל חייון"
G1389,G,person,True,I_person_entry,14,221,15,17,0,2,"מהר""ר שמואל בן מהרח""ו"
O0489,O,book,False,IV_book_external,14,435,4,9,0,4,מחזיק ברכה
O0553,O,book,False,IV_book_external,14,465,17,2,0,0,מסכת שבועות
S0396,S,book,True,III_book_entry,14,204,12,10,0,7,דרכי משה
S0566,S,book,True,III_book_entry,14,11,4,0,0,14,זרע אנשים
S0608,S,book,True,III_book_entry,14,246,11,8,0,7,חות יאיר
S0622,S,book,True,III_book_entry,14,391,14,5,0,0,"חידושי הלכות על פסחים ביצה קדושין וב""ק"
S0666,S,book,True,III_book_entry,14,146,12,5,0,2,חסד לאברהם
S1312,S,book,True,III_book_entry,14,210,23,2,0,5,ספרא
S1422,S,book,True,III_book_entry,14,294,10,9,0,1,ערוך
S1541,S,book,True,III_book_entry,14,186,30,9,0,0,"פסקי הרא""ש"
S1836,S,book,True,III_book_entry,14,437,13,7,0,8,שיח יצחק
S1975,S,book,True,III_book_entry,14,204,24,3,0,7,תורת החטאת
G0009,G,person,True,I_person_entry,13,313,9,22,0,5,"הראב""ד (רבינו אברהם בר דוד"
G0627,G,person,True,I_person_entry,13,431,12,8,0,18,רבינו יוסף הלוי ן' מיגאש
G1026,G,person,True,I_person_entry,13,283,15,14,0,1,רבינו מרדכי (בר הלל
G1250,G,person,True,I_person_entry,13,197,12,21,0,1,רבינו צדקיה בר אברהם הרופא
O0214,O,person,False,II_person_external,13,57,1,16,0,3,הרב המחבר (כינוי גנרי — מחבר הספר הנדון)
O0507,O,book,False,IV_book_external,13,206,13,0,0,0,מסכת ביצה
O1206,O,person,False,II_person_external,13,485,11,10,0,1,"רבינו יצחק (הר""י הזקן)"
S0640,S,book,True,III_book_entry,13,439,13,3,0,0,חידושים על מסכת סנהדרין
S0705,S,book,True,III_book_entry,13,134,19,17,0,4,טורי זהב
S0766,S,book,True,III_book_entry,13,549,13,12,0,0,ים של שלמה
S1469,S,book,True,III_book_entry,13,184,28,4,0,10,"פירוש המשנה של הרמב""ם"
S1595,S,book,True,III_book_entry,13,355,6,9,0,0,צדה לדרך
G0012,G,person,True,I_person_entry,12,202,19,13,0,0,"הראב""ד"
G0133,G,person,True,I_person_entry,12,177,9,15,0,3,"מהר""ר אהרן לפפא"
G0181,G,person,True,I_person_entry,12,255,2,15,0,7,"מהר""ר אליהו שפירא"
G0370,G,person,True,I_person_entry,12,234,10,10,0,0,רבינו דוד קמחי
G0394,G,person,True,I_person_entry,12,458,22,27,0,0,רבינו וידאל די טולושא
G0615,G,person,True,I_person_entry,12,226,16,14,0,6,"מהר""ר יוסף טאיטאצק"
G0855,G,person,True,I_person_entry,12,329,19,24,0,1,רבינו יצחק בעל התוספות
G0953,G,person,True,I_person_entry,12,355,27,18,0,1,רבינו מאיר בר ברוך
G0964,G,person,True,I_person_entry,12,318,26,19,0,0,"רבינו מאיר הלוי (הרמ""ה"
G0989,G,person,True,I_person_entry,12,471,5,24,0,0,"מהר""ר מלאכי הכהן"
G1255,G,person,True,I_person_entry,12,133,1,15,0,2,"מהר""ר צמח"
G1313,G,person,True,I_person_entry,12,35,5,8,0,3,מה' שלמה אמאריליו
G1353,G,person,True,I_person_entry,12,358,5,13,0,0,"מהר""ש בן הרשב""ץ"
G1403,G,person,True,I_person_entry,12,68,5,17,0,4,"מהר""ר שמואל הלוי"
G1480,G,person,True,I_person_entry,12,323,13,18,0,1,רבינו שרירא גאון
O0118,O,book,False,IV_book_external,12,437,4,4,0,6,ברכי יוסף
O0397,O,book,False,IV_book_external,12,392,9,1,0,0,מגילה (על נס פורים של קהילה)
O0406,O,book,False,IV_book_external,12,96,12,1,0,12,מגילת רות
O0540,O,book,False,IV_book_external,12,441,17,0,0,0,מסכת עבודה זרה
O0893,O,person,False,II_person_external,12,66,7,8,0,5,רבותינו זכרונם לברכה
O1035,O,person,False,II_person_external,12,170,5,9,0,0,רבי יעקב בן אשר בעל הטורים
O1111,O,person,False,II_person_external,12,246,6,10,0,3,רבי משה גלאנטי
O1289,O,book,False,IV_book_external,12,274,26,9,0,0,"שו""ת הרשב""א"
O1348,O,book,False,IV_book_external,12,94,13,1,0,12,שיר השירים
S0038,S,book,True,III_book_entry,12,95,5,8,0,0,אהלי תם
S0075,S,book,True,III_book_entry,12,169,14,2,0,9,אור תורה
S0180,S,book,True,III_book_entry,12,393,10,4,0,4,בדק הבית
S0572,S,book,True,III_book_entry,12,97,13,1,0,12,חבור על ספר בראשית
S0763,S,book,True,III_book_entry,12,228,9,9,0,5,ילקוט שמעוני
S1548,S,book,True,III_book_entry,12,233,12,3,0,1,"פסקי מהר""ם ריקאנטי"
S1557,S,book,True,III_book_entry,12,201,11,4,0,2,פרדס רמונים
S1644,S,book,True,III_book_entry,12,53,7,8,0,2,קול ברמה
S1756,S,book,True,III_book_entry,12,133,15,2,0,2,ראשית חכמה
S1782,S,book,True,III_book_entry,12,192,13,4,0,1,רקח
G0030,G,person,True,I_person_entry,11,31,5,9,0,7,"מהר""ר אברהם ברודא"
G0139,G,person,True,I_person_entry,11,81,13,16,0,3,"מהר""ר אהרן ששון"
G0169,G,person,True,I_person_entry,11,38,6,12,0,6,"מהר""ר אליה הלוי"
G0225,G,person,True,I_person_entry,11,160,2,11,0,9,"הג""מ אפרים הכהן מאוסטרא"
G0552,G,person,True,I_person_entry,11,200,5,13,0,3,"מהר""ר יהושע בנבנשתי"
G0620,G,person,True,I_person_entry,11,194,4,8,0,9,"מהר""ר יוסף יעבץ"
G0629,G,person,True,I_person_entry,11,253,2,30,0,0,"מהר""ר יוסף במהר""ר מאיר"
G0697,G,person,True,I_person_entry,11,199,8,13,0,4,"מהר""ר יעקב ווייל"
G0752,G,person,True,I_person_entry,11,276,13,22,0,3,רבינו יצחק בן אבא מרי
G0802,G,person,True,I_person_entry,11,66,6,11,0,10,"מהר""ר יצחק הכהן"
G1061,G,person,True,I_person_entry,11,213,2,9,0,0,רבינו משה הדרשן
O0324,O,book,False,IV_book_external,11,245,8,9,0,2,יד אהרן
O0543,O,book,False,IV_book_external,11,361,7,8,0,0,מסכת עירובין
O0549,O,book,False,IV_book_external,11,283,15,4,0,0,מסכת קידושין
O0580,O,book,False,IV_book_external,11,199,14,4,0,5,משנה
O0621,O,book,False,IV_book_external,11,136,11,5,0,0,סדר מועד
O0637,O,book,False,IV_book_external,11,199,13,1,0,4,ספר בראשית
O1163,O,person,False,II_person_external,11,302,7,12,0,16,רבי שמואל אליעזר הלוי איידלס
O1434,O,book,False,IV_book_external,11,373,15,1,0,1,תוספות שאנץ
S0309,S,book,True,III_book_entry,11,184,13,5,0,11,גט פשוט
S0345,S,book,True,III_book_entry,11,57,4,0,0,9,דברי אמת
S0465,S,book,True,III_book_entry,11,236,16,3,0,0,הלכות גדולות
S0563,S,book,True,III_book_entry,11,157,10,2,0,2,זרע אברהם
S0685,S,book,True,III_book_entry,11,229,4,5,0,6,חרדים
S0961,S,book,True,III_book_entry,11,126,15,6,0,4,מאירת עינים
S1165,S,book,True,III_book_entry,11,40,7,4,0,17,מרכבת המשנה
S1238,S,book,True,III_book_entry,11,173,9,3,0,1,נמוקי החומש
S1574,S,book,True,III_book_entry,11,179,19,12,0,4,פרישה ודרישה
S1840,S,book,True,III_book_entry,11,308,11,2,0,0,שיטה על מס' סוטה
S1904,S,book,True,III_book_entry,11,116,21,3,0,7,שערי דורא
S2040,S,book,True,III_book_entry,11,115,13,3,0,3,תשובות
G0029,G,person,True,I_person_entry,10,180,9,12,0,8,"מהר""ר אברהם"
G0537,G,person,True,I_person_entry,10,52,1,10,0,14,מה' יהודה עייאש
G0929,G,person,True,I_person_entry,10,228,5,8,0,6,"מהר""ר לוי ן' חביב"
G1057,G,person,True,I_person_entry,10,227,7,12,0,2,"מהר""ם גאלאנטי הזקן"
G1124,G,person,True,I_person_entry,10,230,13,13,0,1,רבינו משה (מקוצי
G1356,G,person,True,I_person_entry,10,244,14,24,0,0,רבינו שם טוב
G1362,G,person,True,I_person_entry,10,219,4,14,0,2,"מהר""ר שמואל אבוהב"
O0137,O,person,False,II_person_external,10,306,8,4,0,17,דוד המלך
O0453,O,person,False,II_person_external,10,147,9,15,0,7,"מהר""ר יוסף (בעל חידושים על הש""ס, בן דורו של החיד""א/מחבר)"
O0518,O,book,False,IV_book_external,10,234,9,2,0,0,מסכת הוריות
O0532,O,book,False,IV_book_external,10,443,12,0,0,0,מסכת מכות
O0655,O,book,False,IV_book_external,10,206,13,9,0,0,ספר המאור
O0666,O,book,False,IV_book_external,10,332,11,4,0,1,"ספר הקבלה לראב""ד (רבי אברהם בן דוד הלוי)"
O1014,O,person,False,II_person_external,10,530,12,10,0,0,רבי יוחנן הסנדלר
O1073,O,person,False,II_person_external,10,236,3,9,0,4,רבי ישראל (בעל אמרות טהורות)
O1366,O,person,False,II_person_external,10,203,4,11,0,4,"שמואל (אבי מהר""ר אברהם, אחי בעל פרי האדמה)"
S0019,S,book,True,III_book_entry,10,315,2,9,0,1,אגור
S0085,S,book,True,III_book_entry,10,29,7,0,0,0,אזהרות
S0271,S,book,True,III_book_entry,10,79,8,2,0,16,ברכת הזבח
S0397,S,book,True,III_book_entry,10,127,8,2,0,2,דרכי נועם
S0582,S,book,True,III_book_entry,10,67,10,1,0,4,"חבור על ש""ע"
S0994,S,book,True,III_book_entry,10,80,10,3,0,4,מגן אברהם
S1216,S,book,True,III_book_entry,10,223,8,8,0,5,נובלות חכמה
S1412,S,book,True,III_book_entry,10,295,10,2,0,2,עץ החיים
S1889,S,book,True,III_book_entry,10,103,9,1,0,7,שני לוחות הברית
S1921,S,book,True,III_book_entry,10,139,14,7,0,4,שפתי כהן
S1931,S,book,True,III_book_entry,10,69,9,6,0,9,שתי ידות
S2023,S,book,True,III_book_entry,10,166,9,3,0,2,תקוני הזהר
S2032,S,book,True,III_book_entry,10,161,6,4,0,1,ס' התרומה
G0309,G,person,True,I_person_entry,9,65,7,17,0,4,"מהר""ר גרשון אשכנזי"
G0326,G,person,True,I_person_entry,9,122,8,5,0,4,"מהר""ר דוד אופנהיים"
G0390,G,person,True,I_person_entry,9,83,6,7,0,16,הגאון מה' העשל
G0410,G,person,True,I_person_entry,9,146,8,12,0,3,"מהר""ר זרחיה גוטה"
G0541,G,person,True,I_person_entry,9,145,6,12,0,2,"מהר""ר יהודה קורדובירו"
G0602,G,person,True,I_person_entry,9,97,0,13,0,12,מה' יוסף דוד
G0651,G,person,True,I_person_entry,9,103,3,7,0,3,מה' יוסף קצבי
G0761,G,person,True,I_person_entry,9,103,9,10,0,3,"מהר""ר יצחק אזולאי"
G0772,G,person,True,I_person_entry,9,319,21,8,0,1,רבינו יצחק בר אשר הלוי
G0785,G,person,True,I_person_entry,9,172,12,17,0,2,רבינו יצחק מויינא
G0814,G,person,True,I_person_entry,9,105,15,10,0,0,מה' יצחק די ליאון
G0884,G,person,True,I_person_entry,9,65,16,21,0,7,"מהר""ר ישראל המכונה מהר""ר איסרלאן"
G0894,G,person,True,I_person_entry,9,79,8,10,0,2,"מהר""ר ישראל זאבי"
G0972,G,person,True,I_person_entry,9,251,8,12,0,7,"מהר""ם (מאיר) מפאדובה"
G1186,G,person,True,I_person_entry,9,49,0,13,0,2,"מהר""ר נתן שפירא"
G1378,G,person,True,I_person_entry,9,127,8,13,0,6,"מהר""ר שמואל גארמיזאן"
O0231,O,book,False,IV_book_external,9,99,10,3,0,12,התורה
O0519,O,book,False,IV_book_external,9,171,9,1,0,11,מסכת זבחים
O0539,O,book,False,IV_book_external,9,405,7,3,0,0,מסכת סוכה
O0711,O,book,False,IV_book_external,9,130,9,0,0,4,ספר תהלים
O0812,O,book,False,IV_book_external,9,404,0,9,0,9,פתח עינים
O1028,O,person,False,II_person_external,9,103,0,10,0,1,רבי יחיאל היילפרין
S0092,S,book,True,III_book_entry,9,91,5,7,0,7,אליה רבא
S0392,S,book,True,III_book_entry,9,153,18,11,0,2,דרך עץ חיים
S0469,S,book,True,III_book_entry,9,212,8,4,0,1,הלכות קטנות
S0613,S,book,True,III_book_entry,9,78,7,8,0,11,חזון נחום
S0858,S,book,True,III_book_entry,9,252,8,8,0,0,ס' כריתות
S0976,S,book,True,III_book_entry,9,214,6,6,0,0,מגדל עז
S1086,S,book,True,III_book_entry,9,87,8,3,0,1,מנות הלוי
S1140,S,book,True,III_book_entry,9,89,8,4,0,2,מצת שמורים
S1360,S,book,True,III_book_entry,9,103,8,1,0,3,עטור
S1413,S,book,True,III_book_entry,9,133,11,2,0,11,עץ החיים
S1856,S,book,True,III_book_entry,9,17,5,5,0,14,שלום הבית
S2041,S,book,True,III_book_entry,9,88,11,7,0,8,תשובת הגאונים
G0004,G,person,True,I_person_entry,8,92,18,2,0,1,רבינו אביגדור הכהן
G0010,G,person,True,I_person_entry,8,132,18,12,0,0,"הראב""ד השני"
G0050,G,person,True,I_person_entry,8,178,5,5,0,2,"מהר""ר אברהם ן' חנניא"
G0131,G,person,True,I_person_entry,8,61,3,7,0,3,"מהר""ר אהרן הכהן פרחיא"
G0150,G,person,True,I_person_entry,8,202,15,13,0,18,"מהר""ר אליה אביי"
G0162,G,person,True,I_person_entry,8,110,9,8,0,3,"מהר""ר אליהו ן' חיים"
G0364,G,person,True,I_person_entry,8,49,2,12,0,5,"מהר""ר דוד פרדו"
G0419,G,person,True,I_person_entry,8,99,2,11,0,11,"מהר""ר חיים אבואלעפיא"
G0423,G,person,True,I_person_entry,8,210,6,6,0,3,"מהר""ר חיים אלגאזי"
G0484,G,person,True,I_person_entry,8,80,4,7,0,11,"מהר""ר יאשיהו פינטו"
G0498,G,person,True,I_person_entry,8,233,12,6,0,0,"רבינו יהודה בן הרא""ש"
G0609,G,person,True,I_person_entry,8,327,11,30,0,0,רבינו יוסף חביבא
G0701,G,person,True,I_person_entry,8,243,8,14,0,6,"מהר""ר יעקב ן' חביב"
G0866,G,person,True,I_person_entry,8,40,2,11,0,2,"מהר""ר ישועה שבאבו ידיע זיין"
G0910,G,person,True,I_person_entry,8,151,6,12,0,5,"מהר""ר יששכר (בער"
G0958,G,person,True,I_person_entry,8,15,6,2,0,0,רבינו מאיר בר טודרוס הלוי מטוליטולא
G1295,G,person,True,I_person_entry,8,74,3,4,0,3,"מהר""ר שבתי יונה"
G1442,G,person,True,I_person_entry,8,208,18,10,0,1,רבינו שמחה בר שמואל
G1473,G,person,True,I_person_entry,8,246,14,13,0,1,רבינו שמשון בר צדוק
O0206,O,person,False,II_person_external,8,150,5,6,0,14,"הר""ר מאיר (אבי הר""ר נתן)"
O0399,O,book,False,IV_book_external,8,60,9,0,0,12,מגילת אסתר
O0505,O,book,False,IV_book_external,8,287,8,1,0,0,מסכת בבא קמא
O0533,O,book,False,IV_book_external,8,282,8,0,0,11,מסכת מנחות
O0625,O,book,False,IV_book_external,8,61,7,3,0,13,סדר קדשים
O0649,O,book,False,IV_book_external,8,160,10,1,0,2,ספר הזוהר
O0901,O,person,False,II_person_external,8,86,2,7,0,4,רבי אברהם אבלי הלוי גומבינר
O1089,O,person,False,II_person_external,8,185,2,11,0,4,רבי מאיר בן יצחק אייזנשטט
O1150,O,person,False,II_person_external,8,53,5,19,0,7,רבי שלמה אפרים מלונטשיץ
O1204,O,person,False,II_person_external,8,228,3,4,0,1,רבינו יצחק (אבי רבינו קלונימוס הזקן)
O1280,O,book,False,IV_book_external,8,142,9,2,0,0,"שו""ת הרא""ש"
O1346,O,book,False,IV_book_external,8,214,5,3,0,3,שיירי כנסת הגדולה
S0051,S,book,True,III_book_entry,8,6,3,0,0,4,אור חדש
S0093,S,book,True,III_book_entry,8,20,3,0,0,5,ספר אלים
S0301,S,book,True,III_book_entry,8,200,3,6,0,0,גופי הלכות
S0314,S,book,True,III_book_entry,8,172,9,6,0,2,גלגולים
S0359,S,book,True,III_book_entry,8,14,4,3,0,6,דובב שפתי ישנים
S0577,S,book,True,III_book_entry,8,133,8,1,0,3,"חבור על סמ""ג"
S0789,S,book,True,III_book_entry,8,180,4,5,0,0,ירושלמי
S0796,S,book,True,III_book_entry,8,221,7,5,0,9,ס' הישר
S1053,S,book,True,III_book_entry,8,197,9,0,0,5,מכילתא
S1173,S,book,True,III_book_entry,8,174,7,10,0,1,משבצות זהב
S1453,S,book,True,III_book_entry,8,315,13,1,0,0,פירוש להלכות נדרים
S1863,S,book,True,III_book_entry,8,74,10,9,0,1,שלטי הגבורים
S1872,S,book,True,III_book_entry,8,89,8,0,0,3,שמות הגיטין
S1908,S,book,True,III_book_entry,8,68,3,6,0,8,שערי צדק
S1963,S,book,True,III_book_entry,8,124,5,1,0,5,תוספתא
G0025,G,person,True,I_person_entry,7,78,10,9,0,3,"מהר""ר אברהם די בוטון"
G0077,G,person,True,I_person_entry,7,81,10,10,0,6,מה' אברהם מונסון
G0196,G,person,True,I_person_entry,7,114,18,10,0,1,רבינו אליעזר הלוי
G0316,G,person,True,I_person_entry,7,199,2,3,0,8,גאונים
G0396,G,person,True,I_person_entry,7,30,6,10,0,5,"מהר""ר וידאל הצרפתי"
G0416,G,person,True,I_person_entry,7,95,5,7,0,3,"מהר""ר חייא רופא"
G0532,G,person,True,I_person_entry,7,229,18,17,0,8,רבינו יהודה הנשיא
G0534,G,person,True,I_person_entry,7,104,0,2,0,8,"מהר""ר יהודה עבאס"
G0539,G,person,True,I_person_entry,7,267,14,14,0,1,"רבינו יהודה מפארי""ש"
G0573,G,person,True,I_person_entry,7,71,6,16,0,7,"מהר""ר יום טוב הלוי העליר"
G0588,G,person,True,I_person_entry,7,158,4,8,0,3,"מהר""ר יוסף איסקאפא"
G0589,G,person,True,I_person_entry,7,16,0,3,0,2,"מהר""ר יוסף אירגאז"
G0672,G,person,True,I_person_entry,7,122,6,2,0,3,"מהר""ר יחיאל טראבוטו"
G0718,G,person,True,I_person_entry,7,249,1,7,0,5,"מהר""ר יעקב הלוי"
G0735,G,person,True,I_person_entry,7,13,4,7,0,9,"מהר""ר יעקב בן הגאון מהר""ר צבי"
G0755,G,person,True,I_person_entry,7,125,8,10,0,15,"מהר""י (יצחק) אברבאניל"
G0892,G,person,True,I_person_entry,7,174,4,4,0,7,"מהר""ר ישראל מברונא"
G0963,G,person,True,I_person_entry,7,160,2,5,0,0,"מהר""ם (מאיר) מלובלין"
G0995,G,person,True,I_person_entry,7,156,4,13,0,0,רבינו מנחם ן' זרח
G1042,G,person,True,I_person_entry,7,326,5,3,0,0,"הר""מ (משה) מאיבורא"
G1088,G,person,True,I_person_entry,7,39,2,4,0,2,"מהר""ר משה הלוי הנזיר"
G1185,G,person,True,I_person_entry,7,92,3,8,0,5,"מהר""ר נתן שפירא"
G1191,G,person,True,I_person_entry,7,273,5,3,0,0,רבינו נתנאל הקדוש
G1216,G,person,True,I_person_entry,7,217,4,3,0,8,"ר""ע (ר' עזריה) מאדומים"
G1274,G,person,True,I_person_entry,7,86,3,9,0,4,"מהר""ר רפאל מלובלין"
G1317,G,person,True,I_person_entry,7,95,7,6,0,0,רבינו שלמה ן' גבירול
G1341,G,person,True,I_person_entry,7,93,1,3,0,0,"מהר""ר שלמה סירילייו"
G1392,G,person,True,I_person_entry,7,138,2,4,0,0,רבי שמואל בן חפני גאון
G1415,G,person,True,I_person_entry,7,183,3,8,0,3,רבינו שמואל הסרדי
O0298,O,book,False,IV_book_external,7,209,1,6,0,1,חיים שאל
O0520,O,book,False,IV_book_external,7,161,6,2,0,0,מסכת חגיגה
O0535,O,book,False,IV_book_external,7,316,7,1,0,0,מסכת נדה
O0559,O,book,False,IV_book_external,7,277,6,0,0,0,מסכת תענית
O0748,O,book,False,IV_book_external,7,148,19,2,0,10,"פירוש המשנה למהר""א אזולאי"
O0998,O,person,False,II_person_external,7,103,6,9,0,2,רבי יהונתן גלאנטי
O1029,O,person,False,II_person_external,7,163,0,17,0,5,רבי יחיאל הלפרין
O1216,O,person,False,II_person_external,7,215,5,7,0,1,רבינו משה בן חנוך
O1403,O,book,False,IV_book_external,7,243,9,4,0,1,תוספות יומא
S0043,S,book,True,III_book_entry,7,117,13,5,0,2,אוצרות חיים
S0125,S,book,True,III_book_entry,7,24,13,4,0,7,אסור והתר הארוך
S0167,S,book,True,III_book_entry,7,72,3,4,0,4,באר יעקב
S0196,S,book,True,III_book_entry,7,169,4,6,0,12,בית דוד
S0252,S,book,True,III_book_entry,7,47,3,0,0,3,בעי חיי
S0276,S,book,True,III_book_entry,7,120,7,3,0,8,בשמים ראש
S0287,S,book,True,III_book_entry,7,74,3,1,0,4,גאוני בתראי
S0512,S,book,True,III_book_entry,7,41,7,6,0,7,ויכוח מים חיים
S0651,S,book,True,III_book_entry,7,226,7,1,0,3,חינוך
S0669,S,book,True,III_book_entry,7,235,7,11,0,1,ס' חסידים
S0729,S,book,True,III_book_entry,7,112,4,3,0,6,יבין שמועה
S0755,S,book,True,III_book_entry,7,60,4,1,0,5,ילקוט
S0783,S,book,True,III_book_entry,7,164,14,2,0,2,ס' יצירה
S0970,S,book,True,III_book_entry,7,108,2,6,0,7,מבוא שערים
S0992,S,book,True,III_book_entry,7,233,10,4,0,9,מגן אבות
S1089,S,book,True,III_book_entry,7,24,2,9,0,1,מנחת יהודה
S1092,S,book,True,III_book_entry,7,41,7,2,0,7,מנחת יעקב
S1170,S,book,True,III_book_entry,7,46,3,2,0,7,משאת משה
S1239,S,book,True,III_book_entry,7,360,15,5,0,0,נמוקי יוסף
S1291,S,book,True,III_book_entry,7,157,11,13,0,8,סופרים
S1390,S,book,True,III_book_entry,7,125,3,3,0,1,עמודי גולה
S1403,S,book,True,III_book_entry,7,247,4,2,0,9,עץ אבות
S1534,S,book,True,III_book_entry,7,42,4,2,0,4,פנים מאירות
S1553,S,book,True,III_book_entry,7,25,3,8,0,7,פענח רזא
S1561,S,book,True,III_book_entry,7,38,7,5,0,5,פרח שושן
S1758,S,book,True,III_book_entry,7,59,8,3,0,3,רב יוסף
S1811,S,book,True,III_book_entry,7,19,6,2,0,12,שבט מוסר
G0036,G,person,True,I_person_entry,6,57,5,6,0,2,מה' אברהם גאלאנטי
G0057,G,person,True,I_person_entry,6,10,0,8,0,17,"מהר""ר אברהם יחיאל פישל"
G0058,G,person,True,I_person_entry,6,44,4,1,0,11,"מהר""ר אברהם היכיני"
G0073,G,person,True,I_person_entry,6,123,9,4,0,10,"רבינו אברהם בנו של הרמב""ם"
G0075,G,person,True,I_person_entry,6,40,2,7,0,3,"הרב הגדול מהר""ר אברהם מוטאל"
G0121,G,person,True,I_person_entry,6,2,2,10,0,13,הרב המקובל החסיד מה' אהרן ברכיה ממודינא
G0186,G,person,True,I_person_entry,6,88,1,3,0,3,מה' אליעזר ן' ארחא
G0190,G,person,True,I_person_entry,6,38,7,7,0,1,רבינו אליעזר הגדול
G0243,G,person,True,I_person_entry,6,46,9,12,0,0,רבינו בחיי בר אשר מסרקסטא
G0349,G,person,True,I_person_entry,6,40,3,7,0,6,"מהר""ר דוד הכהן"
G0420,G,person,True,I_person_entry,6,163,16,7,0,1,"הר""ח (חיים) מאוסטרא"
G0489,G,person,True,I_person_entry,6,80,3,5,0,1,רב יהודאי גאון
G0549,G,person,True,I_person_entry,6,54,0,6,0,4,"הגאון מהר""ר יונתן"
G0616,G,person,True,I_person_entry,6,242,9,2,0,1,רבינו יוסף טוב עלם
G0628,G,person,True,I_person_entry,6,45,7,4,0,2,מה' יוסף הלוי נזיר
G0638,G,person,True,I_person_entry,6,39,5,8,0,3,מה' יוסף ן' עזרא
G0715,G,person,True,I_person_entry,6,37,2,14,0,11,"מהר""ר יעקב כולי"
G0758,G,person,True,I_person_entry,6,226,9,8,0,1,"רבינו יצחק בר אברהם משנ""ץ"
G0788,G,person,True,I_person_entry,6,64,3,5,0,2,"מהר""ר יצחק זרחיה"
G0806,G,person,True,I_person_entry,6,137,13,7,0,1,רבינו יצחק הלוי
G0834,G,person,True,I_person_entry,6,48,12,11,0,2,רבינו יצחק דמן עכו
G0850,G,person,True,I_person_entry,6,149,7,8,0,0,רבינו יצחק בר ראובן איל ברגלוני
G0900,G,person,True,I_person_entry,6,68,2,6,0,6,"מהר""ר ישראל בר מאיר די קוריאל"
G1022,G,person,True,I_person_entry,6,34,2,11,0,6,"מהר""ר מרדכי אצבאן"
G1031,G,person,True,I_person_entry,6,34,2,16,0,2,"מהר""ר מרדכי הלוי"
G1060,G,person,True,I_person_entry,6,277,5,4,0,0,"מהר""ר משה ן' דאנון"
G1122,G,person,True,I_person_entry,6,7,6,5,0,14,"מהר""ר משה קאזיס"
G1168,G,person,True,I_person_entry,6,33,3,6,0,5,"מהר""ר נפתלי כ""ץ"
G1183,G,person,True,I_person_entry,6,145,14,9,0,1,רבינו נתן בעל הערוך
G1196,G,person,True,I_person_entry,6,174,9,4,0,5,"מהר""ר סולימאן ן' אוחנא"
G1279,G,person,True,I_person_entry,6,35,1,10,0,14,"מהר""ר רפאל שלמה צרור"
G1302,G,person,True,I_person_entry,6,52,7,14,0,7,מה' שלום שכנא
G1319,G,person,True,I_person_entry,6,27,0,2,0,3,"מהר""ר שלמה ן' חסון"
G1329,G,person,True,I_person_entry,6,72,5,3,0,2,"מהר""ש הלוי"
G1330,G,person,True,I_person_entry,6,89,2,7,0,1,"מהר""ש הלוי הזקן"
G1365,G,person,True,I_person_entry,6,119,1,2,0,12,"מהר""ר שמואל אוזידא"
G1369,G,person,True,I_person_entry,6,185,2,2,0,2,"מהר""ר שמואל אלגאזי"
G1477,G,person,True,I_person_entry,6,80,8,5,0,7,"מהר""ר שעפטיל סג""ל"
O0018,O,book,False,IV_book_external,6,216,6,4,0,0,"אגרות הרמב""ם"
O0111,O,person,False,II_person_external,6,54,6,1,0,0,בעלי התוספות
O0501,O,book,False,IV_book_external,6,128,6,0,0,9,מסכת אבות
O0528,O,book,False,IV_book_external,6,95,6,0,0,0,מסכת כתובות
O0537,O,book,False,IV_book_external,6,248,7,1,0,0,מסכת נזיר
O0669,O,book,False,IV_book_external,6,96,6,10,0,1,ספר הרקח
O0725,O,book,False,IV_book_external,6,97,2,2,0,0,עין זוכר
O0909,O,person,False,II_person_external,6,55,10,8,0,3,רבי אברהם חיות (בן יצחק)
O0922,O,person,False,II_person_external,6,294,8,5,0,8,רבי אליעזר בן הורקנוס
O0968,O,person,False,II_person_external,6,125,5,4,0,5,רבי חייא
O1256,O,book,False,IV_book_external,6,95,10,2,0,1,"שאלות ותשובות הריב""ש"
O1281,O,book,False,IV_book_external,6,49,7,2,0,0,"שו""ת הרדב""ז"
O1292,O,book,False,IV_book_external,6,38,8,2,0,6,"שו""ת מבי""ט"
O1313,O,book,False,IV_book_external,6,62,3,2,0,0,"שו""ת מהרד""ך"
O1331,O,book,False,IV_book_external,6,16,5,0,0,4,שולחן ערוך חושן משפט
O1334,O,book,False,IV_book_external,6,143,1,5,0,8,שיורי ברכה
O1364,O,book,False,IV_book_external,6,108,3,3,0,2,שם הגדולים חלק ב (מערכת ספרים)
O1387,O,book,False,IV_book_external,6,297,0,7,0,0,שער יוסף
S0012,S,book,True,III_book_entry,6,20,3,0,0,10,אבק סופרים
S0055,S,book,True,III_book_entry,6,91,7,2,0,2,אור החמה
S0137,S,book,True,III_book_entry,6,2,0,2,0,5,ארזי הלבנון
S0149,S,book,True,III_book_entry,6,62,6,4,0,11,אשל אברהם
S0151,S,book,True,III_book_entry,6,49,7,2,0,0,"באור לטור א""ח וי""ד"
S0238,S,book,True,III_book_entry,6,37,5,5,0,5,בני חיי
S0246,S,book,True,III_book_entry,6,26,5,3,0,3,בני שמואל
S0373,S,book,True,III_book_entry,6,24,7,1,0,0,דעת זקנים
S0409,S,book,True,III_book_entry,6,200,7,6,0,0,הגהות אשרי
S0410,S,book,True,III_book_entry,6,81,6,1,0,6,"הגהות והשגות על הב""י"
S0451,S,book,True,III_book_entry,6,126,6,3,0,1,"הגהות ספר התשב""ץ"
S0539,S,book,True,III_book_entry,6,139,4,6,0,2,זהרי חמה
S0568,S,book,True,III_book_entry,6,4,3,0,0,16,זרע יצחק
S0758,S,book,True,III_book_entry,6,3,2,3,0,5,ילקוט חדש
S0778,S,book,True,III_book_entry,6,48,6,2,0,8,יפה מראה
S0787,S,book,True,III_book_entry,6,133,5,3,0,1,ס' יראים
S0805,S,book,True,III_book_entry,6,27,3,4,0,3,כהונת עולם
S0823,S,book,True,III_book_entry,6,109,9,2,0,6,כללי הגמרא
S0874,S,book,True,III_book_entry,6,52,8,3,0,0,כתר שם טוב
S0889,S,book,True,III_book_entry,6,22,11,2,0,7,לבוש
S0986,S,book,True,III_book_entry,6,64,3,5,0,5,מגלה עמוקות
S1055,S,book,True,III_book_entry,6,78,5,3,0,5,ס' המכריע
S1136,S,book,True,III_book_entry,6,158,11,1,0,14,"ס' המצות להרמב""ם"
S1149,S,book,True,III_book_entry,6,81,5,6,0,12,מקור חיים
S1249,S,book,True,III_book_entry,6,41,9,8,0,4,נקודות הכסף
S1357,S,book,True,III_book_entry,6,46,3,2,0,11,עזרת נשים
S1457,S,book,True,III_book_entry,6,119,6,1,0,2,פירוש הזהר
S1484,S,book,True,III_book_entry,6,130,5,2,0,5,"פירוש רש""י"
S1567,S,book,True,III_book_entry,6,176,4,1,0,4,פרי חדש
S1797,S,book,True,III_book_entry,6,42,6,3,0,4,"שו""ת הג""מ מאיר כ""ץ אבי הש""ך"
S1823,S,book,True,III_book_entry,6,148,4,6,0,0,שדה יהושע
S1890,S,book,True,III_book_entry,6,104,4,2,0,9,שער אפרים
S1895,S,book,True,III_book_entry,6,87,9,1,0,12,שער השמים
S1947,S,book,True,III_book_entry,6,78,12,4,0,3,תולדות אדם וחוה
S1956,S,book,True,III_book_entry,6,47,7,3,0,9,תוספות יום טוב
S1996,S,book,True,III_book_entry,6,75,8,0,0,11,תמורה
G0016,G,person,True,I_person_entry,5,14,3,9,0,2,"הרב החסיד המפורסם המקובל האלקי מהר""ר אברהם אזולאי"
G0024,G,person,True,I_person_entry,5,172,3,3,0,6,"מהר""ר אברהם ן' אשר"
G0065,G,person,True,I_person_entry,5,1,1,1,0,13,מ' אברהם הכהן פימינטיל
G0099,G,person,True,I_person_entry,5,26,3,7,0,10,"מהר""ר אברהם קונקי"
G0148,G,person,True,I_person_entry,5,138,4,3,0,1,רבינו אלחנן
G0209,G,person,True,I_person_entry,5,12,1,6,0,13,"הג""מ אלכסנדר סענדר שור"
G0231,G,person,True,I_person_entry,5,78,10,7,0,0,"רבינו אפרים תלמיד הרי""ף"
G0279,G,person,True,I_person_entry,5,181,9,10,0,1,רבינו ברוך (בן יצחק
G0387,G,person,True,I_person_entry,5,43,2,4,0,5,רבינו הלל בר אליקים
G0397,G,person,True,I_person_entry,5,53,3,2,0,4,"מהר""ר ולק"
G0430,G,person,True,I_person_entry,5,49,8,12,0,7,"מהר""ר חיים בר בצלאל"
G0465,G,person,True,I_person_entry,5,123,4,4,0,6,מה' חנניא אישפיריאל
G0557,G,person,True,I_person_entry,5,52,6,8,0,6,"מהר""ר יהושע צונצין"
G0558,G,person,True,I_person_entry,5,51,2,14,0,4,"מהר""ר יהושע"
G0564,G,person,True,I_person_entry,5,116,8,6,0,1,רבינו יואל בר יצחק הלוי
G0576,G,person,True,I_person_entry,5,30,6,8,0,7,"מהר""ר יונה"
G0600,G,person,True,I_person_entry,5,20,7,3,0,9,רבינו יוסף גיקיטיליא
G0624,G,person,True,I_person_entry,5,72,5,7,0,4,"מהר""ר יוסף כ""ץ"
G0644,G,person,True,I_person_entry,5,134,2,2,0,2,"הרב מהר""ר יוסף ן' צאייאח"
G0650,G,person,True,I_person_entry,5,167,9,12,0,10,"מהר""ר יוסף קורקוס"
G0656,G,person,True,I_person_entry,5,134,2,3,0,4,"הג""מ יוסף שטיינהארט"
G0665,G,person,True,I_person_entry,5,30,4,8,0,4,"הגאון מהר""ר יחזקאל סג""ל לאנדא"
G0683,G,person,True,I_person_entry,5,141,2,4,0,11,מה' יעקב אבואלעפיא
G0750,G,person,True,I_person_entry,5,24,1,4,0,16,"מהר""ר יעקב ששפורטש"
G0815,G,person,True,I_person_entry,5,174,6,5,0,1,"רבינו יצחק בר מאיר (ריב""ם"
G0849,G,person,True,I_person_entry,5,135,0,7,0,0,רבינו יצחק קאנפאנטון
G0875,G,person,True,I_person_entry,5,186,19,13,0,1,רבינו ישעיה אחרון
G0905,G,person,True,I_person_entry,5,142,5,2,0,2,"מהר""ר ישראל סרוק"
G0928,G,person,True,I_person_entry,5,27,9,10,0,1,דב לוי בן גרשום
G0942,G,person,True,I_person_entry,5,44,6,1,0,9,"מהר""ר ליב"
G0952,G,person,True,I_person_entry,5,149,2,3,0,3,מה' מאיר די בוטון
G1035,G,person,True,I_person_entry,5,132,1,1,0,3,"מהר""ר מרדכי קלעי"
G1049,G,person,True,I_person_entry,5,150,3,4,0,3,"מהר""ם (משה) אמארילייו"
G1058,G,person,True,I_person_entry,5,12,1,2,0,2,"מהר""ם גאלאנטי"
G1075,G,person,True,I_person_entry,5,147,0,2,0,6,"מהר""ם מטראני"
G1116,G,person,True,I_person_entry,5,55,0,4,0,5,"מהר""ר משה פרנקפורט"
G1119,G,person,True,I_person_entry,5,144,3,4,0,7,"מהר""ר משה מפרעמסלא"
G1160,G,person,True,I_person_entry,5,210,14,11,0,1,רב נסים גאון
G1217,G,person,True,I_person_entry,5,152,9,6,0,3,"מהר""ר עזריה יהושע"
G1220,G,person,True,I_person_entry,5,6,0,5,0,10,"מהר""ר עמנואל חי ריקי"
G1239,G,person,True,I_person_entry,5,163,7,5,0,1,רבינו פרץ
G1281,G,person,True,I_person_entry,5,163,4,5,0,8,רב
G1297,G,person,True,I_person_entry,5,142,4,6,0,2,"מהר""ר שבתי נאוואווי"
G1310,G,person,True,I_person_entry,5,67,5,5,0,6,"הרב החסיד מר קשישא מהר""ש אלגאזי"
G1342,G,person,True,I_person_entry,5,115,1,1,0,3,"מהר""ר שלמה עבדלה"
G1352,G,person,True,I_person_entry,5,18,1,8,0,10,"מהר""ר שלמה שלם"
G1396,G,person,True,I_person_entry,5,149,2,7,0,5,"מהר""ר שמואל יפה אשכנזי"
G1400,G,person,True,I_person_entry,5,54,4,4,0,4,"מהר""ר שמואל כ""ץ"
G1421,G,person,True,I_person_entry,5,59,3,2,0,3,"מהר""ר שמואל פרימו"
G1456,G,person,True,I_person_entry,5,115,4,3,0,6,"מהר""ר שמעון קאסטילאץ"
G1457,G,person,True,I_person_entry,5,199,11,3,0,0,רבינו שמעון קיירא
O0022,O,person,False,II_person_external,5,188,5,0,0,2,אדם הראשון
O0061,O,book,False,IV_book_external,5,34,12,6,0,5,באר שבע
O0113,O,book,False,IV_book_external,5,121,6,3,0,5,בראשית רבה
O0141,O,book,False,IV_book_external,5,17,8,1,0,2,דן ידין
O0148,O,book,False,IV_book_external,5,104,2,8,0,0,דרך תמים
O0177,O,book,False,IV_book_external,5,92,4,0,0,14,"הלכות הרי""ף (רב אלפס)"
O0194,O,person,False,II_person_external,5,133,2,4,0,4,המגיד של מרן הבית יוסף
O0304,O,book,False,IV_book_external,5,58,6,3,0,12,חמש מגילות
O0541,O,book,False,IV_book_external,5,179,5,1,0,0,מסכת עדיות
O0552,O,book,False,IV_book_external,5,180,3,0,0,0,מסכת ראש השנה
O0622,O,book,False,IV_book_external,5,48,6,2,0,15,סדר נזיקין
O0689,O,book,False,IV_book_external,5,90,10,1,0,3,ספר מישרים
O0710,O,book,False,IV_book_external,5,22,6,0,0,12,ספר שמות
O0847,O,book,False,IV_book_external,5,83,5,3,0,3,קונטרס עיגונא
O0918,O,person,False,II_person_external,5,99,8,13,0,11,רבי אליהו
O0931,O,person,False,II_person_external,5,180,5,3,0,0,רבי אלעזר בן פדת
O1039,O,person,False,II_person_external,5,56,5,3,0,4,רבי יעקב וייל
O1077,O,person,False,II_person_external,5,14,2,6,0,7,"רבי ישראל בן מהר""ש שכנא (בעל משאת משה)"
O1125,O,person,False,II_person_external,5,58,6,6,0,5,רבי נחוניא בן הקנה
O1130,O,person,False,II_person_external,5,158,0,7,0,4,רבי נתנאל וייל
O1171,O,person,False,II_person_external,5,58,4,2,0,2,רבי שמואל ויטאל
O1432,O,book,False,IV_book_external,5,233,8,3,0,1,"תוספות רי""ד"
O1454,O,book,False,IV_book_external,5,34,5,0,0,5,"תנ""ך"
S0016,S,book,True,III_book_entry,5,78,11,7,0,1,אגודה
S0057,S,book,True,III_book_entry,5,35,6,1,0,2,אור יקר
S0079,S,book,True,III_book_entry,5,35,7,8,0,7,אורח מישור
S0158,S,book,True,III_book_entry,5,54,6,1,0,0,"באור הרמב""ן"
S0290,S,book,True,III_book_entry,5,39,6,0,0,4,גבורת אנשים
S0298,S,book,True,III_book_entry,5,19,4,1,0,5,גדולי תרומה
S0349,S,book,True,III_book_entry,5,1,1,0,0,4,דברי חכמים
S0363,S,book,True,III_book_entry,5,165,6,7,0,3,דינא דחיי
S0439,S,book,True,III_book_entry,5,184,7,0,0,7,"הגהות מהרי""ח"
S0460,S,book,True,III_book_entry,5,81,1,8,0,0,הליכות אלי
S0461,S,book,True,III_book_entry,5,86,2,2,0,6,הליכות עולם
S0534,S,book,True,III_book_entry,5,89,2,3,0,2,זהר חדש
S0538,S,book,True,III_book_entry,5,119,7,2,0,0,זהר הרקיע
S0547,S,book,True,III_book_entry,5,79,2,3,0,4,זכרון יוסף
S0567,S,book,True,III_book_entry,5,53,1,8,0,0,זרע ברך
S0605,S,book,True,III_book_entry,5,58,5,1,0,7,חוט השני
S0621,S,book,True,III_book_entry,5,56,6,4,0,16,חידושי הלכות על רוב התלמוד
S0636,S,book,True,III_book_entry,5,236,11,0,0,0,"חידושים על מסכת תענית ועל הר""ן פ' בתרא דיומא"
S0674,S,book,True,III_book_entry,5,23,5,1,0,7,חק יוסף
S0675,S,book,True,III_book_entry,5,50,3,1,0,7,חק יעקב
S0691,S,book,True,III_book_entry,5,63,9,1,0,1,טהרות
S0770,S,book,True,III_book_entry,5,40,4,1,0,15,יסוד עולם
S0786,S,book,True,III_book_entry,5,108,7,1,0,6,ס' היראה
S0790,S,book,True,III_book_entry,5,122,8,6,0,2,ירח יקר
S0798,S,book,True,III_book_entry,5,42,5,2,0,11,ישרש יעקב
S0807,S,book,True,III_book_entry,5,42,9,3,0,2,כוונות
S0843,S,book,True,III_book_entry,5,98,5,4,0,2,כנפי יונה
S0870,S,book,True,III_book_entry,5,32,6,2,0,4,כתנות אור
S0980,S,book,True,III_book_entry,5,256,3,3,0,4,מגיד מישרים
S0982,S,book,True,III_book_entry,5,43,2,3,0,5,מגיד מראשית
S1022,S,book,True,III_book_entry,5,81,3,3,0,1,מחזור ויטרי
S1042,S,book,True,III_book_entry,5,55,3,1,0,9,מטפחת ספרים
S1097,S,book,True,III_book_entry,5,27,0,3,0,9,מנחת שי
S1143,S,book,True,III_book_entry,5,84,3,5,0,2,מקדש מלך
S1189,S,book,True,III_book_entry,5,40,8,2,0,3,משנה למלך
S1280,S,book,True,III_book_entry,5,113,1,4,0,4,סדרי טהרה
S1298,S,book,True,III_book_entry,5,38,3,0,0,7,סלת למנחה
S1356,S,book,True,III_book_entry,5,3,1,1,0,14,ס' העזר
S1417,S,book,True,III_book_entry,5,22,3,2,0,3,עצמות יוסף
S1427,S,book,True,III_book_entry,5,56,10,1,0,3,עשרת הדברות
S1492,S,book,True,III_book_entry,5,57,5,0,0,5,פירוש התורה
S1516,S,book,True,III_book_entry,5,59,6,5,0,5,פליאה
S1525,S,book,True,III_book_entry,5,23,4,2,0,0,פני יהושע
S1540,S,book,True,III_book_entry,5,130,8,1,0,5,פסיקתא רבתי
S1560,S,book,True,III_book_entry,5,27,3,1,0,3,פרח מטה אהרן
S1610,S,book,True,III_book_entry,5,51,4,1,0,12,צמח דוד
S1700,S,book,True,III_book_entry,5,139,2,7,0,8,קנה
S1793,S,book,True,III_book_entry,5,97,5,1,0,3,שאלות ותשובות
S1817,S,book,True,III_book_entry,5,50,1,1,0,0,שבעה עינים
S1838,S,book,True,III_book_entry,5,66,6,0,0,15,"שיטה על מס' ברכות עד""ה"
S1886,S,book,True,III_book_entry,5,81,3,0,0,15,שמש צדקה
S1926,S,book,True,III_book_entry,5,146,5,5,0,1,שרש ישי
S1970,S,book,True,III_book_entry,5,133,6,2,0,8,תורת האדם
S1974,S,book,True,III_book_entry,5,116,12,0,0,14,תורת הבית
S1982,S,book,True,III_book_entry,5,127,6,0,0,0,תורת הנזיר
G0014,G,person,True,I_person_entry,4,8,1,3,0,4,מה' אברהם אבלי מקאליש
G0039,G,person,True,I_person_entry,4,45,0,6,0,3,"מהר""ר אברהם גירון"
G0047,G,person,True,I_person_entry,4,28,1,2,0,2,הרב המקובל מה' אברהם חזקוני
G0053,G,person,True,I_person_entry,4,32,4,11,0,6,"מהר""ר אברהם טריויס צרפתי"
G0070,G,person,True,I_person_entry,4,31,0,7,0,7,"מהר""ר אברהם הלוי הורוויץ"
G0098,G,person,True,I_person_entry,4,11,1,4,0,11,מה' אברהם קארו
G0115,G,person,True,I_person_entry,4,1,4,3,0,14,ר' אדונים הלוי בן לברט
G0145,G,person,True,I_person_entry,4,133,18,11,0,1,רב אחאי
G0170,G,person,True,I_person_entry,4,6,4,4,0,2,"מהר""א הלוי"
G0208,G,person,True,I_person_entry,4,25,0,4,0,6,"הרב מהר""ר אלישע גאליקו"
G0211,G,person,True,I_person_entry,4,50,5,6,0,4,"מהר""ר אלעזר"
G0227,G,person,True,I_person_entry,4,103,2,5,0,11,"מהר""ר אפרים נבון"
G0237,G,person,True,I_person_entry,4,26,12,6,0,1,רבינו אשר מלוניל
G0261,G,person,True,I_person_entry,4,45,0,5,0,6,הרב בנימן מוטאל
G0289,G,person,True,I_person_entry,4,8,4,10,0,4,"מהר""ר ברזילי יעבץ"
G0290,G,person,True,I_person_entry,4,21,0,6,0,9,"מהר""ר ברכיה"
G0324,G,person,True,I_person_entry,4,135,7,4,0,10,רבינו דוד
G0368,G,person,True,I_person_entry,4,40,1,4,0,0,מה' דוד קורינאלדי
G0413,G,person,True,I_person_entry,4,51,1,8,0,1,רבינו חושיאל
G0417,G,person,True,I_person_entry,4,118,0,2,0,3,"מהר""ר חיים אבואלעפיא בכ""ר דוד"
G0459,G,person,True,I_person_entry,4,24,4,9,0,1,רבינו חנוך הספרדי
G0469,G,person,True,I_person_entry,4,27,4,6,0,14,מה' חנניה קאזיס
G0477,G,person,True,I_person_entry,4,14,4,8,0,1,רבינו טוביהו בר' אליעזר
G0492,G,person,True,I_person_entry,4,109,2,4,0,0,"מהר""ר יהודה אלגאזי"
G0502,G,person,True,I_person_entry,4,99,6,4,0,1,"רבינו יהודה ב""ר בנימן הרופא"
G0503,G,person,True,I_person_entry,4,42,5,6,0,0,רבינו יהודה בן ברזילי אלברצלוני
G0514,G,person,True,I_person_entry,4,25,2,4,0,10,"מהר""ר יהודה הכהן"
G0526,G,person,True,I_person_entry,4,117,4,3,0,9,"מהר""ר יהודה מינץ"
G0542,G,person,True,I_person_entry,4,84,5,10,0,1,רבינו יהודה בר קלונימוס
G0567,G,person,True,I_person_entry,4,74,3,8,0,4,"מהר""ר יוזפא כ""ץ"
G0584,G,person,True,I_person_entry,4,4,2,1,0,11,"מהר""ר יונה תאומים"
G0601,G,person,True,I_person_entry,4,2,0,0,0,0,מה' יוסף ן' גליל
G0606,G,person,True,I_person_entry,4,19,2,3,0,4,"מהר""ר יוסף ואשיר טרילינגען"
G0610,G,person,True,I_person_entry,4,37,0,3,0,12,"מהר""ר יוסף חזן"
G0636,G,person,True,I_person_entry,4,93,2,7,0,2,"מהר""ר יוסף סאמיגה"
G0647,G,person,True,I_person_entry,4,17,3,3,0,3,"מ""ר יוסף קובו"
G0670,G,person,True,I_person_entry,4,45,5,8,0,3,מה' יחיאל באסן
G0691,G,person,True,I_person_entry,4,62,0,3,0,3,"מהר""ר יעקב די בוטון"
G0709,G,person,True,I_person_entry,4,148,2,4,0,1,רבינו יעקב בר יקר
G0724,G,person,True,I_person_entry,4,150,1,1,0,2,"מהר""ר יעקב מולכו"
G0728,G,person,True,I_person_entry,4,12,1,2,0,3,"מהר""ר יעקב ן' נעים"
G0730,G,person,True,I_person_entry,4,123,0,6,0,10,רבי יעקב בן עכסאי
G0731,G,person,True,I_person_entry,4,44,4,8,0,7,"מהר""ר יעקב פולאק"
G0734,G,person,True,I_person_entry,4,190,4,7,0,2,"מהר""ר יעקב פראגי"
G0737,G,person,True,I_person_entry,4,9,3,3,0,13,"מהר""ר יעקב ן' צור"
G0759,G,person,True,I_person_entry,4,32,2,4,0,3,"מהר""ר יצחק אדרבי"
G0767,G,person,True,I_person_entry,4,47,1,1,0,3,"מהר""ר יצחק אלפנדארי"
G0799,G,person,True,I_person_entry,4,29,2,6,0,15,רבינו יצחק הישראלי
G0857,G,person,True,I_person_entry,4,5,2,2,0,3,"מהר""ר יצחק ן' שנגי"
G0931,G,person,True,I_person_entry,4,39,1,14,0,15,"מהר""ר לוי"
G0957,G,person,True,I_person_entry,4,185,7,7,0,1,רבינו מאיר
G0960,G,person,True,I_person_entry,4,130,6,3,0,1,רבינו מאיר הכהן
G0981,G,person,True,I_person_entry,4,17,4,8,0,4,"מהר""ר מיוחס במ' שמואל"
G0992,G,person,True,I_person_entry,4,17,4,16,0,1,רבינו מנוח
G1028,G,person,True,I_person_entry,4,48,2,5,0,3,"(מהר""ם) מרדכי מטאלון"
G1082,G,person,True,I_person_entry,4,17,3,1,0,7,"מהר""ר משה ישראל"
G1123,G,person,True,I_person_entry,4,42,5,2,0,6,"מהר""ר משה קאפסאלי"
G1142,G,person,True,I_person_entry,4,32,7,4,0,1,רבינו משלם
G1153,G,person,True,I_person_entry,4,85,2,5,0,5,"מהר""ר נחום"
G1184,G,person,True,I_person_entry,4,17,0,2,0,7,"מהר""ר נתן שפירא"
G1190,G,person,True,I_person_entry,4,24,4,4,0,3,"הגאון כמה""ר נתנאל"
G1204,G,person,True,I_person_entry,4,16,5,10,0,9,רבינו עובדיה
G1208,G,person,True,I_person_entry,4,82,1,4,0,0,רבינו עזרא ורבינו עזריאל
G1209,G,person,True,I_person_entry,4,25,2,10,0,13,"מהר""ר עזרא מלכי"
G1218,G,person,True,I_person_entry,4,120,2,4,0,5,"מהר""ר עזריה פיגו"
G1244,G,person,True,I_person_entry,4,3,1,4,0,2,"מהר""ר צבי סג""ל הורוויץ"
G1247,G,person,True,I_person_entry,4,27,2,4,0,4,"מהר""ר צבי"
G1256,G,person,True,I_person_entry,4,24,2,7,0,4,הרב קויפמן
G1326,G,person,True,I_person_entry,4,49,1,33,0,17,"מהר""ר שלמה"
G1367,G,person,True,I_person_entry,4,8,1,2,0,16,"מהר""ר שמואל אידלש"
G1401,G,person,True,I_person_entry,4,4,3,10,0,15,"מהר""ש לאנייאדו"
G1413,G,person,True,I_person_entry,4,51,6,6,0,1,רבינו שמואל הנגיד
G1423,G,person,True,I_person_entry,4,163,1,7,0,0,"מהר""ש צרפתי"
G1425,G,person,True,I_person_entry,4,140,2,2,0,6,מה' שמואל קלעי
G1426,G,person,True,I_person_entry,4,15,1,2,0,7,"מהר""ר שמואל קמחי"
G1428,G,person,True,I_person_entry,4,26,0,5,0,6,"מהר""ר שמואל שטיין כ""ץ"
G1435,G,person,True,I_person_entry,4,45,8,10,0,2,"מהר""ר שמואל שער אריה"
G1441,G,person,True,I_person_entry,4,22,0,4,0,3,"מהר""ר שמחה הכהן"
G1447,G,person,True,I_person_entry,4,57,7,5,0,1,רבינו שמעון הגדול
G1466,G,person,True,I_person_entry,4,12,0,6,0,2,"מהר""ר שמשון מאסטראפולי"
G1475,G,person,True,I_person_entry,4,108,19,8,0,1,רבינו שמשון מקינון
O0073,O,person,False,II_person_external,4,125,7,1,0,0,בית שמאי
O0128,O,book,False,IV_book_external,4,16,2,3,0,0,"גמרא פירוש רש""י ותוספות"
O0151,O,book,False,IV_book_external,4,88,3,0,0,3,"דרשות מהרי""ט"
O0232,O,book,False,IV_book_external,4,22,1,4,0,1,ועד לחכמים
O0302,O,book,False,IV_book_external,4,33,5,1,0,8,חלק ב' (הפניה כללית — 'חלק ב'')
O0320,O,book,False,IV_book_external,4,31,4,1,0,3,טור חושן משפט
O0344,O,person,False,II_person_external,4,100,0,3,0,8,יצחק (שם התנאים/אמוראים)
O0398,O,book,False,IV_book_external,4,6,4,1,0,5,מגילת איכה
O0407,O,book,False,IV_book_external,4,30,4,1,0,4,מגיני ארץ
O0447,O,person,False,II_person_external,4,23,2,6,0,4,"מהר""ר דוד"
O0455,O,person,False,II_person_external,4,76,1,4,0,16,"מהר""ר יעקב (אבי מהר""ר העשל)"
O0530,O,book,False,IV_book_external,4,111,6,0,0,1,מסכת מדות
O0556,O,book,False,IV_book_external,4,132,7,2,0,8,מסכת שמחות
O0557,O,book,False,IV_book_external,4,134,4,0,0,0,מסכת שקלים
O0564,O,book,False,IV_book_external,4,50,2,0,0,3,"מערכת יו""ד (שם הגדולים)"
O0620,O,book,False,IV_book_external,4,74,4,2,0,5,סדר זרעים
O0635,O,book,False,IV_book_external,4,17,2,5,0,7,"ספר בכתב יד (כ""י)"
O0639,O,book,False,IV_book_external,4,26,4,0,0,5,ספר דברים
O0662,O,book,False,IV_book_external,4,110,12,2,0,3,ספר העיטור
O0674,O,book,False,IV_book_external,4,81,3,0,0,10,"ספר זרעים (משנה תורה להרמב""ם)"
O0692,O,book,False,IV_book_external,4,123,0,4,0,0,ספר מעשה רוקח על המשניות
O0695,O,book,False,IV_book_external,4,34,3,1,0,1,ספר מצוות קטן
O0707,O,book,False,IV_book_external,4,62,2,4,0,1,ספר רוקח
O0708,O,book,False,IV_book_external,4,94,2,2,0,12,"ספר שבחי האר""י"
O0720,O,person,False,II_person_external,4,120,5,4,0,9,עזרא הסופר
O0774,O,book,False,IV_book_external,4,118,3,2,0,8,פני דוד
O0853,O,person,False,II_person_external,4,93,4,3,0,8,קין
O0869,O,person,False,II_person_external,4,117,4,3,0,0,רב אשי
O0888,O,person,False,II_person_external,4,108,6,2,0,1,רבא
O0963,O,person,False,II_person_external,4,138,7,3,0,5,רבי הושעיא רבה
O0973,O,person,False,II_person_external,4,22,2,6,0,13,רבי חיים בעל תורת חיים (מחבר תורת חיים וצאן קדשים)
O0975,O,person,False,II_person_external,4,62,1,8,0,0,רבי חיים יוסף דוד אזולאי
O0984,O,person,False,II_person_external,4,216,7,2,0,5,רבי יהודה (חבר הזוהר)
O0985,O,person,False,II_person_external,4,65,1,2,0,3,רבי יהודה (רבו של בעל שבלי הלקט)
O0990,O,person,False,II_person_external,4,124,3,2,0,0,רבי יהודה בר אלעאי
O0999,O,person,False,II_person_external,4,142,1,10,0,1,רבי יהושע בועז בן שמעון ברוך
O1002,O,person,False,II_person_external,4,204,4,4,0,8,רבי יהושע בן חנניה
O1011,O,person,False,II_person_external,4,140,4,3,0,8,רבי יוחנן בן זכאי
O1036,O,person,False,II_person_external,4,62,2,6,0,3,רבי יעקב בן נעים
O1055,O,person,False,II_person_external,4,111,4,9,0,7,רבי יצחק הכהן
O1062,O,person,False,II_person_external,4,25,1,5,0,15,רבי יצחק עראמה
O1083,O,person,False,II_person_external,4,126,5,3,0,8,רבי מאיר
O1108,O,person,False,II_person_external,4,25,3,2,0,4,רבי משה בן יצחק יהודה לימא
O1115,O,person,False,II_person_external,4,58,6,5,0,2,רבי משה ויטאל
O1128,O,person,False,II_person_external,4,38,1,3,0,5,רבי נתן
O1131,O,person,False,II_person_external,4,128,2,4,0,3,רבי נתנאל טראבוטו
O1134,O,person,False,II_person_external,4,110,9,4,0,8,רבי עקיבא בן יוסף
O1152,O,person,False,II_person_external,4,51,2,1,0,0,"רבי שלמה בן שמעון דוראן (הרשב""ש)"
O1189,O,person,False,II_person_external,4,4,1,0,0,0,רבינו אברהם אב בית דין
O1190,O,person,False,II_person_external,4,108,3,2,0,0,"רבינו אברהם בן דוד (הראב""ד)"
O1305,O,book,False,IV_book_external,4,101,3,2,0,1,"שו""ת מהר""ם מרוטנבורג (דפוס פראג)"
O1307,O,book,False,IV_book_external,4,73,3,3,0,1,"שו""ת מהר""ם מרוטנבורג (הקצרות)"
O1347,O,book,False,IV_book_external,4,72,1,4,0,4,שיירי כנסת הגדולה אורח חיים
O1355,O,book,False,IV_book_external,4,27,3,0,0,1,שם הגדולים (חלק ב')
O1371,O,book,False,IV_book_external,4,109,5,4,0,2,שמונה שערים
O1401,O,book,False,IV_book_external,4,202,10,1,0,1,תוספות טוך
O1474,O,book,False,IV_book_external,4,85,2,4,0,1,"תשובות מהר""ם מרוטנבורג (דפוס פראג)"
S0004,S,book,True,III_book_entry,4,52,6,1,0,1,"אב""י העזרי"
S0022,S,book,True,III_book_entry,4,44,4,2,0,2,"אגרות הרמ""ז"
S0045,S,book,True,III_book_entry,4,63,4,6,0,2,אור הגנוז
S0047,S,book,True,III_book_entry,4,152,4,1,0,0,אור זרוע
S0052,S,book,True,III_book_entry,4,25,3,7,0,4,אור חדש
S0081,S,book,True,III_book_entry,4,29,2,3,0,18,אורים גדולים
S0091,S,book,True,III_book_entry,4,68,3,2,0,7,אליה זוטא
S0094,S,book,True,III_book_entry,4,39,2,0,0,2,אלימה
S0134,S,book,True,III_book_entry,4,0,0,0,0,17,ארבעה חרשים
S0154,S,book,True,III_book_entry,4,54,4,2,0,10,"באור על פירש""י"
S0236,S,book,True,III_book_entry,4,59,3,5,0,3,בני אהרן
S0243,S,book,True,III_book_entry,4,45,4,2,0,3,בני יעקב
S0247,S,book,True,III_book_entry,4,85,3,1,0,6,בנימן זאב
S0255,S,book,True,III_book_entry,4,0,0,0,0,6,ברוך שאמר
S0273,S,book,True,III_book_entry,4,4,2,4,0,5,ברכת ה
S0280,S,book,True,III_book_entry,4,153,8,3,0,0,ס' הבתים
S0288,S,book,True,III_book_entry,4,39,2,2,0,2,גבול בנימן
S0295,S,book,True,III_book_entry,4,52,5,0,0,7,גבעת המורה
S0341,S,book,True,III_book_entry,4,14,3,0,0,3,דבר משה
S0389,S,book,True,III_book_entry,4,136,2,2,0,10,דרך המלך
S0502,S,book,True,III_book_entry,4,13,5,1,0,7,ווי העמודים
S0540,S,book,True,III_book_entry,4,15,4,2,0,6,זובח תודה
S0548,S,book,True,III_book_entry,4,10,3,0,0,4,זכרון יעקב
S0555,S,book,True,III_book_entry,4,36,2,2,0,6,זקן אהרן
S0564,S,book,True,III_book_entry,4,69,1,2,0,8,זרע אברהם
S0571,S,book,True,III_book_entry,4,0,0,0,0,9,זרע שמשון
S0574,S,book,True,III_book_entry,4,73,2,2,0,3,חבור על רבינו ירוחם
S0611,S,book,True,III_book_entry,4,42,9,3,0,3,חזה תנופה
S0615,S,book,True,III_book_entry,4,41,2,6,0,2,חזיונות
S0634,S,book,True,III_book_entry,4,128,7,0,0,0,חידושים על מסכת שבת
S0664,S,book,True,III_book_entry,4,22,5,0,0,11,חנן אלהים
S0689,S,book,True,III_book_entry,4,1,1,0,0,12,חשק שלמה
S0704,S,book,True,III_book_entry,4,107,2,0,0,7,טורי אבן
S0762,S,book,True,III_book_entry,4,24,2,1,0,5,ילקוט ראובני
S0792,S,book,True,III_book_entry,4,72,3,0,0,7,יש נוחלין
S0831,S,book,True,III_book_entry,4,4,1,0,0,0,"כללי הש""ס"
S0856,S,book,True,III_book_entry,4,160,4,4,0,14,כפתור ופרח
S0859,S,book,True,III_book_entry,4,15,2,2,0,3,כרם שלמה
S0910,S,book,True,III_book_entry,4,37,2,2,0,4,לחם הפנים
S0954,S,book,True,III_book_entry,4,54,0,2,0,2,מאורי אור
S1004,S,book,True,III_book_entry,4,46,3,0,0,12,מדרש אליהו
S1014,S,book,True,III_book_entry,4,115,3,0,0,3,מוצל מאש
S1038,S,book,True,III_book_entry,4,30,3,0,0,2,מטה יוסף
S1050,S,book,True,III_book_entry,4,93,4,1,0,4,מים חיים
S1106,S,book,True,III_book_entry,4,55,4,3,0,7,מעדני מלך לחם חמודות
S1116,S,book,True,III_book_entry,4,0,0,0,0,2,מעין חכמה
S1154,S,book,True,III_book_entry,4,49,3,5,0,3,מקרא סופרים
S1166,S,book,True,III_book_entry,4,91,3,3,0,2,מרכבת המשנה
S1180,S,book,True,III_book_entry,4,84,4,0,0,3,משכנות יעקב
S1192,S,book,True,III_book_entry,4,62,4,1,0,2,משנת חכמים
S1193,S,book,True,III_book_entry,4,12,3,3,0,10,משנת חסידים
S1218,S,book,True,III_book_entry,4,34,9,6,0,2,נוף עץ החיים
S1232,S,book,True,III_book_entry,4,37,4,0,0,4,נחלת שבעה
S1237,S,book,True,III_book_entry,4,96,3,1,0,1,ספר נייר
S1240,S,book,True,III_book_entry,4,108,3,1,0,0,נמוקי שמואל
S1264,S,book,True,III_book_entry,4,33,2,0,0,3,סדר אליהו
S1266,S,book,True,III_book_entry,4,65,5,12,0,5,סדר אליהו רבא וסדר אליהו זוטא
S1340,S,book,True,III_book_entry,4,63,3,4,0,3,עדות ביעקב
S1346,S,book,True,III_book_entry,4,7,2,0,0,7,עוללות אפרים
S1354,S,book,True,III_book_entry,4,150,1,3,0,0,עומר השכחה
S1364,S,book,True,III_book_entry,4,1,0,1,0,4,עטרת זקנים
S1384,S,book,True,III_book_entry,4,8,2,1,0,4,עיר מקלט
S1398,S,book,True,III_book_entry,4,145,3,0,0,2,עמק המלך
S1401,S,book,True,III_book_entry,4,50,1,2,0,2,עסיס רמונים
S1470,S,book,True,III_book_entry,4,143,8,3,0,2,פירוש המשניות
S1477,S,book,True,III_book_entry,4,21,5,2,0,3,פירוש על העטור
S1480,S,book,True,III_book_entry,4,1,2,0,0,2,פירוש פרק שירה
S1524,S,book,True,III_book_entry,4,102,3,1,0,4,פני יהושע
S1533,S,book,True,III_book_entry,4,53,2,1,0,15,פנים חדשות
S1552,S,book,True,III_book_entry,4,139,3,2,0,7,פסקים וכתבים
S1556,S,book,True,III_book_entry,4,48,2,3,0,0,ס' הפרדס
S1559,S,book,True,III_book_entry,4,13,0,1,0,5,פרח לבנון ונחל איתן
S1570,S,book,True,III_book_entry,4,48,3,2,0,2,פרי עץ חיים
S1577,S,book,True,III_book_entry,4,3,2,0,0,6,פרק שירה
S1606,S,book,True,III_book_entry,4,18,1,3,0,2,ציוני
S1620,S,book,True,III_book_entry,4,1,3,0,0,13,צפנת פענח
S1630,S,book,True,III_book_entry,4,14,3,2,0,16,קב הישר
S1638,S,book,True,III_book_entry,4,4,1,0,0,6,קהלת יעקב
S1642,S,book,True,III_book_entry,4,50,0,2,0,3,קול בן לוי
S1696,S,book,True,III_book_entry,4,113,3,1,0,11,קלורית לעין
S1699,S,book,True,III_book_entry,4,16,1,1,0,14,קנאת סופרים
S1732,S,book,True,III_book_entry,4,32,3,1,0,4,קרבן נתנאל
S1745,S,book,True,III_book_entry,4,20,1,3,0,2,קרנים
S1746,S,book,True,III_book_entry,4,28,1,0,0,9,קשורים ליעקב
S1761,S,book,True,III_book_entry,4,4,1,1,0,5,רבה או רבות
S1787,S,book,True,III_book_entry,4,157,2,3,0,2,רעיא מהימנא
S1791,S,book,True,III_book_entry,4,88,2,1,0,9,"שאילת יעב""ץ"
S1825,S,book,True,III_book_entry,4,38,4,3,0,7,שודא דדייני
S1852,S,book,True,III_book_entry,4,46,12,2,0,4,שיתא סדרי משנה
S1885,S,book,True,III_book_entry,4,10,1,0,0,5,שמע שלמה
S1888,S,book,True,III_book_entry,4,12,1,4,0,12,שנות חיים
S1905,S,book,True,III_book_entry,4,27,3,0,0,2,שערי ישועה
S1919,S,book,True,III_book_entry,4,54,5,7,0,4,שפתי דעת
S1953,S,book,True,III_book_entry,4,185,0,3,0,0,תוספות
S1962,S,book,True,III_book_entry,4,112,1,3,0,4,תוספת שבת
S1964,S,book,True,III_book_entry,4,22,3,3,0,2,תוצאות חיים
S2003,S,book,True,III_book_entry,4,203,5,1,0,8,תנחומא
S2005,S,book,True,III_book_entry,4,61,3,12,0,5,תניא
S2030,S,book,True,III_book_entry,4,67,5,5,0,10,תרגום על דברי הימים
S2033,S,book,True,III_book_entry,4,8,3,1,0,3,ס' התרומות
S2034,S,book,True,III_book_entry,4,53,8,0,0,7,תרומת הדשן
G0003,G,person,True,I_person_entry,3,68,1,2,0,0,"רבינו אבא מרי ב""ר יוסף"
G0007,G,person,True,I_person_entry,3,31,0,2,0,9,"מהר""ר אבי עד שר שלום באזילה"
G0018,G,person,True,I_person_entry,3,6,2,5,0,3,"מהר""ר אברהם אליגרי"
G0044,G,person,True,I_person_entry,3,165,1,3,0,1,"מהר""ר אברהם זכות"
G0049,G,person,True,I_person_entry,3,5,0,2,0,6,הרב אברהם חיון
G0052,G,person,True,I_person_entry,3,18,5,7,0,16,"מהר""ר אברהם טייב"
G0080,G,person,True,I_person_entry,3,11,0,4,0,2,"מהר""ר אברהם ן' מוסה"
G0087,G,person,True,I_person_entry,3,12,1,1,0,6,"מהר""ר אברהם סכנדרי"
G0103,G,person,True,I_person_entry,3,52,1,2,0,2,"מהר""א (אברהם) רוויגו"
G0104,G,person,True,I_person_entry,3,22,3,10,0,3,"מהר""ר אברהם רוזאניס"
G0108,G,person,True,I_person_entry,3,11,0,0,0,10,הרב אברהם הכהן רפאפורט
G0124,G,person,True,I_person_entry,3,63,1,4,0,2,הרב אהרן חיון
G0141,G,person,True,I_person_entry,3,6,0,2,0,4,"מהר""ר אהרן תאומים"
G0151,G,person,True,I_person_entry,3,35,0,6,0,3,"מהר""ר אליהו אלפאנדרי"
G0159,G,person,True,I_person_entry,3,93,2,5,0,0,רבינו אליהו הזקן
G0165,G,person,True,I_person_entry,3,32,1,2,0,7,"מהר""ר אליהו ישראל"
G0180,G,person,True,I_person_entry,3,34,2,3,0,2,"מהר""ר אליהו קובו"
G0188,G,person,True,I_person_entry,3,37,2,5,0,11,"מהר""ר אליעזר"
G0193,G,person,True,I_person_entry,3,155,0,6,0,1,רבינו אליעזר מטוך
G0202,G,person,True,I_person_entry,3,19,3,6,0,3,"מהר""ר אליעזר ן' שנגי"
G0204,G,person,True,I_person_entry,3,101,3,2,0,1,רבינו אליקים בר יוסף
G0230,G,person,True,I_person_entry,3,44,0,3,0,1,רבינו אפרים בר שמשון
G0242,G,person,True,I_person_entry,3,80,4,1,0,0,רבינו בחיי
G0249,G,person,True,I_person_entry,3,26,0,7,0,12,מה' בנימן איספינוזא
G0252,G,person,True,I_person_entry,3,37,1,2,0,6,מ' בנימן זאבי
G0265,G,person,True,I_person_entry,3,7,1,3,0,1,"מהר""ר בנימן קאזיס"
G0332,G,person,True,I_person_entry,3,12,0,4,0,4,מה' דוד גרינהוט
G0346,G,person,True,I_person_entry,3,44,4,4,0,2,"הרב החסיד מהר""ר דוד יצחקי"
G0348,G,person,True,I_person_entry,3,29,2,2,0,2,"מהר""ר דוד הכהן"
G0367,G,person,True,I_person_entry,3,117,0,0,0,1,מה' דוד קונפורטי
G0377,G,person,True,I_person_entry,3,10,0,1,0,3,"מהר""ר דניאל איסטרומסה"
G0383,G,person,True,I_person_entry,3,19,2,1,0,16,"מהר""ר הירש"
G0414,G,person,True,I_person_entry,3,66,4,4,0,2,"מהר""ר חזקיה"
G0418,G,person,True,I_person_entry,3,59,3,2,0,11,"מהר""ר חיים אבואלעפיא הזקן"
G0422,G,person,True,I_person_entry,3,116,4,3,0,6,"מהר""ר חיים אלגאזי"
G0432,G,person,True,I_person_entry,3,84,4,4,0,6,רבינו חיים בן דוד
G0436,G,person,True,I_person_entry,3,12,0,2,0,12,"מהר""ר חיים חזן"
G0451,G,person,True,I_person_entry,3,137,1,3,0,1,"הרב חיים בכ""ר משה ן' חביב"
G0481,G,person,True,I_person_entry,3,7,1,3,0,18,רבינו טודרוס
G0496,G,person,True,I_person_entry,3,27,2,6,0,4,מה' יהודה אשכנזי
G0513,G,person,True,I_person_entry,3,62,1,2,0,0,רבינו יהודה בר יקר
G0520,G,person,True,I_person_entry,3,9,1,0,0,3,"מהר""ר יהודה לירמא"
G0536,G,person,True,I_person_entry,3,4,0,2,0,13,"מהר""ר יהודה ן' עטר"
G0546,G,person,True,I_person_entry,3,54,5,8,0,8,"מהר""ר יהודה שאראף"
G0550,G,person,True,I_person_entry,3,126,1,1,0,0,רבינו יהונתן הכהן
G0551,G,person,True,I_person_entry,3,110,1,5,0,10,"מהר""ר יהוסף קונקי"
G0561,G,person,True,I_person_entry,3,8,0,1,0,0,"מהר""ר יהושע שפירא"
G0635,G,person,True,I_person_entry,3,42,0,3,0,0,"מהר""ר יוסף ן' סאמון"
G0674,G,person,True,I_person_entry,3,32,0,4,0,8,הרב יחיאל מיכל
G0681,G,person,True,I_person_entry,3,118,0,2,0,6,מה' יחיאל קאסטילאץ
G0693,G,person,True,I_person_entry,3,24,4,8,0,4,מה' יעקב ברלין
G0713,G,person,True,I_person_entry,3,8,0,2,0,4,"מהר""ר יעקב כ""ץ"
G0723,G,person,True,I_person_entry,3,16,3,3,0,2,"מהר""ר יעקב מאראגי"
G0736,G,person,True,I_person_entry,3,15,2,5,0,4,"מהר""ר יעקב"
G0742,G,person,True,I_person_entry,3,46,2,1,0,10,"מהר""י (יעקב) שאול"
G0749,G,person,True,I_person_entry,3,15,1,3,0,3,"מהר""ר יעקב ששון"
G0756,G,person,True,I_person_entry,3,50,5,4,0,0,"רבינו יצחק בן הראב""ד"
G0766,G,person,True,I_person_entry,3,79,2,3,0,8,רבינו יצחק
G0781,G,person,True,I_person_entry,3,45,0,7,0,9,"מהר""י (יצחק) בכר דוד"
G0783,G,person,True,I_person_entry,3,153,1,2,0,1,רבינו יצחק מדופירא
G0798,G,person,True,I_person_entry,3,14,1,3,0,2,"הרב מהר""ר יצחק יצחקי"
G0808,G,person,True,I_person_entry,3,121,1,2,0,3,"מהר""ר יצחק הלוי"
G0810,G,person,True,I_person_entry,3,110,0,3,0,2,"מהר""ר יצחק לוי ואלי"
G0817,G,person,True,I_person_entry,3,113,2,11,0,8,מה' יצחק די מולינא
G0818,G,person,True,I_person_entry,3,7,2,5,0,1,רבינו יצחק בר מלכי צדק
G0832,G,person,True,I_person_entry,3,13,3,4,0,1,רבינו יצחק מסימפונט
G0870,G,person,True,I_person_entry,3,0,1,2,0,2,"הגאון מהר""ר ישמעאל הכהן"
G0872,G,person,True,I_person_entry,3,17,2,3,0,2,"הג""מ ישעיה באסן"
G0936,G,person,True,I_person_entry,3,17,1,3,0,7,"הג""מ ליב"
G0940,G,person,True,I_person_entry,3,8,0,1,0,4,"מהר""ר ליב פוחאוויצר"
G0971,G,person,True,I_person_entry,3,16,1,0,0,15,מה' מאיר עראמה
G0982,G,person,True,I_person_entry,3,76,1,6,0,10,רבינו מיימון
G0986,G,person,True,I_person_entry,3,54,2,4,0,1,"הג""מ מיכאל הכהן"
G1008,G,person,True,I_person_entry,3,11,1,3,0,14,"מהר""ר מנחם קאזיס"
G1052,G,person,True,I_person_entry,3,11,3,2,0,0,"מהר""ר משה בנבנשת"
G1095,G,person,True,I_person_entry,3,29,1,3,0,11,"מהר""ר משה מזרחי"
G1100,G,person,True,I_person_entry,3,149,1,1,0,7,"מהר""ם מינץ"
G1109,G,person,True,I_person_entry,3,8,0,2,0,6,"מהר""ם ניגרין"
G1131,G,person,True,I_person_entry,3,33,0,2,0,2,"מהר""ר משה שלטון"
G1137,G,person,True,I_person_entry,3,16,1,2,0,10,הרב ר' משה תבון
G1174,G,person,True,I_person_entry,3,60,2,1,0,3,"מהר""ר נתן גוטה"
G1189,G,person,True,I_person_entry,3,9,4,8,0,4,"מהר""ר נתנאל ווייל אשכנזי"
G1221,G,person,True,I_person_entry,3,12,1,4,0,5,ר' עמנואל
G1226,G,person,True,I_person_entry,3,65,4,3,0,4,"מהר""ר פאלק"
G1235,G,person,True,I_person_entry,3,64,3,3,0,0,רבינו פנחס הלוי
G1261,G,person,True,I_person_entry,3,32,4,13,0,5,ר' קנה ן' אביגדור
G1284,G,person,True,I_person_entry,3,86,2,2,0,0,רבינו הגדול
G1287,G,person,True,I_person_entry,3,18,1,3,0,16,"מהר""ר שאול"
G1289,G,person,True,I_person_entry,3,39,2,3,0,2,"מהר""ר שאול הלוי"
G1311,G,person,True,I_person_entry,3,135,2,2,0,0,"מהר""ר שלמה אלפראנגי"
G1328,G,person,True,I_person_entry,3,144,1,1,0,0,"מהר""ש הלוי"
G1340,G,person,True,I_person_entry,3,43,2,2,0,3,"מהר""ר שלמה סאגיס"
G1343,G,person,True,I_person_entry,3,16,4,2,0,0,"מהר""ר שלמה עדני"
G1360,G,person,True,I_person_entry,3,5,0,4,0,3,הרב שם טוב
G1385,G,person,True,I_person_entry,3,48,1,2,0,3,"מהר""ר שמואל ן' וילייסיד"
G1404,G,person,True,I_person_entry,3,115,5,7,0,3,מה' שמואל הלוי
G1427,G,person,True,I_person_entry,3,85,3,3,0,1,מר רב שמואל ריש כלה
G1432,G,person,True,I_person_entry,3,113,2,6,0,1,רבינו שמואל בר שלמה
G1434,G,person,True,I_person_entry,3,41,2,4,0,4,רבינו שמואל בר שניאור
G1436,G,person,True,I_person_entry,3,19,2,4,0,10,הרב שמואל ן' תבון
G1446,G,person,True,I_person_entry,3,1,0,0,0,1,הרב שמעון אשכנזי
G1459,G,person,True,I_person_entry,3,164,5,1,0,1,רבינו שמעיה
G1460,G,person,True,I_person_entry,3,146,3,2,0,1,רבינו שמריה
G1467,G,person,True,I_person_entry,3,10,2,3,0,7,"מהר""ר שמשון בכרך"
O0015,O,person,False,II_person_external,3,138,1,1,0,2,אברהם אבינו
O0026,O,book,False,IV_book_external,3,29,3,0,0,2,אדרא רבא
O0031,O,book,False,IV_book_external,3,85,1,1,0,0,אורחות חיים
O0059,O,person,False,II_person_external,3,128,0,6,0,8,אשתורי הפרחי
O0070,O,person,False,II_person_external,3,111,7,0,0,0,בית הלל
O0110,O,person,False,II_person_external,3,20,1,0,0,12,בעל תורת חסד
O0176,O,book,False,IV_book_external,3,111,6,0,0,0,"הלכות הרי""ף (ספר ההלכות לרב אלפסי)"
O0184,O,book,False,IV_book_external,3,135,3,0,0,7,"הלכות קטנות שברא""ש"
O0225,O,person,False,II_person_external,3,62,5,5,0,4,"הרבנית אם מהר""ר יוזפא (אשת הגאון בעל סמ""ע רבי יהושע פאלק)"
O0236,O,person,False,II_person_external,3,79,3,0,0,4,זכריה הנביא
O0249,O,person,False,II_person_external,3,113,2,0,0,12,חושי הארכי
O0279,O,book,False,IV_book_external,3,83,3,0,0,0,"חידושי הרשב""א על מסכת קידושין"
O0293,O,book,False,IV_book_external,3,28,4,1,0,0,"חידושים על התלמוד להריב""ש"
O0300,O,person,False,II_person_external,3,56,4,1,0,0,חכמי לוניל
O0301,O,book,False,IV_book_external,3,18,3,2,0,7,חלק אורח חיים
O0319,O,book,False,IV_book_external,3,27,4,0,0,3,טור אבן העזר
O0371,O,person,False,II_person_external,3,10,0,3,0,12,לא ידוע (אזכור אנאפורי כללי)
O0404,O,book,False,IV_book_external,3,123,3,0,0,2,"מגילת סתרים (מהרח""ו)"
O0411,O,book,False,IV_book_external,3,14,0,2,0,2,מדבר קדמות
O0423,O,book,False,IV_book_external,3,42,3,2,0,9,מדרש שיר השירים רבה
O0432,O,person,False,II_person_external,3,8,0,3,0,12,"מהר""י דוד (בעל צמח דוד)"
O0470,O,person,False,II_person_external,3,13,2,2,0,3,"מהר""ש ברוך"
O0494,O,book,False,IV_book_external,3,30,3,0,0,0,מלחמות ה'
O0509,O,book,False,IV_book_external,3,121,4,0,0,16,מסכת בכורות
O0515,O,book,False,IV_book_external,3,80,2,1,0,8,מסכת דרך ארץ
O0525,O,book,False,IV_book_external,3,80,4,1,0,8,מסכת כלה
O0531,O,book,False,IV_book_external,3,90,7,0,0,0,מסכת מועד קטן
O0558,O,book,False,IV_book_external,3,112,4,0,0,0,מסכת תמיד
O0567,O,book,False,IV_book_external,3,9,1,1,0,1,"מערכת שי""ן (שם הגדולים)"
O0588,O,book,False,IV_book_external,3,117,3,1,0,5,משנה תורה (ספר היד החזקה)
O0601,O,book,False,IV_book_external,3,16,3,0,0,12,נביאים
O0602,O,book,False,IV_book_external,3,22,3,0,0,15,נביאים ראשונים
O0623,O,book,False,IV_book_external,3,47,5,1,0,15,סדר נשים
O0642,O,book,False,IV_book_external,3,39,6,0,0,3,"ספר דרושים (מכתבי האר""י)"
O0650,O,book,False,IV_book_external,3,54,3,1,0,2,ספר החזיונות
O0660,O,book,False,IV_book_external,3,29,9,0,0,1,ספר המנהיג
O0697,O,book,False,IV_book_external,3,13,3,0,0,12,ספר משלי
O0722,O,book,False,IV_book_external,3,42,5,0,0,3,"עטור סופרים למהר""ש יפה (נסחי שטרות)"
O0730,O,book,False,IV_book_external,3,105,3,0,0,0,ערבי פסחים (פרק עשירי דמסכת פסחים)
O0735,O,book,False,IV_book_external,3,39,3,0,0,0,"עשרים וארבעה ספרי התנ""ך"
O0780,O,book,False,IV_book_external,3,4,4,0,0,1,פסקי רקנאטי
O0818,O,book,False,IV_book_external,3,17,5,2,0,6,צרור הכסף
O0820,O,book,False,IV_book_external,3,40,4,0,0,12,קהלת
O0824,O,book,False,IV_book_external,3,92,1,4,0,1,קובץ ישן (כתב יד)
O0826,O,book,False,IV_book_external,3,65,0,2,0,0,קובץ כתב יד
O0833,O,book,False,IV_book_external,3,18,3,0,0,3,קובץ תשובות מה' מאיר גאביזון
O0865,O,book,False,IV_book_external,3,185,1,2,0,1,ראש דוד
O0866,O,person,False,II_person_external,3,33,0,3,0,2,רב אחד (אלמוני)
O0874,O,person,False,II_person_external,3,41,2,2,0,2,רב חמאי גאון
O0946,O,person,False,II_person_external,3,43,1,0,0,8,רבי בנימין אהרן סלוניק
O0947,O,person,False,II_person_external,3,33,3,3,0,2,רבי בנימין הכהן ויטאלי
O0962,O,person,False,II_person_external,3,37,1,6,0,8,רבי דוד פרנקל
O0970,O,person,False,II_person_external,3,24,1,9,0,11,רבי חיים אבולעפיה
O0978,O,person,False,II_person_external,3,147,3,1,0,0,רבי חנינא בן דוסא
O1005,O,person,False,II_person_external,3,9,1,1,0,16,רבי יהושע השיל מקראקא
O1006,O,person,False,II_person_external,3,7,2,4,0,4,רבי יהושע חריף מקראקא
O1017,O,person,False,II_person_external,3,81,6,3,0,8,רבי יוסי בן חלפתא
O1024,O,person,False,II_person_external,3,31,0,7,0,1,רבי יוסף תאומים
O1043,O,person,False,II_person_external,3,107,1,1,0,3,רבי יעקב מקרלין
O1086,O,person,False,II_person_external,3,31,1,5,0,4,רבי מאיר אייזנשטט
O1117,O,person,False,II_person_external,3,46,4,3,0,3,"רבי משה מטראני (בן המהרי""ט)"
O1126,O,person,False,II_person_external,3,62,5,1,0,8,רבי נחמיה
O1180,O,person,False,II_person_external,3,172,6,5,0,0,רבי שמעון בן לקיש
O1188,O,person,False,II_person_external,3,77,2,3,0,0,רבינא
O1199,O,person,False,II_person_external,3,46,2,1,0,1,"רבינו יוסף (ראשון, מן התוספות/גאונים, הנזכר עם רבינו חננאל)"
O1200,O,person,False,II_person_external,3,121,3,3,0,1,רבינו יחיאל מפריש
O1203,O,person,False,II_person_external,3,132,2,3,0,1,רבינו יעקב ממרויש
O1208,O,person,False,II_person_external,3,153,1,1,0,1,"רבינו יצחק בן שמואל (הר""י הזקן)"
O1221,O,person,False,II_person_external,3,22,2,2,0,1,רבינו נסים בר יעקב
O1234,O,person,False,II_person_external,3,102,3,2,0,8,רבן שמעון בן גמליאל
O1250,O,person,False,II_person_external,3,54,2,1,0,3,ריבה (מריבה/מחלוקת — לא שם אדם)
O1273,O,book,False,IV_book_external,3,32,0,3,0,0,שבט יהודה
O1285,O,book,False,IV_book_external,3,57,3,0,0,7,"שו""ת הרמ""א"
O1294,O,book,False,IV_book_external,3,41,4,0,0,5,"שו""ת מהר""י הלוי"
O1295,O,book,False,IV_book_external,3,26,7,2,0,4,"שו""ת מהר""י ווייל"
O1309,O,book,False,IV_book_external,3,45,2,0,0,6,"שו""ת מהר""ר לוי ן' חביב (רלב""ח)"
O1352,O,person,False,II_person_external,3,87,3,1,0,17,שלמה המלך
O1384,O,book,False,IV_book_external,3,67,2,3,0,2,שער ההקדמות
O1386,O,book,False,IV_book_external,3,91,3,1,0,2,שער הפסוקים
O1394,O,book,False,IV_book_external,3,39,2,1,0,6,תוכחת מגולה (פירוש קהלת)
O1405,O,book,False,IV_book_external,3,101,0,2,0,8,תוספות ישנים
O1451,O,book,False,IV_book_external,3,51,2,1,0,2,תיקוני הזוהר
O1461,O,book,False,IV_book_external,3,119,3,5,0,0,"תשובות המיוחסות להרמב""ן"
O1478,O,book,False,IV_book_external,3,10,4,0,0,3,"תשובות מהרח""ש (תורת חיים)"
S0054,S,book,True,III_book_entry,3,18,3,2,0,13,אור החיים
S0062,S,book,True,III_book_entry,3,40,3,2,0,2,אור הלבנה
S0073,S,book,True,III_book_entry,3,32,0,3,0,2,אור רב
S0074,S,book,True,III_book_entry,3,159,3,2,0,6,אור השכל
S0080,S,book,True,III_book_entry,3,15,1,0,0,0,אוריין תליתאי
S0082,S,book,True,III_book_entry,3,23,3,2,0,4,אורים ותומים
S0086,S,book,True,III_book_entry,3,7,3,1,0,2,אחות קטנה
S0110,S,book,True,III_book_entry,3,55,3,4,0,4,אמרות טהורות
S0143,S,book,True,III_book_entry,3,42,1,4,0,4,ארץ החיים
S0147,S,book,True,III_book_entry,3,6,3,0,0,3,אשדות הפסגה
S0166,S,book,True,III_book_entry,3,4,3,7,0,4,באר היטב
S0179,S,book,True,III_book_entry,3,110,10,2,0,14,בדק הבית
S0186,S,book,True,III_book_entry,3,25,1,1,0,5,בינה לעתים
S0201,S,book,True,III_book_entry,3,28,2,2,0,10,בית ועד
S0205,S,book,True,III_book_entry,3,10,1,2,0,4,בית יהודה
S0206,S,book,True,III_book_entry,3,9,3,0,0,14,בית יהודה
S0222,S,book,True,III_book_entry,3,43,1,1,0,4,בית הרואה
S0223,S,book,True,III_book_entry,3,13,3,1,0,3,בית שלמה
S0224,S,book,True,III_book_entry,3,36,1,6,0,4,בית שמואל
S0228,S,book,True,III_book_entry,3,10,1,2,0,9,בן דוד
S0242,S,book,True,III_book_entry,3,3,1,2,0,16,בני יוסף
S0244,S,book,True,III_book_entry,3,5,2,0,0,9,בני יצחק
S0254,S,book,True,III_book_entry,3,49,4,1,0,0,בעלי הנפש
S0262,S,book,True,III_book_entry,3,48,3,1,0,2,ברית מנוחה
S0274,S,book,True,III_book_entry,3,14,2,0,0,16,ברכת שמואל
S0281,S,book,True,III_book_entry,3,1,1,0,0,0,ס' הבתים
S0286,S,book,True,III_book_entry,3,9,3,0,0,2,גאון צבי
S0307,S,book,True,III_book_entry,3,17,5,1,0,11,גט מקושר
S0313,S,book,True,III_book_entry,3,93,2,2,0,2,גלגולי נשמות
S0332,S,book,True,III_book_entry,3,129,9,7,0,8,גרים
S0338,S,book,True,III_book_entry,3,1,1,6,0,10,גמרא
S0343,S,book,True,III_book_entry,3,122,2,1,0,1,דבר שמואל
S0356,S,book,True,III_book_entry,3,16,3,0,0,10,דברי שלמה
S0375,S,book,True,III_book_entry,3,23,1,1,0,2,דעת קדושים
S0383,S,book,True,III_book_entry,3,58,3,3,0,9,דרך חיים
S0388,S,book,True,III_book_entry,3,62,4,3,0,2,דרך ימין
S0404,S,book,True,III_book_entry,3,119,2,0,0,3,דת ודין
S0428,S,book,True,III_book_entry,3,72,1,4,0,1,הגהות מרדכי
S0438,S,book,True,III_book_entry,3,52,3,4,0,0,הגהות על סדר קדשים
S0459,S,book,True,III_book_entry,3,7,6,4,0,16,היכל קדש
S0476,S,book,True,III_book_entry,3,5,4,0,0,3,המבקש
S0487,S,book,True,III_book_entry,3,112,3,1,0,0,"השגות הראב""ד על הרמב""ם"
S0541,S,book,True,III_book_entry,3,54,2,4,0,4,זית רענן
S0543,S,book,True,III_book_entry,3,97,9,11,0,0,ס' הזכות
S0552,S,book,True,III_book_entry,3,0,0,0,0,5,זמירות ישראל
S0597,S,book,True,III_book_entry,3,13,2,1,0,2,חבצלת השרון
S0602,S,book,True,III_book_entry,3,12,4,0,0,0,חובת הלבבות
S0618,S,book,True,III_book_entry,3,58,3,2,0,16,חידושי אגדות
S0650,S,book,True,III_book_entry,3,10,3,4,0,11,חיים וחסד
S0688,S,book,True,III_book_entry,3,17,1,4,0,3,חשק שלמה
S0702,S,book,True,III_book_entry,3,21,2,1,0,12,טור ברקת
S0712,S,book,True,III_book_entry,3,15,2,0,0,3,טעמי מצות
S0727,S,book,True,III_book_entry,3,62,3,1,0,2,יאיר נתיב
S0728,S,book,True,III_book_entry,3,76,4,0,0,0,יבין שמועה
S0732,S,book,True,III_book_entry,3,80,1,2,0,4,יד דוד
S0736,S,book,True,III_book_entry,3,18,2,0,0,3,יד משה
S0737,S,book,True,III_book_entry,3,6,2,1,0,19,ידי אליהו
S0738,S,book,True,III_book_entry,3,44,1,0,0,5,ידי משה
S0781,S,book,True,III_book_entry,3,60,2,2,0,5,יפה קול
S0782,S,book,True,III_book_entry,3,81,2,6,0,5,יפה תואר
S0795,S,book,True,III_book_entry,3,84,4,1,0,17,ס' הישר
S0814,S,book,True,III_book_entry,3,31,1,2,0,6,כל דאי
S0828,S,book,True,III_book_entry,3,50,2,1,0,5,כללי מדרש רבה
S0830,S,book,True,III_book_entry,3,52,1,2,0,0,כללי שמואל
S0840,S,book,True,III_book_entry,3,3,2,0,0,7,כנסת יחזקאל
S0845,S,book,True,III_book_entry,3,64,2,2,0,17,כסא דוד
S0855,S,book,True,III_book_entry,3,106,2,1,0,11,כפת תמרים
S0911,S,book,True,III_book_entry,3,17,2,2,0,2,לחם הפנים
S0922,S,book,True,III_book_entry,3,2,0,0,0,2,לקוטי אורות
S0925,S,book,True,III_book_entry,3,52,6,8,0,2,לקוטי תורה
S0934,S,book,True,III_book_entry,3,39,1,1,0,4,לקט שמואל
S0937,S,book,True,III_book_entry,3,4,1,0,0,6,לשון חכמים
S0951,S,book,True,III_book_entry,3,19,3,0,0,0,ס' המאורות
S0955,S,book,True,III_book_entry,3,30,3,4,0,7,מאורי אור
S0957,S,book,True,III_book_entry,3,19,3,1,0,0,מאזנים
S0960,S,book,True,III_book_entry,3,48,4,6,0,0,מאירת עינים
S0996,S,book,True,III_book_entry,3,49,3,1,0,3,מגן גבורים
S1007,S,book,True,III_book_entry,3,156,1,2,0,12,מדרש שמואל
S1016,S,book,True,III_book_entry,3,13,6,4,0,5,מורה צדק
S1018,S,book,True,III_book_entry,3,33,2,0,0,4,מזבח אדמה
S1034,S,book,True,III_book_entry,3,11,1,1,0,10,מטה אפרים
S1040,S,book,True,III_book_entry,3,7,0,3,0,1,מטה משה
S1045,S,book,True,III_book_entry,3,41,1,0,0,6,מי השילוח
S1048,S,book,True,III_book_entry,3,58,3,2,0,2,מילואים
S1061,S,book,True,III_book_entry,3,74,2,2,0,0,מכתם לדוד
S1065,S,book,True,III_book_entry,3,24,2,2,0,0,מלאכת שלמה
S1067,S,book,True,III_book_entry,3,21,4,2,0,0,מלחמות ה
S1075,S,book,True,III_book_entry,3,2,3,0,0,10,ס' מלמד
S1096,S,book,True,III_book_entry,3,7,3,1,0,10,מנחת קנאות
S1123,S,book,True,III_book_entry,3,6,1,0,0,2,מערת שדה המכפלה
S1127,S,book,True,III_book_entry,3,22,1,2,0,3,מעשה חייא
S1156,S,book,True,III_book_entry,3,28,2,2,0,9,מר וקציעה
S1157,S,book,True,III_book_entry,3,14,2,1,0,5,מר קשישא ומר ינוקא
S1187,S,book,True,III_book_entry,3,38,2,4,0,9,משנה לחם
S1208,S,book,True,III_book_entry,3,87,12,0,0,0,מצות
S1209,S,book,True,III_book_entry,3,41,5,0,0,6,נאות יעקב
S1214,S,book,True,III_book_entry,3,40,3,0,0,2,נגיד ומצוה
S1217,S,book,True,III_book_entry,3,24,2,1,0,4,נודע ביהודה
S1223,S,book,True,III_book_entry,3,64,3,0,0,0,נחלה ליהושע
S1230,S,book,True,III_book_entry,3,39,2,6,0,4,נחלת צבי
S1236,S,book,True,III_book_entry,3,91,1,0,0,11,נחפה בכסף
S1254,S,book,True,III_book_entry,3,0,0,0,0,0,נר מצוה
S1257,S,book,True,III_book_entry,3,14,2,1,0,4,נתיב חיים
S1273,S,book,True,III_book_entry,3,35,2,0,0,0,סדר עולם
S1275,S,book,True,III_book_entry,3,8,1,0,0,9,סדר עולם זוטא
S1277,S,book,True,III_book_entry,3,5,3,3,0,4,סדר רב עמרם
S1300,S,book,True,III_book_entry,3,10,2,1,0,11,סמא דחיי
S1329,S,book,True,III_book_entry,3,23,2,0,0,6,עבודה תמה
S1347,S,book,True,III_book_entry,3,20,0,2,0,3,עוללות הכרם
S1372,S,book,True,III_book_entry,3,68,1,0,0,7,עיון יעקב
S1376,S,book,True,III_book_entry,3,49,3,0,0,13,עין משפט
S1380,S,book,True,III_book_entry,3,1,3,1,0,8,עיקרים
S1381,S,book,True,III_book_entry,3,46,0,2,0,11,עיר בנימין
S1394,S,book,True,III_book_entry,3,4,1,1,0,5,עמודיה שבעה
S1396,S,book,True,III_book_entry,3,34,2,0,0,7,עמק ברכה
S1399,S,book,True,III_book_entry,3,27,4,2,0,9,עמר מן
S1409,S,book,True,III_book_entry,3,44,2,2,0,8,עץ חיים
S1418,S,book,True,III_book_entry,3,35,3,1,0,15,עקידת יצחק
S1428,S,book,True,III_book_entry,3,162,6,2,0,2,עתים
S1443,S,book,True,III_book_entry,3,13,1,2,0,2,פירוש על האדרות
S1447,S,book,True,III_book_entry,3,15,3,0,0,15,פירוש על ההגדות
S1452,S,book,True,III_book_entry,3,1,0,0,0,4,פירוש הלכות גיטין
S1466,S,book,True,III_book_entry,3,10,3,0,0,5,פירוש המכילתא
S1490,S,book,True,III_book_entry,3,38,2,0,0,0,פירוש התורה
S1497,S,book,True,III_book_entry,3,63,4,1,0,0,פירוש תורת כהנים
S1503,S,book,True,III_book_entry,3,45,2,1,0,1,פירוש התפלות
S1507,S,book,True,III_book_entry,3,16,3,0,0,12,פירוש על תרגום כתובים
S1537,S,book,True,III_book_entry,3,25,11,2,0,1,פסיקתא זוטרתא
S1542,S,book,True,III_book_entry,3,17,3,1,0,1,פסקי דינים
S1546,S,book,True,III_book_entry,3,93,3,2,0,0,פסקי המאירי
S1565,S,book,True,III_book_entry,3,11,3,1,0,4,פרי האדמה
S1566,S,book,True,III_book_entry,3,12,2,0,0,11,פרי הארץ
S1572,S,book,True,III_book_entry,3,9,2,0,0,14,פרי צדיק
S1585,S,book,True,III_book_entry,3,26,4,2,0,3,פרשת דרכים
S1600,S,book,True,III_book_entry,3,0,0,0,0,10,צור תעודה
S1615,S,book,True,III_book_entry,3,0,1,0,0,13,צנצנת מנחם
S1627,S,book,True,III_book_entry,3,10,2,1,0,4,צרור המור
S1634,S,book,True,III_book_entry,3,0,0,0,0,21,קדש הלולים
S1701,S,book,True,III_book_entry,3,16,1,2,0,5,קנה בינה
S1716,S,book,True,III_book_entry,3,29,7,1,0,0,"קצור פסקי הרא""ש"
S1730,S,book,True,III_book_entry,3,51,2,1,0,2,קרבן חגיגה
S1731,S,book,True,III_book_entry,3,44,1,0,0,5,קרבן מנחה
S1739,S,book,True,III_book_entry,3,8,1,0,0,11,קרית מלך רב
S1748,S,book,True,III_book_entry,3,1,1,0,0,2,קבלה
S1751,S,book,True,III_book_entry,3,8,5,4,0,3,ראש יוסף
S1775,S,book,True,III_book_entry,3,94,1,2,0,1,רמזי נדה
S1801,S,book,True,III_book_entry,3,26,1,1,0,6,שארית יהודה
S1802,S,book,True,III_book_entry,3,50,2,0,0,4,שארית יוסף
S1805,S,book,True,III_book_entry,3,38,3,0,0,6,שארית יעקב
S1830,S,book,True,III_book_entry,3,97,1,2,0,0,שושן סודות
S1870,S,book,True,III_book_entry,3,24,4,1,0,11,שמות בארץ
S1871,S,book,True,III_book_entry,3,79,2,1,0,7,שמות הגיטין
S1879,S,book,True,III_book_entry,3,23,4,2,0,7,שמן למנחה
S1883,S,book,True,III_book_entry,3,37,3,0,0,6,שמע יעקב ושארית יעקב
S1893,S,book,True,III_book_entry,3,74,0,3,0,0,שער המלך
S1913,S,book,True,III_book_entry,3,99,2,0,0,0,שערי תשובה
S1914,S,book,True,III_book_entry,3,8,8,2,0,0,שערים דרב אלפסי
S1918,S,book,True,III_book_entry,3,73,2,1,0,6,שפת אמת
S1920,S,book,True,III_book_entry,3,90,3,0,0,5,שפתי ישנים
S1935,S,book,True,III_book_entry,3,52,1,1,0,5,תאוה לעינים
S1943,S,book,True,III_book_entry,3,127,4,2,0,7,תולדות אדם
S1965,S,book,True,III_book_entry,3,0,0,0,0,11,תוצאות חיים
S1971,S,book,True,III_book_entry,3,36,2,0,0,3,תורת אמת
S1976,S,book,True,III_book_entry,3,26,2,0,0,13,תורת חיים
S1979,S,book,True,III_book_entry,3,88,1,2,0,3,תורת חסד
S1987,S,book,True,III_book_entry,3,9,1,0,0,16,תורת הקנאות
S1989,S,book,True,III_book_entry,3,49,2,1,0,0,תחלת חכמה
S1999,S,book,True,III_book_entry,3,26,7,0,0,2,תמר דבורה
S2018,S,book,True,III_book_entry,3,73,3,0,0,0,תקון סופרים
S2022,S,book,True,III_book_entry,3,23,5,1,0,0,תקון שטרות
S2025,S,book,True,III_book_entry,3,9,2,3,0,2,תקונים דיל ויקייו
S2029,S,book,True,III_book_entry,3,64,3,0,0,4,תקפו כהן
S2035,S,book,True,III_book_entry,3,25,2,5,0,1,"תשב""ץ"
G0001,G,person,True,I_person_entry,2,110,9,5,0,8,אבא
G0020,G,person,True,I_person_entry,2,18,1,3,0,4,"הגאון מהר""ר אברהם אמיגו"
G0022,G,person,True,I_person_entry,2,13,0,2,0,10,"מהר""ר אברהם ארדיט"
G0023,G,person,True,I_person_entry,2,85,2,1,0,3,רבינו אברהם בן אסמעאל
G0027,G,person,True,I_person_entry,2,38,2,1,0,0,"מהר""ר אברהם בן בולט"
G0034,G,person,True,I_person_entry,2,1,0,0,0,8,מר רב אברהם גאון
G0035,G,person,True,I_person_entry,2,1,0,1,0,3,"הרב מהר""ר אברהם גאטיניו"
G0038,G,person,True,I_person_entry,2,9,0,3,0,5,"הר""א גדיליא"
G0041,G,person,True,I_person_entry,2,5,2,2,0,2,הרב אברהם דיל ויקייו
G0051,G,person,True,I_person_entry,2,111,2,2,0,14,"מהר""ר אברהם ן' טוואה"
G0061,G,person,True,I_person_entry,2,25,4,4,0,6,"מהר""א (אברהם?) ירושלמי"
G0064,G,person,True,I_person_entry,2,15,0,3,0,16,"מהר""ר אברהם הכהן"
G0067,G,person,True,I_person_entry,2,11,1,6,0,12,"מהר""ר אברהם לאניידו"
G0068,G,person,True,I_person_entry,2,4,2,0,0,4,הרב רבי אברהם הלוי
G0071,G,person,True,I_person_entry,2,21,12,19,0,18,"מהר""ר אברהם הלוי ן' מיגאש"
G0076,G,person,True,I_person_entry,2,120,1,1,0,1,ר' אברהם מוכר ירקות
G0078,G,person,True,I_person_entry,2,10,0,6,0,11,"מהר""ר אברהם מונסון האחרון"
G0079,G,person,True,I_person_entry,2,16,2,3,0,0,רבינו אברהם ממונפלייר
G0081,G,person,True,I_person_entry,2,7,0,1,0,4,"מהר""ר אברהם מיוחס"
G0084,G,person,True,I_person_entry,2,22,5,9,0,1,רבינו אברהם בר נתן הירחי
G0085,G,person,True,I_person_entry,2,3,0,1,0,4,"מהר""ר אברהם סבע ספרדי"
G0091,G,person,True,I_person_entry,2,49,0,1,0,5,מה' אברהם ן' עקר עקרא
G0097,G,person,True,I_person_entry,2,28,3,1,0,2,"מהר""ר אברהם צמח"
G0100,G,person,True,I_person_entry,2,8,2,2,0,2,"מהר""ר (אברהם במ' אריה ליב) קלמנקש אשכנזי"
G0102,G,person,True,I_person_entry,2,7,1,1,0,6,"מהר""ר אברהם רודריגיז"
G0107,G,person,True,I_person_entry,2,8,1,2,0,0,הרב אברהם רומאנו
G0116,G,person,True,I_person_entry,2,31,1,2,0,3,"מהר""ר אהרן אביוב"
G0117,G,person,True,I_person_entry,2,10,10,9,0,18,"מהר""ר אהרן אזוביב"
G0120,G,person,True,I_person_entry,2,15,1,0,0,3,"מהר""ר אהרן אמארילייו"
G0122,G,person,True,I_person_entry,2,7,0,2,0,6,"מהר""ר אהרן המון"
G0126,G,person,True,I_person_entry,2,28,1,1,0,6,"מהר""ר אהרן ן' חיים"
G0127,G,person,True,I_person_entry,2,26,5,4,0,6,"מהר""ר אהרן מטראני"
G0129,G,person,True,I_person_entry,2,7,4,5,0,2,"מהר""ר אהרן הכהן"
G0130,G,person,True,I_person_entry,2,14,5,4,0,0,רבינו אהרן הכהן מלוניל
G0138,G,person,True,I_person_entry,2,21,3,1,0,7,"מהר""ר אהרן שמעון"
G0140,G,person,True,I_person_entry,2,44,8,7,0,3,הרב אהרן ששון
G0143,G,person,True,I_person_entry,2,10,1,2,0,4,"מהר""ר אורי דלוגאטש"
G0144,G,person,True,I_person_entry,2,74,8,4,0,1,רב אחא משבחא גאון
G0147,G,person,True,I_person_entry,2,10,0,2,0,1,רבינו אייזיק שטיין
G0149,G,person,True,I_person_entry,2,8,0,5,0,4,"הג""מ אלחנן"
G0152,G,person,True,I_person_entry,2,9,0,2,0,2,ר' אליהו המדקדק
G0153,G,person,True,I_person_entry,2,8,0,2,0,4,"מהר""ר אליהו"
G0154,G,person,True,I_person_entry,2,37,1,2,0,2,"מה""ר אלי' בכ""ר בנימין הלוי"
G0155,G,person,True,I_person_entry,2,3,0,0,0,7,"מהר""א גאליפאפה"
G0161,G,person,True,I_person_entry,2,8,1,3,0,4,"מהר""ר אליהו חאקו"
G0168,G,person,True,I_person_entry,2,4,0,1,0,19,"מהר""ר אליהו מלובלין"
G0174,G,person,True,I_person_entry,2,20,9,10,0,18,"מהר""ר אליהו בכ""ר מנחם"
G0176,G,person,True,I_person_entry,2,23,0,2,0,5,"מהר""ר אליהו מפולדא"
G0183,G,person,True,I_person_entry,2,60,2,6,0,1,רבי אליעזר
G0184,G,person,True,I_person_entry,2,7,1,2,0,0,"מהר""ר אליעזר די אבילה"
G0200,G,person,True,I_person_entry,2,0,0,0,0,4,הרב אליעזר נחמן פואה
G0206,G,person,True,I_person_entry,2,29,1,1,0,1,הרב ר' אליקים בן הרב רבי מנחם
G0212,G,person,True,I_person_entry,2,5,0,2,0,6,"מהר""ר אליעזר אזכרי"
G0221,G,person,True,I_person_entry,2,9,12,10,0,18,"מהר""ר אפרים אלנקוואה"
G0223,G,person,True,I_person_entry,2,70,2,3,0,0,רבינו אפרים וידאל
G0224,G,person,True,I_person_entry,2,9,7,3,0,1,רבינו אפרים בר יצחק מרגנשבורג
G0228,G,person,True,I_person_entry,2,52,3,3,0,6,"מהר""ר אפרים קארו"
G0235,G,person,True,I_person_entry,2,31,0,2,0,0,רבינו אשר בר חיים נביו
G0246,G,person,True,I_person_entry,2,13,5,2,0,1,רבינו בכור שור
G0247,G,person,True,I_person_entry,2,52,3,2,0,1,"מהר""ר בנימן"
G0250,G,person,True,I_person_entry,2,38,0,2,0,8,"מהר""ר בנימן אשכנזי"
G0254,G,person,True,I_person_entry,2,11,7,10,0,2,"מהר""ר בנימן"
G0255,G,person,True,I_person_entry,2,15,3,2,0,2,"מהר""ר בנימן הכהן מעלי"
G0258,G,person,True,I_person_entry,2,37,1,1,0,4,רבי בנימן הלוי במ' יחיאל
G0273,G,person,True,I_person_entry,2,142,1,2,0,4,"מהר""ר ברוך אנגיל"
G0274,G,person,True,I_person_entry,2,8,1,1,0,11,"מהר""ר ברוך בנימן"
G0276,G,person,True,I_person_entry,2,2,0,1,0,3,"מהר""ר ברוך וויזיל"
G0278,G,person,True,I_person_entry,2,10,7,0,0,1,רבינו ברוך
G0280,G,person,True,I_person_entry,2,76,3,3,0,0,רבינו ברוך בן יצחק בן אלכאליא
G0282,G,person,True,I_person_entry,2,4,1,0,0,4,"מהר""ר ברוך מפולוניא"
G0284,G,person,True,I_person_entry,2,8,0,1,0,1,"מהר""ר ברוך קלעי"
G0297,G,person,True,I_person_entry,2,46,1,3,0,4,"מהר""ר גבריאל מקראקא"
G0302,G,person,True,I_person_entry,2,28,1,3,0,4,מה' גור אריה הלוי
G0307,G,person,True,I_person_entry,2,150,1,5,0,1,הרב גרשון צונצינו
G0318,G,person,True,I_person_entry,2,8,1,1,0,1,"גדולי לותי""ר"
G0323,G,person,True,I_person_entry,2,42,0,2,0,0,"מהר""ר דוד אבודרהם"
G0328,G,person,True,I_person_entry,2,82,8,3,0,0,רבינו דוד בונפיד (או בונפייר
G0331,G,person,True,I_person_entry,2,54,2,2,0,0,"מהר""ר דוד"
G0333,G,person,True,I_person_entry,2,45,6,5,0,2,הרב מה' דוד גרשון
G0336,G,person,True,I_person_entry,2,13,4,5,0,5,"מהר""ר דוד ויטאל"
G0343,G,person,True,I_person_entry,2,21,1,1,0,0,מה' דוד ן' יחייא
G0351,G,person,True,I_person_entry,2,17,0,3,0,1,רבינו דוד בר לוי
G0353,G,person,True,I_person_entry,2,2,0,2,0,4,"מהר""ר דוד לידא"
G0355,G,person,True,I_person_entry,2,21,4,3,0,2,"מהר""ר (דוד) מלמד"
G0362,G,person,True,I_person_entry,2,108,0,5,0,4,מה' דוד עראמה
G0369,G,person,True,I_person_entry,2,16,3,2,0,1,רבינו דוד בר קלונימוס
G0389,G,person,True,I_person_entry,2,34,1,2,0,16,"מהר""ר העשל"
G0401,G,person,True,I_person_entry,2,2,0,1,0,6,"מהר""ר זכריה זכשן"
G0402,G,person,True,I_person_entry,2,12,1,3,0,3,הרב זכריה ידידיה
G0403,G,person,True,I_person_entry,2,23,0,2,0,0,"מהר""ר זכריה ן' סרוק"
G0405,G,person,True,I_person_entry,2,12,1,2,0,3,"מהר""ר (אפרים) זלמן שור"
G0406,G,person,True,I_person_entry,2,14,3,4,0,3,"כמה""ר (פנחס) זעליג"
G0408,G,person,True,I_person_entry,2,1,0,1,0,12,הרב זעקל עטהויזן
G0421,G,person,True,I_person_entry,2,47,3,2,0,6,הרב חיים ן' אלבלג
G0424,G,person,True,I_person_entry,2,7,2,2,0,3,"מהר""ר חיים אלפאנדרי הזקן"
G0427,G,person,True,I_person_entry,2,10,2,8,0,4,"מהר""ר חיים באכנער במ' בנימין"
G0435,G,person,True,I_person_entry,2,38,1,2,0,5,"מהר""ר חיים חבריא"
G0440,G,person,True,I_person_entry,2,110,0,0,0,3,"מהר""ר חיים יהודה"
G0442,G,person,True,I_person_entry,2,5,2,3,0,11,"ה""ר חיים יעקב"
G0443,G,person,True,I_person_entry,2,10,5,2,0,7,רבינו חיים
G0444,G,person,True,I_person_entry,2,4,7,6,0,1,רבינו חיים הכהן
G0446,G,person,True,I_person_entry,2,34,2,3,0,4,"מהר""ר חיים כ""ץ"
G0447,G,person,True,I_person_entry,2,9,0,3,0,5,"מהר""ר חיים כפוסי"
G0458,G,person,True,I_person_entry,2,12,0,3,0,13,"מהר""ר חיים שור אשכנזי"
G0466,G,person,True,I_person_entry,2,17,5,5,0,3,מה' חנניא טאיטאצק
G0467,G,person,True,I_person_entry,2,6,0,3,0,6,מה' חנניה בן יקר
G0468,G,person,True,I_person_entry,2,5,1,4,0,2,"מהר""ר חנניה מונסיליס"
G0472,G,person,True,I_person_entry,2,16,3,5,0,3,"מהר""ר חסדאי הכהן פרחיא"
G0473,G,person,True,I_person_entry,2,24,0,3,0,0,רבינו חסדאי קרשקש
G0478,G,person,True,I_person_entry,2,9,7,4,0,16,מה' טוביה הכהן
G0479,G,person,True,I_person_entry,2,2,3,2,0,3,מה' טוביה הלוי
G0487,G,person,True,I_person_entry,2,11,1,3,0,9,"מהר""ר ידידיה הכהן"
G0495,G,person,True,I_person_entry,2,21,0,3,0,11,"מהר""ר יהודה אריה ממודינא"
G0497,G,person,True,I_person_entry,2,63,3,3,0,9,"מהר""ר יהודה בן אשר"
G0508,G,person,True,I_person_entry,2,38,0,2,0,8,"מהר""ר יהודה חאבילייו"
G0518,G,person,True,I_person_entry,2,0,3,2,0,18,רבינו יהודה הלוי
G0531,G,person,True,I_person_entry,2,8,1,0,0,4,"מהר""ר יהודה בן ניסן"
G0556,G,person,True,I_person_entry,2,20,2,4,0,10,"מהר""ר יהושע"
G0559,G,person,True,I_person_entry,2,10,0,1,0,6,רבינו יהושע בן שועיב
G0568,G,person,True,I_person_entry,2,33,2,3,0,12,רבי יוחנן אלימאן
G0572,G,person,True,I_person_entry,2,42,2,2,0,3,"מהר""ר יום טוב ן' יעיש"
G0587,G,person,True,I_person_entry,2,6,2,8,0,9,מה' יוסף האזובי
G0591,G,person,True,I_person_entry,2,3,1,1,0,3,"מהר""ר יוסף אלמושנינו"
G0598,G,person,True,I_person_entry,2,32,1,2,0,6,הרב יוסף גאנסו
G0599,G,person,True,I_person_entry,2,93,0,4,0,1,"מהר""ר יוסף ן' גויא"
G0605,G,person,True,I_person_entry,2,2,0,2,0,3,מה' יוסף העס
G0614,G,person,True,I_person_entry,2,10,1,2,0,2,"כמהר""ר יוסף חמיץ"
G0625,G,person,True,I_person_entry,2,3,2,1,0,7,ר' יוסף כספי
G0626,G,person,True,I_person_entry,2,122,0,1,0,3,"מהר""ר יוסף ן' לב"
G0637,G,person,True,I_person_entry,2,27,0,1,0,0,"מהר""ר יוסף סאראגוסי"
G0639,G,person,True,I_person_entry,2,26,0,2,0,6,"מהר""ר יוסף פאסי"
G0643,G,person,True,I_person_entry,2,8,2,7,0,7,"מהר""ר יוסף פרעמסלא"
G0655,G,person,True,I_person_entry,2,109,0,1,0,10,"מהר""ר יוסף ן' רבי"
G0658,G,person,True,I_person_entry,2,18,1,3,0,0,"מהר""ר יוסף שלום"
G0668,G,person,True,I_person_entry,2,89,7,6,0,1,רבינו יחיאל
G0669,G,person,True,I_person_entry,2,35,7,3,0,0,רבינו יחיאל
G0671,G,person,True,I_person_entry,2,0,8,7,0,3,"הרב מהר""ר יחיאל טראבוטו צרפתי קולון"
G0682,G,person,True,I_person_entry,2,97,3,1,0,1,רבינו יעבץ
G0698,G,person,True,I_person_entry,2,6,1,1,0,2,"מהר""י (יעקב) ווילנא"
G0705,G,person,True,I_person_entry,2,4,1,0,0,0,רבינו יעקב החסיד
G0706,G,person,True,I_person_entry,2,21,1,3,0,0,"מהר""ר יעקב יהושע מקראקא"
G0714,G,person,True,I_person_entry,2,22,0,2,0,11,"מהר""ר יעקב כ""ץ שפירא"
G0716,G,person,True,I_person_entry,2,15,0,1,0,16,"הג""מ יעקב מלובלין"
G0732,G,person,True,I_person_entry,2,15,2,0,0,2,"מהר""ר יעקב פינטו"
G0757,G,person,True,I_person_entry,2,142,0,2,0,0,רבינו יצחק בר אברהם הצרפתי
G0764,G,person,True,I_person_entry,2,104,0,0,0,3,"מהר""ר יצחק אלגאזי"
G0776,G,person,True,I_person_entry,2,6,2,1,0,1,"רבינו יצחק ב""ר ברוך"
G0801,G,person,True,I_person_entry,2,6,1,2,0,7,"מהר""ר יצחק הכהן"
G0803,G,person,True,I_person_entry,2,70,3,1,0,0,רבינו יצחק הכהן שולאל
G0809,G,person,True,I_person_entry,2,6,4,3,0,2,"מהר""ר יצחק הלוי"
G0812,G,person,True,I_person_entry,2,17,5,3,0,16,"מהר""ר יצחק לומברוזו"
G0826,G,person,True,I_person_entry,2,103,0,5,0,8,"מהר""ר יצחק נוניס ואיס"
G0829,G,person,True,I_person_entry,2,47,3,2,0,6,הרב יצחק סבע
G0830,G,person,True,I_person_entry,2,42,2,0,0,0,רבינו יצחק סגי נהור
G0846,G,person,True,I_person_entry,2,52,9,5,0,6,"מהר""ר יצחק קארו"
G0847,G,person,True,I_person_entry,2,27,2,4,0,1,רבינו יצחק מקורביל
G0856,G,person,True,I_person_entry,2,108,1,3,0,7,"הג""מ יצחק בר שמשון הכהן"
G0873,G,person,True,I_person_entry,2,54,1,10,0,1,"מהר""ר ישעיה ברלין"
G0876,G,person,True,I_person_entry,2,130,4,1,0,3,"מהר""ר ישעיה מטראני"
G0877,G,person,True,I_person_entry,2,31,2,2,0,2,"מהר""ר ישעיה אזולאי"
G0878,G,person,True,I_person_entry,2,15,2,0,0,2,"מהר""ר ישעיה הכהן"
G0879,G,person,True,I_person_entry,2,0,0,0,0,4,"מהר""ר ישעיה הלוי מבראד"
G0882,G,person,True,I_person_entry,2,8,2,3,0,7,"מהר""ר ישעיה סג""ל הורוויץ"
G0885,G,person,True,I_person_entry,2,16,0,0,0,2,הרב ישראל אשכנזי
G0886,G,person,True,I_person_entry,2,9,1,1,0,3,"מהר""ר ישראל באסן"
G0890,G,person,True,I_person_entry,2,8,0,2,0,13,"מהר""ר ישראל בעל שם טוב"
G0902,G,person,True,I_person_entry,2,16,1,0,0,5,הרב ישראל נאגארה
G0904,G,person,True,I_person_entry,2,20,1,3,0,10,"מהר""ר ישראל נתן"
G0907,G,person,True,I_person_entry,2,4,1,3,0,1,"מהר""ר ישראל קמחי"
G0909,G,person,True,I_person_entry,2,15,4,3,0,7,"מהר""ר ישראל"
G0918,G,person,True,I_person_entry,2,37,4,3,0,6,"הרב מהר""י סכנדרני"
G0920,G,person,True,I_person_entry,2,16,0,2,0,2,"מהר""י פוייטו"
G0923,G,person,True,I_person_entry,2,7,3,1,0,0,רב כהן צדק גאון
G0925,G,person,True,I_person_entry,2,0,0,0,0,23,"מהר""ר כליפה מלכה"
G0945,G,person,True,I_person_entry,2,19,1,2,0,4,"הגאון מהר""ל רופא"
G0948,G,person,True,I_person_entry,2,31,5,2,0,0,רבינו מאיר אבואלעפיא
G0949,G,person,True,I_person_entry,2,42,1,0,0,2,הרב מאיר
G0955,G,person,True,I_person_entry,2,109,0,0,0,5,מה' מאיר גאביזון
G0956,G,person,True,I_person_entry,2,1,0,1,0,9,מה' מאיר ן' גבאי
G0961,G,person,True,I_person_entry,2,4,0,5,0,4,"מהר""ר מאיר כ""ץ"
G0965,G,person,True,I_person_entry,2,1,1,1,0,11,מה' מאיר מזרחי
G0967,G,person,True,I_person_entry,2,6,2,1,0,18,רבינו מאיר המעילי
G0993,G,person,True,I_person_entry,2,114,4,2,0,3,"מהר""ר מנחם הבבלי"
G1014,G,person,True,I_person_entry,2,33,2,1,0,2,"מהר""ר מנשה פאדובה"
G1019,G,person,True,I_person_entry,2,2,1,0,0,18,הרב המעילי
G1024,G,person,True,I_person_entry,2,4,1,2,0,2,"מהר""ר מרדכי דאטו"
G1036,G,person,True,I_person_entry,2,11,1,0,0,10,"מהר""ר מרדכי רובייו"
G1039,G,person,True,I_person_entry,2,17,2,1,0,2,"מהר""ר משה בהג""מ אברהם ברודא"
G1041,G,person,True,I_person_entry,2,109,0,1,0,13,"הרב החסיד מהר""ר משה ן' אדרת"
G1050,G,person,True,I_person_entry,2,2,0,2,0,12,"מהר""ר משה בולה"
G1053,G,person,True,I_person_entry,2,28,1,2,0,14,סיניור משה בנימין פואה
G1056,G,person,True,I_person_entry,2,63,3,1,0,2,רב משה גאון
G1063,G,person,True,I_person_entry,2,6,0,1,0,4,"מהר""ר משה"
G1071,G,person,True,I_person_entry,2,24,2,1,0,2,"מהר""ר משה חייון"
G1074,G,person,True,I_person_entry,2,1,0,1,0,6,"מהר""ר משה מטיבולי"
G1092,G,person,True,I_person_entry,2,115,0,1,0,3,"מהר""ר משה מאריו"
G1093,G,person,True,I_person_entry,2,11,5,1,0,1,"ה""ר משה ממגנצא"
G1104,G,person,True,I_person_entry,2,21,1,2,0,3,"מהר""ר משה בה""ק ה""ר משה די ברושלייש"
G1105,G,person,True,I_person_entry,2,3,0,2,0,14,"מהר""ר משה משולם הלוי"
G1107,G,person,True,I_person_entry,2,10,1,1,0,5,"מהר""ר משה נגארה"
G1117,G,person,True,I_person_entry,2,115,5,2,0,3,"מהר""ר משה פרובינצאל"
G1120,G,person,True,I_person_entry,2,9,1,2,0,2,הרב משה ן' צור
G1128,G,person,True,I_person_entry,2,1,0,1,0,2,הרב משה רבקש
G1151,G,person,True,I_person_entry,2,0,0,0,0,24,"מהר""ר נהוראי ג' ארמון"
G1172,G,person,True,I_person_entry,2,7,0,2,0,13,"מהר""ר נתן בורגיל"
G1177,G,person,True,I_person_entry,2,11,3,1,0,14,"הר""ר נתן בן הר""ר מאיר"
G1197,G,person,True,I_person_entry,2,43,1,1,0,9,הגאון סיני בר בצלאל
G1202,G,person,True,I_person_entry,2,11,2,0,0,8,סבוראי
G1205,G,person,True,I_person_entry,2,5,0,2,0,5,הרב עובדיה ספורנו
G1213,G,person,True,I_person_entry,2,12,1,3,0,3,"מהר""ר עזריאל טראבוטו"
G1223,G,person,True,I_person_entry,2,4,3,1,0,4,רב עמרם בר ששנא
G1224,G,person,True,I_person_entry,2,39,7,0,0,2,"מהר""ר עקיבא"
G1229,G,person,True,I_person_entry,2,25,1,0,0,0,רב פלטוי גאון
G1240,G,person,True,I_person_entry,2,38,1,2,0,0,רבינו פרץ
G1253,G,person,True,I_person_entry,2,31,1,1,0,3,"מהר""ר צמח נרבוני"
G1254,G,person,True,I_person_entry,2,17,4,6,0,16,"מהר""ר צמח צרפתי"
G1259,G,person,True,I_person_entry,2,53,2,2,0,1,רבינו קלונימוס הזקן
G1266,G,person,True,I_person_entry,2,1,0,0,0,6,"מהר""ר ראובן מזרחי"
G1269,G,person,True,I_person_entry,2,45,2,0,0,6,"מהר""ר רפאל אישפיריאל"
G1271,G,person,True,I_person_entry,2,17,2,3,0,4,"מהר""ר רפאל"
G1286,G,person,True,I_person_entry,2,43,1,0,0,8,רבנן סבוראי
G1293,G,person,True,I_person_entry,2,13,2,3,0,6,הרב שבתי גארמיזאן
G1320,G,person,True,I_person_entry,2,18,0,4,0,15,ר' שלמה בן רבי יוסף מסרקסטה
G1327,G,person,True,I_person_entry,2,7,3,3,0,15,"מהר""ש לאניידו"
G1338,G,person,True,I_person_entry,2,98,3,1,0,0,"רבי שלמה בן הרמב""ן"
G1350,G,person,True,I_person_entry,2,51,10,9,0,3,"מהר""ר שלמה קארו"
G1368,G,person,True,I_person_entry,2,9,3,4,0,13,"מהר""ר שמואל בן אלבאז"
G1372,G,person,True,I_person_entry,2,110,2,0,0,1,רבינו שמואל מבונבורג
G1391,G,person,True,I_person_entry,2,64,3,3,0,1,רבינו שמואל החסיד
G1409,G,person,True,I_person_entry,2,92,2,2,0,1,רבינו שמואל בר מנחם
G1411,G,person,True,I_person_entry,2,0,1,3,0,4,החכם הכולל ר' שמואל בן הרב ר' משה מלג'ווירי
G1418,G,person,True,I_person_entry,2,1,0,1,0,4,"מהר""ש פלורינטין"
G1419,G,person,True,I_person_entry,2,3,0,2,0,4,"מהר""ש פלורינטין אחרון"
G1439,G,person,True,I_person_entry,2,42,1,1,0,7,"מהר""ר שמואל"
G1440,G,person,True,I_person_entry,2,5,2,2,0,4,"מהר""ר שמואל"
G1452,G,person,True,I_person_entry,2,0,2,5,0,2,רבינו שמעון ן' לביא
G1458,G,person,True,I_person_entry,2,9,3,0,0,1,רבינו שמעון
G1478,G,person,True,I_person_entry,2,110,0,1,0,1,השר מקוצי
G1487,G,person,True,I_person_entry,2,19,4,4,0,1,רבינו תם
O0043,O,person,False,II_person_external,2,18,0,3,0,0,אלדד הדני
O0049,O,person,False,II_person_external,2,78,2,2,0,8,אליעזר עבד אברהם
O0067,O,book,False,IV_book_external,2,8,2,2,0,0,ביאור רבינו בחיי על התורה
O0080,O,person,False,II_person_external,2,14,1,1,0,5,"בן מהר""ן שפירא (בעל מגלה עמוקות)"
O0088,O,person,False,II_person_external,2,116,0,3,0,7,בעל אורח מישור
O0092,O,person,False,II_person_external,2,33,0,1,0,0,בעל דברי אמת
O0093,O,person,False,II_person_external,2,33,1,2,0,3,בעל דת ודין
O0104,O,person,False,II_person_external,2,46,0,2,0,3,בעל ספר לב שמח
O0144,O,book,False,IV_book_external,2,15,0,0,0,6,"דרושים נחמדים (למהר""ר יעקב מולכו)"
O0156,O,person,False,II_person_external,2,31,1,5,0,8,הבל בן אדם הראשון
O0185,O,book,False,IV_book_external,2,4,2,0,0,10,הלכות קידוש החודש
O0187,O,book,False,IV_book_external,2,27,2,0,0,13,הלכות שבת
O0192,O,person,False,II_person_external,2,46,4,2,0,8,הלל הזקן
O0221,O,person,False,II_person_external,2,11,0,2,0,3,"הרב מורה צדק (אביו של מהר""ר משה הכהן)"
O0235,O,person,False,II_person_external,2,29,2,1,0,2,זכריה בן יהוידע הכהן
O0237,O,book,False,IV_book_external,2,29,2,2,0,5,זקוקין דנורא ובעורין דאשא
O0253,O,book,False,IV_book_external,2,13,1,2,0,1,חידושי אנשי שם
O0256,O,book,False,IV_book_external,2,45,2,0,0,0,"חידושי הר""ן"
O0261,O,book,False,IV_book_external,2,79,1,3,0,0,"חידושי הר""ן על מסכת סנהדרין"
O0274,O,book,False,IV_book_external,2,30,2,2,0,0,"חידושי הרשב""א"
O0276,O,book,False,IV_book_external,2,62,2,1,0,1,"חידושי הרשב""א על ברכות"
O0282,O,book,False,IV_book_external,2,10,2,1,0,2,"חידושי מהרח""ו"
O0303,O,book,False,IV_book_external,2,30,2,0,0,1,חמישה חומשי תורה
O0321,O,book,False,IV_book_external,2,21,2,0,0,4,טור יורה דעה
O0327,O,book,False,IV_book_external,2,47,6,0,0,2,יד יהודה
O0333,O,person,False,II_person_external,2,89,4,0,0,0,יהושע בן נון
O0334,O,person,False,II_person_external,2,36,0,2,0,0,יונתן בן עוזיאל
O0335,O,person,False,II_person_external,2,21,0,1,0,7,יוסף (רמז מקראי / משחק מילים)
O0342,O,book,False,IV_book_external,2,10,0,1,0,11,יעיר אזן
O0343,O,person,False,II_person_external,2,50,2,1,0,2,יעקב אבינו
O0348,O,person,False,II_person_external,2,19,1,1,0,15,ישי
O0361,O,book,False,IV_book_external,2,57,2,0,0,0,"כללי התלמוד (למהר""ם דאנון)"
O0370,O,book,False,IV_book_external,2,26,2,0,0,3,כתר מלכות
O0373,O,book,False,IV_book_external,2,48,2,2,0,7,לבוש אבן יקרה
O0390,O,book,False,IV_book_external,2,13,2,1,0,7,"מ""ב על יורה דעה (מהר""ר יוחנן מקרעמניץ)"
O0395,O,book,False,IV_book_external,2,7,2,2,0,4,מגדול דוד
O0396,O,book,False,IV_book_external,2,76,1,1,0,6,מגיד משנה
O0400,O,book,False,IV_book_external,2,50,2,1,0,0,"מגילת אסתר (חיבור על ספר המצות לרמב""ם)"
O0403,O,book,False,IV_book_external,2,83,4,0,0,2,"מגילת סתרים (המיוחסת להרמב""ם)"
O0413,O,book,False,IV_book_external,2,18,2,2,0,5,מדרש אסתר (לקח טוב) לרבינו טוביה בר אליעזר
O0425,O,book,False,IV_book_external,2,18,1,0,0,2,"מהדורא בתרא (למהר""ר משה חאגיז)"
O0428,O,person,False,II_person_external,2,13,2,1,0,3,"מהר""א (חותם על פסק הרבנים עם מהר""י ן' שנגי)"
O0430,O,person,False,II_person_external,2,11,1,2,0,7,"מהר""י (מחבר הגהות שערי דורא)"
O0434,O,person,False,II_person_external,2,8,1,3,0,2,"מהר""י זיין"
O0435,O,person,False,II_person_external,2,4,0,2,0,9,"מהר""י חנין"
O0437,O,person,False,II_person_external,2,8,2,3,0,11,"מהר""י ן' גמיל"
O0444,O,person,False,II_person_external,2,33,1,3,0,2,"מהר""ר בנימין הלוי"
O0451,O,person,False,II_person_external,2,15,1,2,0,5,"מהר""ר חיים אלפנדארי"
O0460,O,person,False,II_person_external,2,69,0,2,0,18,"מהר""ר משה הלוי"
O0471,O,person,False,II_person_external,2,4,0,1,0,5,"מהר""ש די אבילה"
O0474,O,person,False,II_person_external,2,17,1,0,0,6,"מהר""ש חכם הלוי"
O0476,O,person,False,II_person_external,2,26,1,0,0,1,מהרב (בעל תשובות המובאות בשבלי הלקט)
O0478,O,person,False,II_person_external,2,12,0,2,0,2,"מהרמ""ק (מגיה בהגהות אשרי / מרדכי)"
O0481,O,book,False,IV_book_external,2,46,2,1,0,9,מוסף הערוך
O0482,O,book,False,IV_book_external,2,5,0,3,0,0,מורה מקום
O0496,O,person,False,II_person_external,2,22,0,1,0,0,מלך צרפת
O0503,O,book,False,IV_book_external,2,29,1,1,0,19,מסכת בבא בתרא
O0506,O,book,False,IV_book_external,2,76,2,1,0,0,מסכת ביכורים
O0512,O,book,False,IV_book_external,2,69,1,2,0,0,מסכת ברכות (תלמוד בבלי)
O0516,O,book,False,IV_book_external,2,62,2,0,0,8,מסכת דרך ארץ זוטא
O0522,O,book,False,IV_book_external,2,30,2,0,0,0,מסכת חלה
O0536,O,book,False,IV_book_external,2,123,5,2,0,0,מסכת נדרים
O0544,O,book,False,IV_book_external,2,64,1,1,0,8,מסכת עירובין פרק בכל מערבין
O0545,O,book,False,IV_book_external,2,54,2,0,0,8,מסכת ערכין
O0546,O,book,False,IV_book_external,2,13,1,1,0,4,מסכת פסחים
O0569,O,book,False,IV_book_external,2,75,0,1,0,10,מעשה רקח
O0572,O,book,False,IV_book_external,2,43,1,1,0,5,מקראות גדולות
O0583,O,book,False,IV_book_external,2,111,2,0,0,9,משנה תורה
O0584,O,book,False,IV_book_external,2,76,1,0,0,10,משנה תורה (היד החזקה)
O0587,O,book,False,IV_book_external,2,15,3,1,0,10,"משנה תורה (יד החזקה) להרמב""ם"
O0596,O,book,False,IV_book_external,2,6,2,2,0,5,משנת עשר קדושות (סוף פרק א דמסכת כלים)
O0624,O,book,False,IV_book_external,2,14,1,0,0,9,סדר עבודה
O0630,O,book,False,IV_book_external,2,17,2,0,0,1,"ספר אהבה (משנה תורה להרמב""ם)"
O0656,O,book,False,IV_book_external,2,111,2,0,0,0,ספר המדע
O0668,O,book,False,IV_book_external,2,18,2,0,0,5,"ספר הרא""ם (פירוש רבי אליהו מזרחי על רש""י)"
O0671,O,book,False,IV_book_external,2,15,3,0,0,14,"ספר התשב""ץ (שו""ת התשב""ץ להרשב""ץ)"
O0673,O,book,False,IV_book_external,2,22,3,0,0,5,ספר ויקרא
O0678,O,book,False,IV_book_external,2,13,2,0,0,5,ספר טעמי מצות
O0686,O,book,False,IV_book_external,2,16,0,1,0,14,ספר כתב יד ישן נושן
O0698,O,book,False,IV_book_external,2,13,2,0,0,1,"ספר משפטים (תשובות מהר""ם - חלק דשייכי לספר משפטים)"
O0699,O,book,False,IV_book_external,2,78,2,0,0,1,ספר עזרא (ספר המקרא)
O0703,O,book,False,IV_book_external,2,9,2,0,0,4,ספר קדמון בכתב יד
O0706,O,book,False,IV_book_external,2,184,1,1,0,1,"ספר ראב""ן"
O0724,O,book,False,IV_book_external,2,15,2,2,0,15,עטרת תפארת
O0729,O,person,False,II_person_external,2,129,4,1,0,8,עקביא בן מהללאל
O0733,O,book,False,IV_book_external,2,47,2,6,0,7,עשרה לבושים
O0739,O,book,False,IV_book_external,2,7,2,0,0,6,"פירוש איכה למהר""ש וידאש"
O0740,O,book,False,IV_book_external,2,39,5,4,0,0,פירוש בעל הטורים על התורה
O0746,O,book,False,IV_book_external,2,37,7,1,0,2,פירוש הזהר לר' אהרן חייון
O0756,O,book,False,IV_book_external,2,19,1,1,0,2,"פירוש התורה להרמ""ק"
O0761,O,book,False,IV_book_external,2,34,2,0,0,2,"פירוש כ""ד ספרים (לר' דב לוי בן גרשום)"
O0769,O,book,False,IV_book_external,2,47,5,0,0,0,פירוש רבינו שמשון משאנץ
O0779,O,book,False,IV_book_external,2,15,3,0,0,0,פסקי סוטה
O0781,O,book,False,IV_book_external,2,43,1,0,0,3,"פרד""ס (פשט רמז דרש סוד)"
O0789,O,book,False,IV_book_external,2,36,2,1,0,0,פרפראות על התורה (פירוש בעל הטורים)
O0793,O,book,False,IV_book_external,2,130,1,1,0,0,פרק אלו טריפות (מסכת חולין)
O0798,O,book,False,IV_book_external,2,71,1,4,0,0,פרק הפועלים (בבא מציעא)
O0799,O,book,False,IV_book_external,2,68,3,0,0,8,פרק חלק (סנהדרin)
O0827,O,book,False,IV_book_external,2,12,1,4,0,5,"קובץ קטן (תשובות מהר""ר זיסקינד רוטנבורג)"
O0844,O,book,False,IV_book_external,2,85,0,4,0,8,קונטרס יוסף אומץ
O0867,O,person,False,II_person_external,2,20,0,2,0,4,רב אחד (אנונימי)
O0875,O,person,False,II_person_external,2,110,2,1,0,1,רב יוסף (אמורא)
O0876,O,person,False,II_person_external,2,49,1,1,0,2,רב ייבא סבא
O0878,O,person,False,II_person_external,2,48,1,1,0,0,רב כהנא
O0884,O,person,False,II_person_external,2,103,3,1,0,1,רב ענן
O0889,O,person,False,II_person_external,2,101,3,2,0,1,רבה בר אבוה
O0916,O,person,False,II_person_external,2,47,2,0,0,5,רבי אושעיא
O0925,O,person,False,II_person_external,2,22,2,3,0,1,רבי אלכסנדר זוסלין הכהן
O0935,O,person,False,II_person_external,2,149,1,3,0,0,רבי אמי
O0937,O,person,False,II_person_external,2,180,1,1,0,1,רבי אסי
O0951,O,person,False,II_person_external,2,11,1,0,0,6,רבי בנימין זאב
O0952,O,person,False,II_person_external,2,18,0,1,0,6,רבי בנימין זאב בן מתתיהו
O0961,O,person,False,II_person_external,2,119,1,1,0,10,רבי דוד מלדולה
O0971,O,person,False,II_person_external,2,2,0,2,0,3,רבי חיים אברהם בן דוד
O0977,O,person,False,II_person_external,2,77,6,3,0,8,רבי חלפתא
O0980,O,person,False,II_person_external,2,110,1,2,0,0,רבי חנינא בר חמא
O0986,O,person,False,II_person_external,2,9,1,1,0,10,רבי יהודה אבן תבון
O1003,O,person,False,II_person_external,2,115,2,2,0,1,רבי יהושע בן לוי
O1013,O,person,False,II_person_external,2,138,12,13,0,0,רבי יוחנן בר נפחא
O1023,O,person,False,II_person_external,2,27,0,1,0,8,רבי יוסף שמואל מפרנקפורט
O1027,O,person,False,II_person_external,2,29,1,1,0,4,רבי יחיאל בן יקותיאל (מחבר ספר התניא)
O1038,O,person,False,II_person_external,2,12,0,4,0,10,רבי יעקב הכהן רפפורט
O1047,O,person,False,II_person_external,2,3,0,1,0,7,רבי יעקב רישר
O1054,O,person,False,II_person_external,2,17,0,1,0,6,רבי יצחק החבר
O1060,O,person,False,II_person_external,2,29,4,4,0,7,"רבי יצחק כ""ץ"
O1067,O,person,False,II_person_external,2,3,0,0,0,2,רבי ישועה זיין
O1069,O,person,False,II_person_external,2,34,0,0,0,5,רבי ישמעאל בן אלישע
O1070,O,person,False,II_person_external,2,12,2,0,0,5,רבי ישמעאל בן אלישע כהן גדול
O1076,O,person,False,II_person_external,2,17,2,0,0,6,"רבי ישראל בן הרא""ם"
O1087,O,person,False,II_person_external,2,3,0,3,0,4,"רבי מאיר בכ""ר שמואל"
O1101,O,person,False,II_person_external,2,11,3,0,0,8,רבי מנחם רקנאטי
O1140,O,person,False,II_person_external,2,42,1,0,0,1,רבי פנחס בן יאיר
O1155,O,person,False,II_person_external,2,14,2,0,0,3,רבי שלמה חסן
O1158,O,person,False,II_person_external,2,3,1,2,0,15,רבי שלמה לאניידו
O1174,O,person,False,II_person_external,2,22,0,2,0,1,רבי שמואל משליישטט (שלטשטט)
O1195,O,person,False,II_person_external,2,7,1,1,0,12,רבינו חננאל צקלי
O1207,O,person,False,II_person_external,2,51,3,1,0,1,רבינו יצחק אור זרוע
O1218,O,person,False,II_person_external,2,41,6,6,0,1,רבינו נסים בן יעקב בן שאהין
O1220,O,person,False,II_person_external,2,67,2,1,0,0,רבינו נסים בן ראובן גירונדי
O1225,O,person,False,II_person_external,2,57,1,1,0,0,רבינו שמואל מאייברא
O1232,O,person,False,II_person_external,2,87,6,5,0,8,רבן גמליאל הזקן
O1238,O,person,False,II_person_external,2,17,2,2,0,2,רבני אשכנז
O1260,O,book,False,IV_book_external,2,19,2,1,0,3,"שאלות ותשובות מהרי""ק"
O1268,O,book,False,IV_book_external,2,34,2,0,0,1,שאלתות דרב אחאי גאון
O1269,O,book,False,IV_book_external,2,5,0,2,0,3,"שארית הפליטה (שו""ת מהר""ר יחיאל באסן)"
O1272,O,book,False,IV_book_external,2,29,2,3,0,0,שבט אנשים
O1274,O,book,False,IV_book_external,2,11,3,0,0,5,"שו""ת (שאלות ותשובות) — כינוי כללי לספרי תשובות"
O1284,O,book,False,IV_book_external,2,38,5,1,0,1,"שו""ת הריב""ש"
O1290,O,book,False,IV_book_external,2,69,1,0,0,0,"שו""ת הרשב""ש"
O1296,O,book,False,IV_book_external,2,20,2,1,0,6,"שו""ת מהר""י לוי ן' חביב"
O1311,O,book,False,IV_book_external,2,7,2,3,0,0,"שו""ת מהר""ר שלמה אלפראנגי"
O1316,O,book,False,IV_book_external,2,46,4,6,0,7,"שו""ת מהרי""ל"
O1317,O,book,False,IV_book_external,2,8,2,0,0,1,"שו""ת מהרי""ק"
O1320,O,book,False,IV_book_external,2,15,3,0,0,5,"שו""ת מהריט""ץ"
O1322,O,book,False,IV_book_external,2,24,3,0,0,6,"שו""ת מהרש""ך"
O1327,O,book,False,IV_book_external,2,5,2,0,0,14,"שו""ת ר' יוסף מיליריאה"
O1330,O,book,False,IV_book_external,2,16,2,0,0,4,שולחן ערוך אבן העזר
O1335,O,book,False,IV_book_external,2,60,1,1,0,5,שיורי כנסת הגדולה
O1349,O,book,False,IV_book_external,2,26,3,2,0,8,שירי קרבן
O1360,O,book,False,IV_book_external,2,3,0,2,0,7,"שם הגדולים - מערכת ט (טי""ת)"
O1365,O,person,False,II_person_external,2,46,4,2,0,8,שמאי הזקן
O1367,O,person,False,II_person_external,2,28,3,2,0,2,"שמואל (מר שמואל, אמורא)"
O1368,O,person,False,II_person_external,2,41,3,0,0,13,שמואל הנביא
O1372,O,book,False,IV_book_external,2,73,2,2,0,8,שמחת הרגל
O1379,O,person,False,II_person_external,2,51,2,1,0,9,שמעון הצדיק
O1382,O,book,False,IV_book_external,2,1,1,1,0,2,שער אריה
O1385,O,book,False,IV_book_external,2,27,3,3,0,2,שער הכוונות
O1413,O,book,False,IV_book_external,2,150,1,0,0,1,תוספות ספרדיות
O1431,O,book,False,IV_book_external,2,95,4,1,0,0,תוספות רבינו פרץ
O1443,O,book,False,IV_book_external,2,11,3,2,0,11,"תוספי הרא""ם לסמ""ג"
O1445,O,book,False,IV_book_external,2,7,2,0,0,12,תורה
O1455,O,book,False,IV_book_external,2,16,1,1,0,2,תפוחי זהב
O1456,O,book,False,IV_book_external,2,39,4,4,0,0,תרגום אונקלוס
O1465,O,book,False,IV_book_external,2,22,5,0,0,8,"תשובות הרא""ש"
O1468,O,book,False,IV_book_external,2,9,1,2,0,16,"תשובות הרמב""ם"
O1473,O,book,False,IV_book_external,2,14,4,2,0,3,"תשובות מהר""ם מקאנגי (כתב יד)"
O1475,O,book,False,IV_book_external,2,21,3,1,0,1,"תשובות מהר""ם מרוטנבורג (הקצרות)"
O1480,O,book,False,IV_book_external,2,106,0,1,0,1,תשובות מיימוניות
S0001,S,book,True,III_book_entry,2,0,0,0,0,0,ס' אב ואם
S0003,S,book,True,III_book_entry,2,21,4,1,0,1,"אב""י אסף"
S0010,S,book,True,III_book_entry,2,11,0,1,0,7,אבני שהם
S0011,S,book,True,III_book_entry,2,11,1,1,0,10,אבק דרכים
S0014,S,book,True,III_book_entry,2,28,1,0,0,12,אגדת אליהו
S0017,S,book,True,III_book_entry,2,7,1,3,0,4,אגודת אזוב
S0028,S,book,True,III_book_entry,2,28,1,0,0,11,אדמת קדש
S0033,S,book,True,III_book_entry,2,30,0,0,0,3,אהבת עולם
S0034,S,book,True,III_book_entry,2,3,1,0,0,16,אהל יעקב
S0035,S,book,True,III_book_entry,2,21,1,0,0,11,אהל יעקב
S0036,S,book,True,III_book_entry,2,91,3,0,0,1,אהל מועד
S0037,S,book,True,III_book_entry,2,26,2,0,0,6,אהלי יעקב
S0048,S,book,True,III_book_entry,2,15,0,1,0,2,אור זרוע
S0072,S,book,True,III_book_entry,2,4,1,1,0,3,אור קדמון
S0089,S,book,True,III_book_entry,2,55,2,1,0,2,אלה המצות
S0099,S,book,True,III_book_entry,2,56,2,3,0,2,אלפסי זוטא
S0103,S,book,True,III_book_entry,2,58,2,2,0,2,אם כל חי
S0106,S,book,True,III_book_entry,2,81,3,2,0,16,ס' האמונות
S0109,S,book,True,III_book_entry,2,4,1,0,0,6,אמרות טהורות
S0111,S,book,True,III_book_entry,2,24,1,1,0,6,אמרי אמת
S0113,S,book,True,III_book_entry,2,4,0,1,0,0,אמרי נועם
S0114,S,book,True,III_book_entry,2,39,1,0,0,17,אמרי צרופה
S0118,S,book,True,III_book_entry,2,37,2,0,0,6,אמת ליעקב
S0128,S,book,True,III_book_entry,2,40,5,3,0,0,אסיפת הכללים
S0131,S,book,True,III_book_entry,2,17,3,0,0,4,אפי רברבי
S0136,S,book,True,III_book_entry,2,27,4,2,0,9,ארון העדות
S0139,S,book,True,III_book_entry,2,6,1,0,0,2,ארח לצדיק
S0142,S,book,True,III_book_entry,2,11,2,1,0,14,ארעא דרבנן
S0144,S,book,True,III_book_entry,2,62,2,1,0,8,ארץ ישראל
S0145,S,book,True,III_book_entry,2,17,3,0,0,3,אש דת
S0164,S,book,True,III_book_entry,2,4,1,1,0,2,באר הגולה
S0168,S,book,True,III_book_entry,2,4,1,1,0,3,באר יצחק
S0176,S,book,True,III_book_entry,2,3,2,0,0,4,בגדי אהרן
S0182,S,book,True,III_book_entry,2,22,2,0,0,2,בהיר
S0188,S,book,True,III_book_entry,2,4,0,0,0,16,בית אברהם
S0189,S,book,True,III_book_entry,2,1,1,0,0,4,בית אברהם
S0193,S,book,True,III_book_entry,2,23,2,0,0,6,בית אלהים
S0194,S,book,True,III_book_entry,2,69,5,33,0,0,בית הבחירה
S0195,S,book,True,III_book_entry,2,34,1,3,0,5,בית דוד
S0210,S,book,True,III_book_entry,2,9,2,1,0,8,בית יצחק
S0213,S,book,True,III_book_entry,2,6,2,0,0,7,בית הלוי
S0216,S,book,True,III_book_entry,2,6,1,2,0,4,בית לחם יהודה
S0226,S,book,True,III_book_entry,2,14,1,2,0,13,בכור שור
S0230,S,book,True,III_book_entry,2,1,1,0,0,3,בן פורת יוסף
S0234,S,book,True,III_book_entry,2,7,1,2,0,4,בני אברהם
S0237,S,book,True,III_book_entry,2,78,0,1,0,10,בני דוד
S0245,S,book,True,III_book_entry,2,30,3,0,0,2,בני משה
S0249,S,book,True,III_book_entry,2,0,0,0,0,7,בנין הבית
S0259,S,book,True,III_book_entry,2,30,2,0,0,7,ברית אברהם
S0260,S,book,True,III_book_entry,2,22,1,0,0,2,ברית אברהם
S0266,S,book,True,III_book_entry,2,9,1,2,0,17,ברכות בחשבון
S0267,S,book,True,III_book_entry,2,14,5,0,0,6,ברכת אברהם
S0272,S,book,True,III_book_entry,2,5,1,0,0,16,ברכת טוב
S0277,S,book,True,III_book_entry,2,22,2,1,0,5,בשמת בת שלמה
S0278,S,book,True,III_book_entry,2,0,0,0,0,5,בשר על גבי גחלים
S0299,S,book,True,III_book_entry,2,22,1,1,0,4,גדולת מרדכי
S0300,S,book,True,III_book_entry,2,8,2,1,0,2,גולל אור
S0303,S,book,True,III_book_entry,2,1,1,0,0,4,גור אריה
S0310,S,book,True,III_book_entry,2,39,3,1,0,2,גימטריאות
S0325,S,book,True,III_book_entry,2,16,1,1,0,2,גן המלך
S0334,S,book,True,III_book_entry,2,14,5,2,0,5,גדול
S0337,S,book,True,III_book_entry,2,15,2,0,0,0,גמרא
S0344,S,book,True,III_book_entry,2,39,0,2,0,3,דברות
S0348,S,book,True,III_book_entry,2,114,1,1,0,10,דברי דוד
S0350,S,book,True,III_book_entry,2,7,0,0,0,2,דברי יוסף
S0352,S,book,True,III_book_entry,2,14,3,1,0,16,דברי נבא
S0354,S,book,True,III_book_entry,2,2,2,0,0,3,דברי ריבות
S0355,S,book,True,III_book_entry,2,106,0,0,0,3,דברי שלום
S0357,S,book,True,III_book_entry,2,0,0,0,0,12,דגול מרבבה
S0358,S,book,True,III_book_entry,2,11,1,2,0,4,דגול מרבבה
S0361,S,book,True,III_book_entry,2,13,0,2,0,4,דורש משפט
S0364,S,book,True,III_book_entry,2,2,1,0,0,0,דיני טרפיות
S0370,S,book,True,III_book_entry,2,18,1,3,0,3,דמשק אליעזר
S0371,S,book,True,III_book_entry,2,12,2,0,0,7,דמשק אליעזר
S0376,S,book,True,III_book_entry,2,37,2,0,0,4,דרוש שמואל
S0377,S,book,True,III_book_entry,2,32,1,0,0,2,דרושים או דרשות
S0380,S,book,True,III_book_entry,2,33,2,8,0,4,דרישה ופרישה
S0386,S,book,True,III_book_entry,2,1,0,1,0,16,דרך חיים
S0405,S,book,True,III_book_entry,2,23,2,0,0,5,הגהות אבות דר' נתן
S0416,S,book,True,III_book_entry,2,6,1,3,0,3,"הגהות על טור וב""י י""ד"
S0426,S,book,True,III_book_entry,2,41,3,0,0,2,הגהות על הלבושים
S0440,S,book,True,III_book_entry,2,4,2,0,0,2,"הגהות הרי""ף"
S0441,S,book,True,III_book_entry,2,49,3,0,0,0,"הגהות הרי""ף והר""ן"
S0446,S,book,True,III_book_entry,2,7,2,0,0,5,"הגהות על ש""ע א""ה"
S0449,S,book,True,III_book_entry,2,11,5,1,0,7,הגהות לשערי דורא
S0458,S,book,True,III_book_entry,2,5,2,1,0,0,היכל ה
S0462,S,book,True,III_book_entry,2,10,1,0,0,3,הלכה למעשה
S0463,S,book,True,III_book_entry,2,3,0,2,0,2,הלכה למשה
S0468,S,book,True,III_book_entry,2,26,1,0,0,1,הלכות פסוקות
S0472,S,book,True,III_book_entry,2,46,3,0,0,4,הלכות שמחות
S0477,S,book,True,III_book_entry,2,29,0,1,0,5,המון רבה
S0498,S,book,True,III_book_entry,2,14,4,2,0,1,השלמה
S0500,S,book,True,III_book_entry,2,0,0,0,0,7,הלכה למשה מסיני
S0505,S,book,True,III_book_entry,2,5,2,0,0,6,וידוי גדול
S0510,S,book,True,III_book_entry,2,3,0,0,0,3,ויכוח החכם עם החסיד
S0511,S,book,True,III_book_entry,2,4,2,0,0,0,"ויכוח הרמב""ן"
S0526,S,book,True,III_book_entry,2,28,1,2,0,2,זאת חקת התורה
S0529,S,book,True,III_book_entry,2,23,1,1,0,2,זבח השלמים
S0531,S,book,True,III_book_entry,2,11,0,3,0,5,זה ינחמנו
S0532,S,book,True,III_book_entry,2,33,2,0,0,16,זהב שיבה
S0544,S,book,True,III_book_entry,2,76,5,2,0,0,זכרון
S0545,S,book,True,III_book_entry,2,9,1,1,0,2,ס' זכרון
S0560,S,book,True,III_book_entry,2,65,1,2,0,3,זקנת שלמה
S0561,S,book,True,III_book_entry,2,0,0,0,0,2,זר זהב
S0604,S,book,True,III_book_entry,2,0,0,1,0,12,חוזה דוד
S0607,S,book,True,III_book_entry,2,23,1,2,0,4,חופת אליהו רבה
S0616,S,book,True,III_book_entry,2,6,2,0,0,1,חזקוני
S0620,S,book,True,III_book_entry,2,13,2,3,0,4,חידושי הגרשוני
S0637,S,book,True,III_book_entry,2,9,2,1,0,18,חידושים על מס' יבמות
S0639,S,book,True,III_book_entry,2,38,2,0,0,0,חידושים על מסכת קדושין
S0652,S,book,True,III_book_entry,2,6,1,0,0,4,חינוך בית יהודה
S0657,S,book,True,III_book_entry,2,87,2,2,0,0,חכמת שלמה
S0660,S,book,True,III_book_entry,2,6,2,2,0,4,חלקת מחוקק
S0671,S,book,True,III_book_entry,2,9,1,0,0,3,חסן ישועות
S0673,S,book,True,III_book_entry,2,10,2,7,0,13,חפץ ה
S0676,S,book,True,III_book_entry,2,12,1,3,0,14,חק לישראל
S0677,S,book,True,III_book_entry,2,5,0,1,0,13,חק נתן
S0678,S,book,True,III_book_entry,2,53,3,1,0,2,חקור דין מאמר
S0703,S,book,True,III_book_entry,2,13,0,1,0,12,טור יהלום
S0707,S,book,True,III_book_entry,2,3,1,0,0,3,טירת כסף
S0709,S,book,True,III_book_entry,2,92,2,1,0,1,טל אורות
S0714,S,book,True,III_book_entry,2,3,2,0,0,2,טעמי המצות
S0718,S,book,True,III_book_entry,2,0,0,0,0,2,טעמי המצות
S0720,S,book,True,III_book_entry,2,9,0,1,0,2,טעמי המצות
S0730,S,book,True,III_book_entry,2,0,0,1,0,14,יד אבישלום
S0731,S,book,True,III_book_entry,2,5,0,2,0,7,יד אליהו
S0740,S,book,True,III_book_entry,2,9,1,0,0,9,ידידות
S0741,S,book,True,III_book_entry,2,8,1,0,0,2,יודעי בינה
S0753,S,book,True,III_book_entry,2,22,8,0,0,8,יכין ובעז
S0754,S,book,True,III_book_entry,2,43,1,1,0,8,ילמדנו
S0756,S,book,True,III_book_entry,2,1,1,0,0,20,ילקוט דוד
S0761,S,book,True,III_book_entry,2,13,1,0,0,5,ילקוט המכירי
S0765,S,book,True,III_book_entry,2,79,1,1,0,5,ים יששכר
S0769,S,book,True,III_book_entry,2,70,2,0,0,0,יסוד מורא
S0780,S,book,True,III_book_entry,2,57,0,2,0,5,יפה ענף
S0794,S,book,True,III_book_entry,2,40,2,2,0,0,ישיר משה
S0800,S,book,True,III_book_entry,2,39,6,0,0,1,ס' הכבוד
S0802,S,book,True,III_book_entry,2,28,1,2,0,8,כבוד חכמים
S0806,S,book,True,III_book_entry,2,8,2,0,0,9,ס' הכוזרי
S0809,S,book,True,III_book_entry,2,49,0,0,0,5,כונן
S0810,S,book,True,III_book_entry,2,6,4,3,0,19,כוס ישועות
S0811,S,book,True,III_book_entry,2,62,5,0,0,8,כותים
S0821,S,book,True,III_book_entry,2,15,2,1,0,15,כלי פז
S0825,S,book,True,III_book_entry,2,0,0,0,0,2,כללי ההוראה
S0846,S,book,True,III_book_entry,2,60,1,2,0,8,כסא דהרסנא
S0847,S,book,True,III_book_entry,2,46,9,4,0,8,כסא הכבוד
S0862,S,book,True,III_book_entry,2,23,2,1,0,4,כרתי ופלתי
S0868,S,book,True,III_book_entry,2,12,1,1,0,4,כתונת פסים
S0871,S,book,True,III_book_entry,2,7,2,3,0,11,כתנות אור
S0872,S,book,True,III_book_entry,2,15,3,0,0,7,כתנות יוסף
S0873,S,book,True,III_book_entry,2,3,2,0,0,3,כתר מלכות
S0876,S,book,True,III_book_entry,2,11,2,0,0,5,כתר תורה
S0881,S,book,True,III_book_entry,2,7,0,0,0,16,לב אריה
S0882,S,book,True,III_book_entry,2,16,2,0,0,10,לב שלם
S0886,S,book,True,III_book_entry,2,16,1,2,0,3,לב שמח
S0892,S,book,True,III_book_entry,2,30,0,1,0,9,לוח ארש
S0905,S,book,True,III_book_entry,2,2,1,0,0,9,לחם משנה
S0906,S,book,True,III_book_entry,2,13,4,6,0,3,לחם משנה
S0917,S,book,True,III_book_entry,2,27,4,1,0,9,לחם שמים
S0921,S,book,True,III_book_entry,2,74,5,3,0,0,לקוטות
S0930,S,book,True,III_book_entry,2,16,1,4,0,5,לקח טוב
S0931,S,book,True,III_book_entry,2,8,1,1,0,1,לקט
S0945,S,book,True,III_book_entry,2,8,1,0,0,2,מאה שערים
S0952,S,book,True,III_book_entry,2,8,1,1,0,2,מאורות הגדולים
S0953,S,book,True,III_book_entry,2,21,3,1,0,2,מאורות נתן
S0962,S,book,True,III_book_entry,2,34,2,1,0,0,מאמר חמץ
S0965,S,book,True,III_book_entry,2,56,2,5,0,2,מאמרות
S0971,S,book,True,III_book_entry,2,36,2,0,0,1,מבוא התלמוד
S0973,S,book,True,III_book_entry,2,16,0,3,0,12,מגדל דוד
S0979,S,book,True,III_book_entry,2,46,1,1,0,3,מגיד לאדם
S0981,S,book,True,III_book_entry,2,46,1,1,0,3,מגיד מישרים
S0983,S,book,True,III_book_entry,2,50,2,1,0,10,מגיד משנה
S0984,S,book,True,III_book_entry,2,7,1,3,0,4,מגיני זהב
S0985,S,book,True,III_book_entry,2,32,3,2,0,0,מגיני שלמה
S0987,S,book,True,III_book_entry,2,52,2,2,0,0,מגלת אסתר
S0989,S,book,True,III_book_entry,2,29,0,2,0,1,מגלת ספר
S0991,S,book,True,III_book_entry,2,65,1,1,0,9,מגלת תענית
S0993,S,book,True,III_book_entry,2,73,2,1,0,5,מגן אבות
S0999,S,book,True,III_book_entry,2,35,0,1,0,3,מגן שאול
S1006,S,book,True,III_book_entry,2,79,1,1,0,1,מדרש הנעלם
S1009,S,book,True,III_book_entry,2,43,0,1,0,12,מדרש תלפיות
S1020,S,book,True,III_book_entry,2,0,0,0,0,3,מחזה אברהם
S1027,S,book,True,III_book_entry,2,18,2,1,0,9,מחנה אפרים
S1028,S,book,True,III_book_entry,2,10,1,0,0,11,מחנה אפרים
S1051,S,book,True,III_book_entry,2,3,1,0,0,4,מים רבים
S1054,S,book,True,III_book_entry,2,96,1,4,0,1,מכלל יופי
S1058,S,book,True,III_book_entry,2,8,2,0,0,3,מכתב מאליהו
S1059,S,book,True,III_book_entry,2,5,0,2,0,9,מכתב מאליהו
S1066,S,book,True,III_book_entry,2,58,5,6,0,7,מלבושי יום טוב
S1068,S,book,True,III_book_entry,2,5,0,2,0,0,מלחמת חובה
S1074,S,book,True,III_book_entry,2,1,1,0,0,13,מלכי בקדש
S1079,S,book,True,III_book_entry,2,41,1,2,0,7,"מנהגי מהרי""ל"
S1084,S,book,True,III_book_entry,2,22,1,2,0,12,מנורת זהב
S1085,S,book,True,III_book_entry,2,25,3,1,0,10,מנורת המאור
S1102,S,book,True,III_book_entry,2,19,6,0,0,8,מסכתות קטנות
S1103,S,book,True,III_book_entry,2,29,2,0,0,5,ס' המספרים
S1105,S,book,True,III_book_entry,2,9,2,0,0,13,מעבר יבק
S1107,S,book,True,III_book_entry,2,30,1,0,0,11,מעולפת ספירים
S1108,S,book,True,III_book_entry,2,7,3,1,0,7,ס' מעיל צדק
S1109,S,book,True,III_book_entry,2,0,1,0,0,9,מעיל צדקה
S1110,S,book,True,III_book_entry,2,5,0,0,0,12,מעיל צדקה
S1119,S,book,True,III_book_entry,2,13,2,0,0,11,מעם לועז
S1122,S,book,True,III_book_entry,2,42,2,2,0,8,מעריך
S1128,S,book,True,III_book_entry,2,14,1,3,0,16,מעשה טוביה
S1129,S,book,True,III_book_entry,2,14,4,2,0,4,מעשי ה
S1130,S,book,True,III_book_entry,2,56,0,2,0,0,מעשה נסים
S1132,S,book,True,III_book_entry,2,24,3,1,0,7,מפה
S1134,S,book,True,III_book_entry,2,29,3,1,0,2,מצודות דוד
S1146,S,book,True,III_book_entry,2,0,0,0,0,3,מקום שמואל
S1147,S,book,True,III_book_entry,2,11,1,0,0,3,מקור ברוך
S1148,S,book,True,III_book_entry,2,2,1,0,0,3,מקור ברוך
S1152,S,book,True,III_book_entry,2,23,1,0,0,15,מקח וממכר
S1155,S,book,True,III_book_entry,2,50,3,0,0,11,מקראי קדש
S1168,S,book,True,III_book_entry,2,9,1,2,0,3,משא מלך
S1171,S,book,True,III_book_entry,2,0,0,0,0,13,משביר
S1183,S,book,True,III_book_entry,2,19,1,0,0,15,משמיע ישועה
S1184,S,book,True,III_book_entry,2,84,8,1,0,14,משמרת הבית
S1186,S,book,True,III_book_entry,2,55,4,2,0,3,משמרת המצות
S1188,S,book,True,III_book_entry,2,110,1,1,0,3,משנה לחם
S1194,S,book,True,III_book_entry,2,11,4,0,0,3,משפט צדק
S1198,S,book,True,III_book_entry,2,9,0,0,0,6,משפטי שמואל
S1200,S,book,True,III_book_entry,2,9,1,1,0,3,משפטים ישרים
S1205,S,book,True,III_book_entry,2,39,1,0,0,5,מתנות כהונה
S1210,S,book,True,III_book_entry,2,4,1,0,0,2,נאמן שמואל
S1221,S,book,True,III_book_entry,2,42,0,2,0,5,נזר הקדש
S1226,S,book,True,III_book_entry,2,6,2,1,0,8,נחלת יעקב
S1250,S,book,True,III_book_entry,2,0,0,0,0,12,נקודות הכסף
S1253,S,book,True,III_book_entry,2,2,2,0,0,12,נר מצוה
S1255,S,book,True,III_book_entry,2,6,0,1,0,4,נשאל דוד
S1256,S,book,True,III_book_entry,2,1,1,0,0,5,נשמת חיים
S1260,S,book,True,III_book_entry,2,94,1,1,0,3,נתיבות משפט
S1267,S,book,True,III_book_entry,2,53,2,1,0,5,סדר ברכות
S1270,S,book,True,III_book_entry,2,68,2,1,0,2,סדר עבודה
S1276,S,book,True,III_book_entry,2,28,3,0,0,9,סדר עולם רבא וזוטא
S1295,S,book,True,III_book_entry,2,8,2,0,0,0,סלע המחלוקות
S1296,S,book,True,III_book_entry,2,7,0,0,0,10,סלת בלולה
S1299,S,book,True,III_book_entry,2,16,3,0,0,2,סם חיי
S1301,S,book,True,III_book_entry,2,10,2,0,0,5,סמיכת חכמים
S1306,S,book,True,III_book_entry,2,31,3,0,0,17,ספר על טהרות ועל איסורי ביאה
S1320,S,book,True,III_book_entry,2,64,2,0,0,2,ספרא דצניעותא
S1323,S,book,True,III_book_entry,2,11,2,0,0,8,ספרי זוטא
S1324,S,book,True,III_book_entry,2,5,0,0,0,5,ספרי חיים
S1333,S,book,True,III_book_entry,2,5,3,1,0,6,עבודת ישראל
S1335,S,book,True,III_book_entry,2,43,2,0,0,9,עבודת מקדש
S1336,S,book,True,III_book_entry,2,82,5,0,0,0,"עבודת הקדש להרשב""א"
S1339,S,book,True,III_book_entry,2,8,1,0,0,0,עדות ביהוסף
S1341,S,book,True,III_book_entry,2,53,2,1,0,5,עדי זהב
S1353,S,book,True,III_book_entry,2,1,0,1,0,4,עולת תמיד ועולת שבת
S1361,S,book,True,III_book_entry,2,8,1,0,0,11,עטרת אליהו
S1362,S,book,True,III_book_entry,2,22,1,2,0,12,עטרת זהב
S1366,S,book,True,III_book_entry,2,7,2,2,0,4,עטרת צבי
S1368,S,book,True,III_book_entry,2,105,0,0,0,15,עטרת ראש
S1373,S,book,True,III_book_entry,2,25,2,0,0,12,עין יהוסף
S1374,S,book,True,III_book_entry,2,7,2,0,0,12,עין יוסף
S1383,S,book,True,III_book_entry,2,4,1,0,0,4,עיר דוד
S1385,S,book,True,III_book_entry,2,6,1,1,0,5,על כל
S1392,S,book,True,III_book_entry,2,33,1,1,0,9,עמודי שמים
S1407,S,book,True,III_book_entry,2,45,2,0,0,2,עץ הדעת טוב
S1414,S,book,True,III_book_entry,2,9,1,1,0,8,עץ שתול
S1424,S,book,True,III_book_entry,2,14,4,3,0,18,ערך לחם
S1438,S,book,True,III_book_entry,2,3,1,0,0,1,פחד יצחק
S1440,S,book,True,III_book_entry,2,9,1,0,0,9,פי צדיק
S1442,S,book,True,III_book_entry,2,0,0,0,0,5,פי שנים
S1451,S,book,True,III_book_entry,2,24,2,1,0,10,"פירוש על הלכות אישות וקצת גירושין מהרמב""ם"
S1459,S,book,True,III_book_entry,2,9,3,1,0,0,"פירוש הטור עה""ת"
S1462,S,book,True,III_book_entry,2,7,2,0,0,0,פירוש הירושלמי ס' זרעים ובבות
S1481,S,book,True,III_book_entry,2,21,2,0,0,7,פירוש פרקי אבות
S1486,S,book,True,III_book_entry,2,72,1,0,0,6,פירוש שיר השירים
S1488,S,book,True,III_book_entry,2,11,0,0,0,15,פירוש תהלים איוב
S1491,S,book,True,III_book_entry,2,38,1,2,0,3,"פירוש התורה הרמב""ם"
S1513,S,book,True,III_book_entry,2,0,0,0,0,11,פלגי מים
S1517,S,book,True,III_book_entry,2,9,2,1,0,3,פליטת בית יהודה
S1522,S,book,True,III_book_entry,2,13,0,0,0,3,פני אהרן
S1523,S,book,True,III_book_entry,2,19,1,0,0,0,פני אריה
S1526,S,book,True,III_book_entry,2,2,0,1,0,2,פני יהושע
S1531,S,book,True,III_book_entry,2,26,1,5,0,8,פני משה ומראה הפנים
S1535,S,book,True,III_book_entry,2,30,1,0,0,9,פסח גדול
S1538,S,book,True,III_book_entry,2,20,3,0,0,1,פסיקתא על חמש מגלות
S1543,S,book,True,III_book_entry,2,37,2,0,0,1,פסקי הלכות
S1555,S,book,True,III_book_entry,2,19,2,1,0,1,פרדס
S1573,S,book,True,III_book_entry,2,10,4,1,0,13,פרי תואר
S1581,S,book,True,III_book_entry,2,49,0,1,0,5,פרקי היכלות
S1589,S,book,True,III_book_entry,2,2,0,0,0,0,פתח האהל
S1591,S,book,True,III_book_entry,2,46,1,2,0,0,פתיל תכלת
S1592,S,book,True,III_book_entry,2,3,1,1,0,13,צאן קדשים
S1596,S,book,True,III_book_entry,2,16,1,1,0,5,צדה לדרך
S1612,S,book,True,III_book_entry,2,19,1,1,0,4,צמח צדק
S1623,S,book,True,III_book_entry,2,13,1,0,0,6,צרור החיים
S1628,S,book,True,III_book_entry,2,78,3,1,0,6,ספר צרורות
S1641,S,book,True,III_book_entry,2,30,4,0,0,2,קול בוכים
S1643,S,book,True,III_book_entry,2,30,1,0,0,9,קול בעזרה
S1647,S,book,True,III_book_entry,2,36,1,4,0,10,קול יעקב
S1676,S,book,True,III_book_entry,2,106,2,0,0,0,קונטרס בענין מקואות
S1708,S,book,True,III_book_entry,2,2,3,0,0,13,קצור ס' יראים
S1710,S,book,True,III_book_entry,2,5,2,2,0,2,"קצור כונות האר""י"
S1712,S,book,True,III_book_entry,2,12,1,2,0,7,קצור מזרחי
S1713,S,book,True,III_book_entry,2,12,6,2,0,1,קצור מרדכי
S1714,S,book,True,III_book_entry,2,117,1,0,0,1,"קצור סמ""ג"
S1718,S,book,True,III_book_entry,2,0,0,0,0,2,קצור ראשית חכמה
S1723,S,book,True,III_book_entry,2,13,1,3,0,7,קצור תורת חטאת
S1724,S,book,True,III_book_entry,2,7,1,1,0,2,קצור תקפו כהן
S1733,S,book,True,III_book_entry,2,23,3,2,0,8,קרבן העדה
S1734,S,book,True,III_book_entry,2,4,1,0,0,5,קרבן שבת
S1742,S,book,True,III_book_entry,2,1,1,0,0,2,קרן אור ומראה הכהן
S1752,S,book,True,III_book_entry,2,13,1,1,0,0,ראש יוסף
S1762,S,book,True,III_book_entry,2,29,1,1,0,5,רגל ישרה
S1763,S,book,True,III_book_entry,2,7,1,0,0,4,רוח אליהו
S1771,S,book,True,III_book_entry,2,0,0,0,0,12,ריח שדה
S1789,S,book,True,III_book_entry,2,6,2,0,0,7,שאגת אריה
S1790,S,book,True,III_book_entry,2,30,1,0,0,9,שאגת אריה
S1792,S,book,True,III_book_entry,2,54,2,2,0,1,שאילת שלום
S1798,S,book,True,III_book_entry,2,11,3,1,0,3,"שו""ת הג""מ עזריאל טראבוטו"
S1803,S,book,True,III_book_entry,2,33,0,1,0,0,שארית יוסף
S1807,S,book,True,III_book_entry,2,12,1,0,0,4,שב יעקב
S1810,S,book,True,III_book_entry,2,32,1,0,0,11,שבות יעקב
S1813,S,book,True,III_book_entry,2,32,1,0,0,10,"שביתת י""ט"
S1820,S,book,True,III_book_entry,2,46,2,0,0,2,שברי לוחות
S1822,S,book,True,III_book_entry,2,1,1,0,0,4,שדה הארץ
S1826,S,book,True,III_book_entry,2,41,1,0,0,15,שוחר טוב
S1828,S,book,True,III_book_entry,2,5,1,0,0,2,שומר אמונים
S1833,S,book,True,III_book_entry,2,19,2,1,0,0,שושנת העמקים
S1839,S,book,True,III_book_entry,2,47,3,1,0,2,שיטה על מס' זבחים
S1867,S,book,True,III_book_entry,2,7,1,1,0,6,שמאל ישראל
S1874,S,book,True,III_book_entry,2,14,2,1,0,13,שמלה חדשה
S1876,S,book,True,III_book_entry,2,0,0,0,0,2,שמן טוב
S1878,S,book,True,III_book_entry,2,20,3,2,0,13,שמן למאור
S1896,S,book,True,III_book_entry,2,4,1,1,0,1,שער השמים
S1899,S,book,True,III_book_entry,2,2,2,0,0,9,שערי אורה
S1900,S,book,True,III_book_entry,2,17,1,0,0,2,שערי אורה
S1901,S,book,True,III_book_entry,2,29,3,1,0,1,שערי בינה
S1912,S,book,True,III_book_entry,2,17,1,0,0,2,שערי תורה
S1915,S,book,True,III_book_entry,2,40,2,1,0,7,שערים באסור והיתר
S1925,S,book,True,III_book_entry,2,15,4,1,0,7,שרש יוסף
S1927,S,book,True,III_book_entry,2,28,2,0,0,2,שרשי השמות
S1933,S,book,True,III_book_entry,2,20,1,2,0,3,שתי הלחם
S1936,S,book,True,III_book_entry,2,12,0,1,0,3,תבואות שור
S1941,S,book,True,III_book_entry,2,11,1,3,0,0,תודת שלמים
S1942,S,book,True,III_book_entry,2,15,1,3,0,7,תולדות אברהם
S1946,S,book,True,III_book_entry,2,80,1,1,0,2,תולדות אדם
S1949,S,book,True,III_book_entry,2,56,2,0,0,6,תולדות יצחק
S1957,S,book,True,III_book_entry,2,30,1,2,0,0,"תוספי הרא""ש"
S1958,S,book,True,III_book_entry,2,52,2,2,0,0,תוספי תוספות
S1959,S,book,True,III_book_entry,2,88,2,0,0,0,תוספת יום הכפורים
S1986,S,book,True,III_book_entry,2,48,2,0,0,7,תורת העולה
S2008,S,book,True,III_book_entry,2,1,1,0,0,16,תעלומות ומקורות חכמה
S2013,S,book,True,III_book_entry,2,14,3,2,0,16,תפארת שמואל
S2014,S,book,True,III_book_entry,2,30,1,0,0,9,תפלת ישרים
S2017,S,book,True,III_book_entry,2,40,0,2,0,5,תקון יששכר
S2020,S,book,True,III_book_entry,2,38,3,1,0,3,תקון סופרים
S2039,S,book,True,III_book_entry,2,44,2,0,0,1,ס' התשובה
S2046,S,book,True,III_book_entry,2,106,2,1,0,7,תרומת הדשן
G0002,G,person,True,I_person_entry,1,18,0,0,0,3,"מהר""ר אבא"
G0008,G,person,True,I_person_entry,1,1,1,0,0,9,"מהר""ר אבי עזרי זעליג מרגליות"
G0013,G,person,True,I_person_entry,1,4,0,0,0,5,הרב אברהם אבולעפיא
G0019,G,person,True,I_person_entry,1,9,9,9,0,18,"מהר""ר אברהם ן' אלשקר"
G0031,G,person,True,I_person_entry,1,2,1,2,0,12,"מהר""ר אברהם ברודו"
G0033,G,person,True,I_person_entry,1,6,0,0,0,2,"מהר""ר אברהם ברך מגוריציא"
G0042,G,person,True,I_person_entry,1,3,1,1,0,5,"מהר""ר אברהם ויטמונד"
G0046,G,person,True,I_person_entry,1,9,9,9,0,18,"מהר""ר אברהם לבית חזן"
G0054,G,person,True,I_person_entry,1,18,2,0,0,2,"מהר""ר אברהם טריקה"
G0055,G,person,True,I_person_entry,1,94,2,0,0,1,"ה""ר אברהם בן ה""ר יהוסף"
G0059,G,person,True,I_person_entry,1,8,1,1,0,2,רבי אברהם בר יצחק מרמון ספרד
G0062,G,person,True,I_person_entry,1,14,0,1,0,0,"מהר""ר אברהם ישראל"
G0063,G,person,True,I_person_entry,1,27,1,1,0,2,"מהר""ר אברהם ישראל זאבי"
G0074,G,person,True,I_person_entry,1,9,9,9,0,18,"מהר""ר אברהם מדינה"
G0082,G,person,True,I_person_entry,1,13,1,0,0,1,רבינו אברהם בר משה
G0086,G,person,True,I_person_entry,1,17,0,1,0,6,"מהר""ר אברהם הסופר"
G0088,G,person,True,I_person_entry,1,0,0,0,0,55,הרב אברהם ן' עזוז
G0090,G,person,True,I_person_entry,1,5,0,1,0,3,"מהר""א (אברהם?) ן' עזרא"
G0093,G,person,True,I_person_entry,1,39,0,4,0,7,"מהר""ר אברהם פישל"
G0094,G,person,True,I_person_entry,1,7,2,2,0,7,"מהר""ר אברהם מפראג"
G0095,G,person,True,I_person_entry,1,2,0,2,0,0,"מהר""ר אברהם מפרימסלא"
G0096,G,person,True,I_person_entry,1,9,9,9,0,18,"מהר""ר אברהם צלח"
G0101,G,person,True,I_person_entry,1,10,1,0,0,2,"מהר""ר אברהם קשטיל"
G0106,G,person,True,I_person_entry,1,18,0,0,0,3,רבינו אברהם מרוטנבורג
G0110,G,person,True,I_person_entry,1,8,4,1,0,3,"מהר""ר אברהם שונצינו"
G0111,G,person,True,I_person_entry,1,3,0,0,0,4,"מהר""ר אברהם בכ""ר שמואל"
G0112,G,person,True,I_person_entry,1,3,0,0,0,13,"מהר""ר אברהם שער אריה"
G0114,G,person,True,I_person_entry,1,3,4,0,0,5,"הרב אברהם תלמיד האר""י"
G0123,G,person,True,I_person_entry,1,1,0,1,0,7,"מהר""ר אהרן וירמיש"
G0128,G,person,True,I_person_entry,1,0,1,0,0,27,"מהר""ר אהרן ייטליס"
G0134,G,person,True,I_person_entry,1,14,0,2,0,16,החכם השלם אהרן הסבעוני
G0135,G,person,True,I_person_entry,1,22,0,0,0,2,הגביר אהרן פארדו
G0136,G,person,True,I_person_entry,1,4,1,1,0,2,רבינו אהרן מעיר קרדינא
G0137,G,person,True,I_person_entry,1,13,1,1,0,3,"מהר""ר אהרן רוזאניס"
G0142,G,person,True,I_person_entry,1,2,0,1,0,10,הרב אור שרגא פייביש
G0156,G,person,True,I_person_entry,1,0,0,0,0,51,"מהר""ר אליהו דוויך"
G0158,G,person,True,I_person_entry,1,42,0,0,0,11,"הג""מ אליהו ז""ק"
G0164,G,person,True,I_person_entry,1,1,1,1,0,20,"מהר""ר אליה טוביה"
G0171,G,person,True,I_person_entry,1,11,0,1,0,6,"מהר""ר אליה הלוי הזקן"
G0173,G,person,True,I_person_entry,1,18,0,2,0,0,רבינו אליהו מנחם
G0175,G,person,True,I_person_entry,1,18,0,0,0,2,"מהר""ר אליהו עובדיה"
G0177,G,person,True,I_person_entry,1,9,1,1,0,6,הרב אליהו פלקון
G0178,G,person,True,I_person_entry,1,15,2,3,0,5,"מהר""ר אליהו הצרפתי"
G0179,G,person,True,I_person_entry,1,18,0,0,0,6,"מהר""ר אברהם קאפסאלי"
G0182,G,person,True,I_person_entry,1,1,0,1,0,0,מה' אליהו שפירא
G0187,G,person,True,I_person_entry,1,3,0,0,0,3,"מהר""ר אליעזר אשכנזי"
G0191,G,person,True,I_person_entry,1,10,1,0,0,14,הרב ר' אליעזר דשינו
G0192,G,person,True,I_person_entry,1,40,2,2,0,1,רבינו אליעזר חזן
G0194,G,person,True,I_person_entry,1,5,0,2,0,0,רבינו אליעזר מטול
G0201,G,person,True,I_person_entry,1,5,1,1,0,1,"ה""ר אליעזר השמעוני"
G0203,G,person,True,I_person_entry,1,36,3,3,0,6,רבינו אליעזר בר שמואל מוירונא
G0205,G,person,True,I_person_entry,1,5,4,4,0,0,רבינו אלקים הלוי
G0210,G,person,True,I_person_entry,1,92,0,1,0,1,אלכסנדר בר שלמה
G0213,G,person,True,I_person_entry,1,18,0,0,0,8,רבינו אלעזר אלוף
G0215,G,person,True,I_person_entry,1,26,5,0,0,1,רבינו אלעזר מוורדון
G0216,G,person,True,I_person_entry,1,55,1,1,0,2,"מהר""ר אלעזר ן' יוחאי"
G0222,G,person,True,I_person_entry,1,2,0,1,0,10,מה' אפרים ארדיט
G0226,G,person,True,I_person_entry,1,0,3,10,0,9,"מהר""ר אפרים כ""ץ מווילנא"
G0229,G,person,True,I_person_entry,1,0,0,0,0,26,"מהר""ר אפרים"
G0233,G,person,True,I_person_entry,1,26,0,1,0,1,רבינו אשל
G0238,G,person,True,I_person_entry,1,1,1,0,0,14,רבינו אשר
G0239,G,person,True,I_person_entry,1,37,1,1,0,3,"מהר""ר אשר שלם"
G0244,G,person,True,I_person_entry,1,14,1,0,0,5,רב ביבי גאון
G0251,G,person,True,I_person_entry,1,0,0,0,0,11,"מהר""ר בנימן וואלף"
G0256,G,person,True,I_person_entry,1,6,0,2,0,2,מ' בנימן הלוי
G0259,G,person,True,I_person_entry,1,9,0,1,0,2,"מהר""ר בנימן הלוי"
G0263,G,person,True,I_person_entry,1,3,0,2,0,7,"מהר""א בנימן"
G0264,G,person,True,I_person_entry,1,0,0,0,0,6,"מהר""ר בנימן בכ""ר מתתיה"
G0266,G,person,True,I_person_entry,1,6,1,2,0,2,מה' דוב בער
G0267,G,person,True,I_person_entry,1,39,0,1,0,5,"מהר""ר (יששכר) בער כ""ץ"
G0285,G,person,True,I_person_entry,1,3,2,0,0,1,רבינו ברוך מרגנשפורג
G0288,G,person,True,I_person_entry,1,0,0,0,0,1,הגאון רבינו ברזילאי
G0291,G,person,True,I_person_entry,1,104,0,0,0,6,רבינו ברכיה הלוי
G0293,G,person,True,I_person_entry,1,38,0,3,0,8,ברבי
G0294,G,person,True,I_person_entry,1,19,0,1,0,10,הרב גבריאל ן' אהרן שטראסבורג
G0300,G,person,True,I_person_entry,1,29,3,1,0,2,"מהר""ר גדליה קורדובירו"
G0301,G,person,True,I_person_entry,1,0,0,0,0,8,"מהר""ר גדליהו בר שלמה"
G0303,G,person,True,I_person_entry,1,4,1,2,0,2,"מהר""ר גמליאל במ' חנניה מונסיליש"
G0304,G,person,True,I_person_entry,1,3,0,3,0,19,"מהר""ר (אליקים) געץ"
G0305,G,person,True,I_person_entry,1,109,0,0,0,1,רבינו גרשום
G0308,G,person,True,I_person_entry,1,7,2,0,0,1,רבינו גרשום בר שלמה
G0310,G,person,True,I_person_entry,1,6,0,1,0,1,רבינו גרשון ממיץ
G0311,G,person,True,I_person_entry,1,1,1,0,0,7,"מהר""ר גרשון קאבלענץ"
G0312,G,person,True,I_person_entry,1,5,1,0,0,0,גאון
G0315,G,person,True,I_person_entry,1,0,0,0,0,0,גאוני הראשונים
G0319,G,person,True,I_person_entry,1,0,0,0,0,0,גדולי המחברים
G0325,G,person,True,I_person_entry,1,0,0,0,0,3,"מהר""ר דוד אגוזי"
G0327,G,person,True,I_person_entry,1,37,0,1,0,0,הרב דוד בן אלעזר בן בקודה
G0329,G,person,True,I_person_entry,1,17,0,1,0,6,מה' דוד בלומיש
G0335,G,person,True,I_person_entry,1,1,1,1,0,20,"מהר""ר דוד בן הרב מה' הירץ פוזנר"
G0337,G,person,True,I_person_entry,1,8,2,1,0,0,מה' דוד בן זכרי
G0341,G,person,True,I_person_entry,1,6,1,4,0,12,"מהר""ר דוד במ' חיים חזן"
G0342,G,person,True,I_person_entry,1,7,0,1,0,2,מה' דוד טעבלא
G0344,G,person,True,I_person_entry,1,29,0,1,0,2,מה' דוד ן' יעקב
G0345,G,person,True,I_person_entry,1,6,1,4,0,15,"הרב דוד בכמהר""ר יעקב הכהן"
G0347,G,person,True,I_person_entry,1,27,1,1,0,1,הרב דוד בן רבינו ישעיה
G0350,G,person,True,I_person_entry,1,2,1,0,0,9,רבינו דוד ככבי
G0357,G,person,True,I_person_entry,1,3,1,1,0,9,"מהר""ר דוד ניטו"
G0361,G,person,True,I_person_entry,1,0,0,1,0,0,רבינו דוד בר סעדיה
G0363,G,person,True,I_person_entry,1,1,0,1,0,10,"מהר""ר דוד פאלקון"
G0366,G,person,True,I_person_entry,1,6,0,1,0,9,מה' דוד פנצי
G0371,G,person,True,I_person_entry,1,0,0,0,0,30,מה' דוד שירירו
G0373,G,person,True,I_person_entry,1,1,1,1,0,2,"מהר""ר דוד תמ""ך הלוי"
G0374,G,person,True,I_person_entry,1,45,2,0,0,0,רב דוסא בר סעדיה גאון
G0376,G,person,True,I_person_entry,1,66,2,1,0,0,הרב ר' דן
G0378,G,person,True,I_person_entry,1,6,0,5,0,2,מה' דניאל שמואל
G0380,G,person,True,I_person_entry,1,12,1,0,0,0,רבינו הושעיא
G0386,G,person,True,I_person_entry,1,2,0,1,0,7,מה' (יחיאל) הלל
G0388,G,person,True,I_person_entry,1,0,0,0,0,4,מה' הלל אשכנזי
G0391,G,person,True,I_person_entry,1,12,1,3,0,4,"מהר""ר וואלף"
G0393,G,person,True,I_person_entry,1,5,2,3,0,7,"מהר""ר וואלף שפירא"
G0395,G,person,True,I_person_entry,1,15,1,1,0,5,"מהר""ר וידאל הצרפתי"
G0400,G,person,True,I_person_entry,1,104,0,0,0,4,"מהר""ר זיסקינד רוטנבורג"
G0404,G,person,True,I_person_entry,1,10,1,0,0,0,"מהר""ר זלמן כהן"
G0407,G,person,True,I_person_entry,1,3,1,0,0,5,רבי זעליגמן
G0409,G,person,True,I_person_entry,1,0,0,0,0,31,מה' זרח איידליץ
G0411,G,person,True,I_person_entry,1,5,2,1,0,9,רבינו זרחיה היוני
G0428,G,person,True,I_person_entry,1,4,0,2,0,3,"מהר""ר חיים באסן"
G0434,G,person,True,I_person_entry,1,11,1,1,0,6,"מהר""ר חיים החבר"
G0437,G,person,True,I_person_entry,1,6,1,1,0,2,"מהר""ר חיים חייקא"
G0438,G,person,True,I_person_entry,1,4,1,1,0,1,רבינו חיים בן חפץ זהב
G0448,G,person,True,I_person_entry,1,5,0,3,0,7,"מהר""ר חיים הלוי"
G0449,G,person,True,I_person_entry,1,10,1,1,0,6,"מהר""ר חיים מוצירי"
G0452,G,person,True,I_person_entry,1,0,0,0,0,58,רבינו חיים בר נסים
G0453,G,person,True,I_person_entry,1,4,0,1,0,0,"מהר""ר חיים סאראגוסי"
G0455,G,person,True,I_person_entry,1,7,1,6,0,2,הרב חיים עשאל
G0460,G,person,True,I_person_entry,1,5,0,1,0,11,"מהר""ר חנון נבון"
G0462,G,person,True,I_person_entry,1,23,1,1,0,1,רב חנינא גאון
G0464,G,person,True,I_person_entry,1,0,0,0,0,32,רבינו חננאל בר שמואל
G0470,G,person,True,I_person_entry,1,3,0,2,0,3,מה' חנניה שאול
G0471,G,person,True,I_person_entry,1,8,1,0,0,8,הרב ן' חסדאי
G0485,G,person,True,I_person_entry,1,6,0,1,0,4,"מהר""ר ידידיה"
G0486,G,person,True,I_person_entry,1,14,1,1,0,1,רבינו ידידיה בר ישראל
G0488,G,person,True,I_person_entry,1,2,1,2,0,9,"מהר""ר ידידיה שלמה מנורצי"
G0490,G,person,True,I_person_entry,1,68,2,1,0,0,רבינו יהודה
G0493,G,person,True,I_person_entry,1,45,0,7,0,0,רבינו יהודה אלמדארי
G0494,G,person,True,I_person_entry,1,8,2,2,0,0,רבי יהודה אלפכר
G0499,G,person,True,I_person_entry,1,2,0,1,0,3,"מהר""ר יהודה די בוטון"
G0504,G,person,True,I_person_entry,1,0,0,0,0,15,מה' יהודא בריאל
G0505,G,person,True,I_person_entry,1,67,0,2,0,6,"מהר""ר יהודה"
G0506,G,person,True,I_person_entry,1,8,1,1,0,0,מר יהודה בן גיאון
G0511,G,person,True,I_person_entry,1,16,0,3,0,4,מה' יהודה טיקטין
G0512,G,person,True,I_person_entry,1,26,1,1,0,1,רבינו יהודה בר יצחק
G0517,G,person,True,I_person_entry,1,0,0,0,0,57,מה' יהודה ן' כלץ
G0522,G,person,True,I_person_entry,1,15,0,1,0,1,רבינו יהודה בר מאיר הכהן הזקן
G0523,G,person,True,I_person_entry,1,11,3,2,0,7,"מהר""ר יהודה בן הגאון מהר""ם מפאדובה"
G0524,G,person,True,I_person_entry,1,0,0,1,0,33,"מהר""ר יהודה מהללאל בכ""ר מצליח"
G0525,G,person,True,I_person_entry,1,15,0,0,0,7,"מהר""ר יהודה מילר"
G0528,G,person,True,I_person_entry,1,2,1,1,0,10,"מהר""ר יהודה בכה""ר משה אלבוטיני"
G0530,G,person,True,I_person_entry,1,3,1,0,0,11,"מהר""ר יהודה נבון"
G0535,G,person,True,I_person_entry,1,0,0,0,0,48,"מהר""ר יהודה עוזיאל"
G0540,G,person,True,I_person_entry,1,1,1,1,0,5,"מהר""ר יהודה פרץ"
G0543,G,person,True,I_person_entry,1,1,0,0,0,0,ר' יהודה בן קריש
G0548,G,person,True,I_person_entry,1,12,0,2,0,10,החכם ר' יהודה בן שלמה הספרדי
G0553,G,person,True,I_person_entry,1,6,3,1,0,2,"מהר""ר יהושע חאנדאלי"
G0560,G,person,True,I_person_entry,1,19,3,2,0,10,"ר' יהושע שלמה בן הח""ר ישראל נתן איש סונסינו"
G0562,G,person,True,I_person_entry,1,30,1,1,0,7,"ה""ר יואל אופנהיים"
G0563,G,person,True,I_person_entry,1,0,0,0,0,34,"ה""ר יואל בעל שם"
G0565,G,person,True,I_person_entry,1,3,0,0,0,4,"מהר""ר יואל"
G0569,G,person,True,I_person_entry,1,0,0,1,0,7,"מהר""ר יוחנן (מקרעמניץ"
G0571,G,person,True,I_person_entry,1,1,0,1,0,10,"מהר""ר יום טוב אלנקוה"
G0574,G,person,True,I_person_entry,1,49,2,0,0,1,רבינו יום טוב מיוני
G0577,G,person,True,I_person_entry,1,0,0,0,0,35,"מהר""ר יונה אשכנזי"
G0578,G,person,True,I_person_entry,1,2,1,0,0,0,רבי יונה בן גאנח המדקדק
G0580,G,person,True,I_person_entry,1,68,0,0,0,0,רבינו יונה גירונדי (שני
G0581,G,person,True,I_person_entry,1,3,0,2,0,9,"מהר""ר יונה (לאנדסופר"
G0583,G,person,True,I_person_entry,1,0,0,0,0,3,"מהר""ר יונה ן' ריי"
G0585,G,person,True,I_person_entry,1,94,0,0,0,1,הרב רבינו יוסף
G0586,G,person,True,I_person_entry,1,4,0,1,0,4,"מהר""ר יוסף"
G0590,G,person,True,I_person_entry,1,8,1,1,0,8,"מהר""ר יוסף אלבו"
G0592,G,person,True,I_person_entry,1,31,1,1,0,2,"ה""ר יוסף הארוך"
G0594,G,person,True,I_person_entry,1,6,1,1,0,13,מה' יוסף בהתית
G0603,G,person,True,I_person_entry,1,41,0,3,0,7,"מהר""ר יוסף"
G0607,G,person,True,I_person_entry,1,42,5,3,0,2,"מהר""ר יוסף ויטאל"
G0608,G,person,True,I_person_entry,1,0,0,0,0,0,מה' יוסף ן' וירגה
G0611,G,person,True,I_person_entry,1,2,0,0,0,9,ר' יוסף חזן מטריויס
G0612,G,person,True,I_person_entry,1,2,1,1,0,9,"מהר""ר יוסף חיון"
G0619,G,person,True,I_person_entry,1,0,0,0,0,36,"מהר""ר יוסף יחיאל"
G0621,G,person,True,I_person_entry,1,12,0,3,0,10,"מהר""ר יוסף בר יצחק בן אלופלא"
G0622,G,person,True,I_person_entry,1,2,0,1,0,7,"מהר""ר יוסף בר יצחק הלוי"
G0623,G,person,True,I_person_entry,1,38,1,0,0,3,"מהר""ר יוסף הכהן חסיד"
G0631,G,person,True,I_person_entry,1,3,2,1,0,3,מה' יוסף נחמולי
G0634,G,person,True,I_person_entry,1,5,0,0,0,6,רבינו יוסף סאגיס
G0640,G,person,True,I_person_entry,1,0,0,0,0,3,מה' יוסף פיגון
G0641,G,person,True,I_person_entry,1,1,1,1,0,15,"מהר""ר יוסף פייאמיטה"
G0642,G,person,True,I_person_entry,1,11,0,0,0,6,"מהר""ר יוסף פירמון"
G0645,G,person,True,I_person_entry,1,0,0,0,0,54,"מהר""ר יוסף צרפתי"
G0652,G,person,True,I_person_entry,1,109,7,3,0,1,רבינו יוסף קרא
G0653,G,person,True,I_person_entry,1,0,0,1,0,3,"מחר""י (יוסף) קרימניץ"
G0660,G,person,True,I_person_entry,1,3,1,0,0,2,"מהר""ר יוסף במהר""ש אבוהב"
G0661,G,person,True,I_person_entry,1,7,0,0,0,0,הרב יוסף שמואל מודיליאנו
G0662,G,person,True,I_person_entry,1,3,0,2,0,4,"מהר""ר יוסף שמואל מקראקא"
G0663,G,person,True,I_person_entry,1,3,0,1,0,3,ר' יוסף ברבי ששת בן לטימי
G0666,G,person,True,I_person_entry,1,0,0,0,0,7,"הרב הגאון מהר""ר יחזקאל קצנאלנבויגן"
G0667,G,person,True,I_person_entry,1,0,0,1,0,0,"מהר""ר יחיאל אשכנזי"
G0673,G,person,True,I_person_entry,1,2,0,2,0,3,הרב יחיאל מיכל
G0675,G,person,True,I_person_entry,1,1,0,0,0,5,"מהר""ר יחיאל מיכל מגלונא"
G0676,G,person,True,I_person_entry,1,1,1,1,0,16,"כמה""ר יחיאל מיכל סג""ל"
G0677,G,person,True,I_person_entry,1,5,0,2,0,2,הרב יחיאל מילי
G0678,G,person,True,I_person_entry,1,18,3,19,0,5,הגאון מה' יחיאל
G0679,G,person,True,I_person_entry,1,3,0,1,0,5,הרב יחיאל בר משולם מווארניק
G0684,G,person,True,I_person_entry,1,29,0,1,0,2,"מה' יעקב בכמה""ר אברהם בכמה""ר רבינו מהר""י בי רב"
G0685,G,person,True,I_person_entry,1,0,0,0,0,37,"מהר""ר יעקב אור שרגא"
G0686,G,person,True,I_person_entry,1,1,0,1,0,10,"מהר""ר יעקב אלבעלי"
G0688,G,person,True,I_person_entry,1,11,0,1,0,5,"מהר""ר יעקב אלפנדארי"
G0690,G,person,True,I_person_entry,1,0,0,0,0,7,"מהר""ר יעקב באק"
G0694,G,person,True,I_person_entry,1,17,0,1,0,7,"הג""מ יעקב גינצבורג"
G0695,G,person,True,I_person_entry,1,4,0,1,0,0,ר' יעקב דליקאטש
G0696,G,person,True,I_person_entry,1,2,1,0,0,2,הרב יעקב היילפרין
G0702,G,person,True,I_person_entry,1,21,0,2,0,1,מר יעקב החבר
G0703,G,person,True,I_person_entry,1,6,1,5,0,12,רבינו יעקב בן רבינו חננאל צקלי
G0704,G,person,True,I_person_entry,1,21,1,2,0,8,"מהר""ר יעקב בן הרב משאת בנימין"
G0707,G,person,True,I_person_entry,1,4,1,3,0,13,מה' יעקב יוסף
G0708,G,person,True,I_person_entry,1,22,1,1,0,1,רבינו יעקב בן רבינו יצחק הלוי
G0710,G,person,True,I_person_entry,1,13,1,4,0,5,"מהר""ר יעקב (ישראל"
G0711,G,person,True,I_person_entry,1,104,0,0,0,1,הרב יעקב (ישראל) פינצי מריקאנטי
G0712,G,person,True,I_person_entry,1,7,1,0,0,3,"מהר""ר יעקב הכהן"
G0717,G,person,True,I_person_entry,1,78,1,2,0,0,רבינו יעקב הלוי
G0720,G,person,True,I_person_entry,1,5,0,6,0,0,"מהר""ר יעקב יהודה ליב מפירששא"
G0721,G,person,True,I_person_entry,1,0,0,0,0,7,"מהר""ר יעקב לנדא אשכנזי"
G0727,G,person,True,I_person_entry,1,42,1,1,0,0,ר' יעקב נזיר
G0729,G,person,True,I_person_entry,1,3,0,2,0,4,"מהר""ר יעקב סיריוינה"
G0739,G,person,True,I_person_entry,1,6,1,0,0,6,"מהר""ר יעקב"
G0744,G,person,True,I_person_entry,1,109,0,2,0,1,"ה""ר יעקב בש""ה"
G0745,G,person,True,I_person_entry,1,10,0,2,0,10,"מהר""ר יעקב שטרימר"
G0746,G,person,True,I_person_entry,1,6,1,1,0,7,"מהר""ר יעקב קמחי"
G0751,G,person,True,I_person_entry,1,55,6,1,0,8,ר' יפת
G0754,G,person,True,I_person_entry,1,2,0,2,0,2,"מהר""ר יצחק אבזאמיל"
G0762,G,person,True,I_person_entry,1,5,2,2,0,1,רבינו יצחק מאורבילי
G0763,G,person,True,I_person_entry,1,1,0,1,0,0,"מהר""ר יצחק ן' אלברגלוני"
G0765,G,person,True,I_person_entry,1,38,1,0,0,3,"מהר""ר יצחק אלנקווה"
G0769,G,person,True,I_person_entry,1,35,2,1,0,3,הרב יצחק אפומאדו
G0770,G,person,True,I_person_entry,1,18,0,2,0,2,מה' יצחק אריפול
G0771,G,person,True,I_person_entry,1,24,7,2,0,1,רבינו יצחק בר אשר
G0774,G,person,True,I_person_entry,1,0,0,0,0,4,מה' יצחק בואינו
G0775,G,person,True,I_person_entry,1,12,1,1,0,6,מה' יצחק ביטון
G0777,G,person,True,I_person_entry,1,17,3,1,0,6,"ה""ר יצחק ברוך שאמר"
G0778,G,person,True,I_person_entry,1,0,0,0,0,50,מה' יצחק ברכה
G0779,G,person,True,I_person_entry,1,1,0,1,0,11,מה' יצחק בן גאמיל
G0780,G,person,True,I_person_entry,1,13,0,2,0,6,מה' יצחק גרשון
G0782,G,person,True,I_person_entry,1,13,0,1,0,0,מה' יצחק דון דון
G0784,G,person,True,I_person_entry,1,0,0,0,0,7,רבינו יצחק מדורא
G0787,G,person,True,I_person_entry,1,21,0,0,0,0,"מהר""ר יצחק ן' זאיית"
G0789,G,person,True,I_person_entry,1,0,0,0,0,9,"מהר""ר יצחק חאנין"
G0790,G,person,True,I_person_entry,1,11,1,0,0,7,מה' יצחק חריף
G0792,G,person,True,I_person_entry,1,22,11,2,0,1,רבינו יצחק בר יהודה
G0793,G,person,True,I_person_entry,1,3,6,5,0,1,רבינו יצחק בן רבי יהודה
G0794,G,person,True,I_person_entry,1,12,1,2,0,7,רבינו יצחק בר יהודה הלוי
G0795,G,person,True,I_person_entry,1,0,0,0,0,1,רבינו יצחק בר יהודה
G0797,G,person,True,I_person_entry,1,23,1,0,0,0,הסופר יצחק בר יוסף
G0804,G,person,True,I_person_entry,1,10,0,3,0,12,"מהר""ר יצחק די לאטיש"
G0805,G,person,True,I_person_entry,1,2,0,2,0,1,"מהר""א יצחק לאמפרונטי"
G0811,G,person,True,I_person_entry,1,9,1,2,0,2,"מהר""ר יצחק די לויה"
G0816,G,person,True,I_person_entry,1,3,0,2,0,11,"מהר""ר יצחק מאיר פרענקל"
G0820,G,person,True,I_person_entry,1,49,0,1,0,1,רבינו יצחק בר מרדכי
G0824,G,person,True,I_person_entry,1,11,0,1,0,6,"כמהר""ר יצחק משען"
G0825,G,person,True,I_person_entry,1,1,0,1,0,10,"מהר""ר יצחק נוניס בלימונטי"
G0827,G,person,True,I_person_entry,1,42,2,1,0,0,רבי יצחק נזיר
G0828,G,person,True,I_person_entry,1,1,1,0,0,0,רבינו יצחק נרבוני
G0831,G,person,True,I_person_entry,1,10,1,1,0,4,"הגאון מ' יצחק סג""ל"
G0833,G,person,True,I_person_entry,1,2,0,1,0,6,"כמה""ר יצחק עונקינירה"
G0835,G,person,True,I_person_entry,1,8,1,1,0,0,מר יצחק עמאר מסיפתא
G0836,G,person,True,I_person_entry,1,27,0,0,0,0,"ה""ר יצחק עקריש"
G0837,G,person,True,I_person_entry,1,6,1,0,0,15,"מהר""ר יצחק עראמה"
G0838,G,person,True,I_person_entry,1,35,1,0,0,0,"מהר""ר יצחק פאסי"
G0840,G,person,True,I_person_entry,1,26,1,1,0,2,"מהר""ר יצחק אב""ד מפוזנן"
G0841,G,person,True,I_person_entry,1,0,0,0,0,3,"מהר""ר יצחק פראנסיץ"
G0842,G,person,True,I_person_entry,1,8,2,4,0,2,רב יצחק ן' פרחי
G0843,G,person,True,I_person_entry,1,8,1,0,0,2,רב יצחק ן' פתחיה
G0845,G,person,True,I_person_entry,1,1,1,1,0,5,"כמה""ר יצחק קאבאליירו"
G0848,G,person,True,I_person_entry,1,37,2,3,0,0,הרב יצחק קמחי
G0851,G,person,True,I_person_entry,1,6,0,1,0,0,רבינו יצחק בר ראובן
G0852,G,person,True,I_person_entry,1,1,0,1,0,1,רבינו יצחק מרונפיר
G0853,G,person,True,I_person_entry,1,27,1,2,0,1,ר' יצחק בר ר' שבתי
G0854,G,person,True,I_person_entry,1,109,1,0,0,1,"רבינו יצחק אבי רש""י"
G0858,G,person,True,I_person_entry,1,0,0,0,0,2,"מהר""ר יצחק שני"
G0861,G,person,True,I_person_entry,1,109,1,0,0,1,רב יקותיאל הלוי מווירמיש
G0864,G,person,True,I_person_entry,1,14,0,1,0,16,"מהר""ר ישועה הכהן טנוגי"
G0865,G,person,True,I_person_entry,1,6,1,0,0,6,"מהר""ר ישועה הלוי"
G0867,G,person,True,I_person_entry,1,5,0,1,0,3,"מהר""ר ישי אלמולי"
G0868,G,person,True,I_person_entry,1,4,0,2,0,10,מה' ישמעאל ן' חכמון
G0869,G,person,True,I_person_entry,1,45,0,1,0,2,"מהר""ר ישמעאל חנינה"
G0871,G,person,True,I_person_entry,1,28,1,1,0,5,"ה""ר ישעיה בר אבא מרי"
G0887,G,person,True,I_person_entry,1,2,2,2,0,3,"מהר""ר ישראל בנבנשת"
G0888,G,person,True,I_person_entry,1,11,4,2,0,11,"מהר""ר ישראל בנימן"
G0889,G,person,True,I_person_entry,1,0,0,0,0,11,"כמהר""ר ישראל בנימן"
G0893,G,person,True,I_person_entry,1,4,0,4,0,4,"מהר""ר ישראל גאנז"
G0895,G,person,True,I_person_entry,1,0,0,0,0,56,"מהר""ר ישראל חזקיהו באסן"
G0896,G,person,True,I_person_entry,1,9,2,1,0,2,"מהר""ר ישראל במ' חיים בנבנשת"
G0899,G,person,True,I_person_entry,1,4,0,1,0,11,"מהר""ר ישראל מאיר מזרחי"
G0903,G,person,True,I_person_entry,1,4,0,2,0,3,"מהר""ר ישראל נרבוני"
G0906,G,person,True,I_person_entry,1,31,0,1,0,3,"מהר""ר ישראל פואה"
G0908,G,person,True,I_person_entry,1,3,1,2,0,7,"מהר""ר ישראל מקרמזיר"
G0911,G,person,True,I_person_entry,1,1,1,1,0,0,רבינו יששכר הלוי
G0912,G,person,True,I_person_entry,1,12,1,0,0,7,"ר""י מאולינש"
G0914,G,person,True,I_person_entry,1,3,3,3,0,16,"מהר""י הכהן טנוגי"
G0915,G,person,True,I_person_entry,1,45,1,1,0,2,"מהר""י לומברוזו"
G0916,G,person,True,I_person_entry,1,5,0,1,0,2,"מהר""י לינגו"
G0919,G,person,True,I_person_entry,1,16,1,1,0,3,"מהר""י סמוט"
G0921,G,person,True,I_person_entry,1,42,0,0,0,0,"הר""י ן' פלט"
G0922,G,person,True,I_person_entry,1,3,1,0,0,3,"מהר""י קרמי"
G0927,G,person,True,I_person_entry,1,0,0,0,0,38,"מהר""ר לוי אשכנזי"
G0932,G,person,True,I_person_entry,1,15,1,0,0,1,רבינו ליאונטין
G0933,G,person,True,I_person_entry,1,4,1,1,0,4,"מהר""ר ליב אופנהיים"
G0934,G,person,True,I_person_entry,1,0,0,0,0,16,"מהר""ר ליב"
G0935,G,person,True,I_person_entry,1,1,0,1,0,12,"מהר""ר ליב במ' יוסף רופא"
G0938,G,person,True,I_person_entry,1,3,0,0,0,14,"מהר""ר ליב סג""ל הורוויץ"
G0939,G,person,True,I_person_entry,1,24,1,1,0,7,החסיד ר' ליב מסלוצק
G0941,G,person,True,I_person_entry,1,2,2,0,0,4,"מהר""ר ליב פינסק"
G0947,G,person,True,I_person_entry,1,3,0,0,0,0,רבינו מאיר
G0950,G,person,True,I_person_entry,1,35,1,0,0,14,רבינו מאיר מאינגליטיירה
G0959,G,person,True,I_person_entry,1,10,2,1,0,14,הרב ר' מאיר מטרנקטאלייש
G0966,G,person,True,I_person_entry,1,2,0,1,0,3,מה' מאיר מלמד
G0969,G,person,True,I_person_entry,1,24,0,1,0,2,רבינו מאיר בר משה
G0970,G,person,True,I_person_entry,1,10,1,1,0,14,"הרב ר' מאיר בן הר""ר נתן"
G0974,G,person,True,I_person_entry,1,4,1,0,0,11,"הר""ם מאיר פרנקיל"
G0976,G,person,True,I_person_entry,1,2,0,2,0,4,"מהר""ר מאיר שיף"
G0980,G,person,True,I_person_entry,1,2,0,2,0,21,"מהר""ר מהללאל הללויה"
G0983,G,person,True,I_person_entry,1,0,0,0,0,39,מה' מיימון אידהן
G0984,G,person,True,I_person_entry,1,0,0,0,0,9,מה' מיימון יאפיל
G0988,G,person,True,I_person_entry,1,2,1,1,0,5,רבי מכיר בר אבא מרי
G0990,G,person,True,I_person_entry,1,17,1,1,0,6,מה' מלכיאל אשכנזי
G0991,G,person,True,I_person_entry,1,3,1,2,0,22,הרב דון מנואל בדורו
G0996,G,person,True,I_person_entry,1,1,1,0,0,14,"מהר""ם (מנחם) טיקטין"
G0998,G,person,True,I_person_entry,1,39,0,1,0,9,"מהר""ר מנחם מן הלוי"
G0999,G,person,True,I_person_entry,1,0,0,0,0,59,הרב מנחם מן מליסא
G1000,G,person,True,I_person_entry,1,3,1,0,0,7,"מהר""ר מנחם מעיל צדק"
G1002,G,person,True,I_person_entry,1,7,2,3,0,13,"הג""מ מנחם מענדיל"
G1004,G,person,True,I_person_entry,1,9,2,1,0,14,ר' מנחם הספרדי ן' סרוק
G1006,G,person,True,I_person_entry,1,3,2,1,0,7,רבני מנחם בר פנחס
G1007,G,person,True,I_person_entry,1,5,0,5,0,2,רבי מנחם ציוני
G1009,G,person,True,I_person_entry,1,0,0,0,0,4,רבינו מנחם מריזבורג
G1012,G,person,True,I_person_entry,1,5,0,3,0,10,"מהר""ר מנצור מרזוק"
G1013,G,person,True,I_person_entry,1,5,1,1,0,5,"מהר""ר מנשה בן ישראל"
G1015,G,person,True,I_person_entry,1,35,0,1,0,2,רבי מסעוד
G1016,G,person,True,I_person_entry,1,14,0,1,0,5,"מהר""ר מסעוד אזולאי"
G1017,G,person,True,I_person_entry,1,1,0,1,0,8,"מהר""ר מסעוד בן גנון"
G1021,G,person,True,I_person_entry,1,9,0,1,0,2,"ה""ר מרדכי אנגיל"
G1023,G,person,True,I_person_entry,1,0,0,0,0,41,"מהר""ר מרדכי"
G1027,G,person,True,I_person_entry,1,1,1,1,0,13,"מהר""ר מרדכי"
G1030,G,person,True,I_person_entry,1,1,1,0,0,6,"מהר""ר מרדכי הכהן"
G1033,G,person,True,I_person_entry,1,67,0,1,0,0,"מהר""ר מרדכי נתן"
G1034,G,person,True,I_person_entry,1,35,2,2,0,2,ר' מרדכי פראנסיס
G1037,G,person,True,I_person_entry,1,8,0,2,0,0,"הרב מרדכי בן מהר""ש שיריליו"
G1038,G,person,True,I_person_entry,1,34,2,2,0,7,"מרים אחות הרמ""א"
G1043,G,person,True,I_person_entry,1,0,0,0,0,39,"מהר""ר משה אידהן"
G1045,G,person,True,I_person_entry,1,6,1,3,0,6,"מהר""ר משה אלגאזי"
G1055,G,person,True,I_person_entry,1,3,0,1,0,6,"מהר""ר משה ברוך"
G1062,G,person,True,I_person_entry,1,8,2,3,0,9,"מהר""ר משה הייגרליך"
G1072,G,person,True,I_person_entry,1,4,1,1,0,3,"מהר""ר משה חיים"
G1073,G,person,True,I_person_entry,1,7,2,0,0,1,רבינו משה בר חנוך
G1077,G,person,True,I_person_entry,1,5,0,1,0,4,"מהר""ר משה בכמה""ר יעקב עוזיאל"
G1081,G,person,True,I_person_entry,1,29,0,1,0,2,"מהר""ר משה במ' ישראל די קוריאל"
G1083,G,person,True,I_person_entry,1,1,2,1,0,10,רבינו משה הכהן
G1084,G,person,True,I_person_entry,1,1,0,1,0,2,"מהר""ר משה הכהן"
G1085,G,person,True,I_person_entry,1,9,2,2,0,6,"מהר""ר משה הכהן"
G1086,G,person,True,I_person_entry,1,10,1,0,0,3,"מהר""ר משה הכהן"
G1087,G,person,True,I_person_entry,1,3,1,3,0,3,"מהר""ר משה הכהן"
G1089,G,person,True,I_person_entry,1,104,0,0,0,14,"מהר""ר משה ליאון מאורבינו"
G1090,G,person,True,I_person_entry,1,104,0,0,0,3,"מהר""ר משה די מאייו"
G1091,G,person,True,I_person_entry,1,104,0,0,0,3,"מהר""ר משה מאלייא"
G1094,G,person,True,I_person_entry,1,37,0,1,0,0,"מהר""ר משה מועטי"
G1097,G,person,True,I_person_entry,1,14,0,1,0,16,הרב משה בר מיימון המכונה אלבאז
G1098,G,person,True,I_person_entry,1,72,0,1,0,10,הרב משה בר מיימון אלפאסי
G1101,G,person,True,I_person_entry,1,0,0,0,0,3,מה' משה בן מכיר
G1102,G,person,True,I_person_entry,1,3,2,0,0,4,"מהר""ר משה בן מנחם"
G1103,G,person,True,I_person_entry,1,23,0,1,0,8,"מהר""ר משה מרגליות"
G1110,G,person,True,I_person_entry,1,9,0,2,0,16,"מהר""ר משה (כ""ץ) נראל"
G1112,G,person,True,I_person_entry,1,0,0,0,0,6,"מהר""ר משה עונקנירה"
G1113,G,person,True,I_person_entry,1,3,3,0,0,9,"מהר""ר משה מפוזנא"
G1114,G,person,True,I_person_entry,1,49,1,0,0,1,"הר""מ מפונטיזא"
G1115,G,person,True,I_person_entry,1,3,0,3,0,0,"הר""מ פיזאנטי"
G1118,G,person,True,I_person_entry,1,7,2,2,0,7,רבי משה פרנס
G1125,G,person,True,I_person_entry,1,1,1,0,0,1,"ר""מ מקוצי"
G1129,G,person,True,I_person_entry,1,39,1,1,0,9,"הר""מ רומי הסופר"
G1130,G,person,True,I_person_entry,1,7,2,0,0,1,רבינו משה
G1132,G,person,True,I_person_entry,1,49,2,0,0,1,ר' משה בר שלמה הכהן
G1135,G,person,True,I_person_entry,1,4,3,0,0,5,"ה""ר משה שניאור מאיבורא"
G1136,G,person,True,I_person_entry,1,94,1,1,0,1,רבינו משה שפירא
G1139,G,person,True,I_person_entry,1,10,1,1,0,14,"מהר""ר משלם הלוי"
G1140,G,person,True,I_person_entry,1,2,0,1,0,1,רבינו משלם בר משה
G1143,G,person,True,I_person_entry,1,19,1,0,0,10,"מהר""ר משלם קוזי"
G1147,G,person,True,I_person_entry,1,1,0,1,0,5,רב מתתיה דרשן
G1149,G,person,True,I_person_entry,1,104,0,0,0,3,"מהר""ם מקאנגי"
G1154,G,person,True,I_person_entry,1,71,1,0,0,0,רבינו נחמיה
G1155,G,person,True,I_person_entry,1,3,2,1,0,1,רבינו נחמן
G1156,G,person,True,I_person_entry,1,7,0,0,0,7,"מהר""ר נחמן"
G1158,G,person,True,I_person_entry,1,109,0,0,0,1,"מהר""ר נחמן בר שמואל"
G1161,G,person,True,I_person_entry,1,68,1,1,0,0,"הר""ן בעל הדרשות"
G1163,G,person,True,I_person_entry,1,1,0,1,0,5,נסים ן' ראש
G1164,G,person,True,I_person_entry,1,0,7,5,0,3,"מהר""ר נסים רוזילייו"
G1165,G,person,True,I_person_entry,1,9,0,0,0,1,"מ""ה נסים שלום"
G1166,G,person,True,I_person_entry,1,8,2,2,0,9,"מהר""ר נפתלי בכמה""ר דוד"
G1167,G,person,True,I_person_entry,1,0,0,0,0,4,"מהר""ר נפתלי הירץ"
G1169,G,person,True,I_person_entry,1,1,2,0,0,25,"מהר""ר נפתלי במה""ר שמעו גינצבורג"
G1170,G,person,True,I_person_entry,1,0,1,1,0,4,רבינו נתן
G1173,G,person,True,I_person_entry,1,2,1,0,0,4,רב נתן גאון
G1175,G,person,True,I_person_entry,1,7,1,0,0,1,רבי נתן הדיין
G1176,G,person,True,I_person_entry,1,1,0,1,0,0,"מהר""ר נתן מאז"
G1178,G,person,True,I_person_entry,1,68,0,1,0,0,"רבינו נתן בכה""ר מאיר"
G1180,G,person,True,I_person_entry,1,24,0,2,0,1,רבינו נתן בר מנחם
G1187,G,person,True,I_person_entry,1,7,1,0,0,3,"הר""ן"
G1188,G,person,True,I_person_entry,1,3,0,1,0,0,רבינו נתנאל גאון
G1192,G,person,True,I_person_entry,1,1,0,1,0,14,"מהר""ר נתנאל קרשקש"
G1193,G,person,True,I_person_entry,1,12,0,3,0,10,רבי נתנאל הרופא
G1198,G,person,True,I_person_entry,1,39,2,1,0,1,רבינו סעדיה בן רבינו בכור שור
G1200,G,person,True,I_person_entry,1,39,2,3,0,16,רב סעדיה
G1206,G,person,True,I_person_entry,1,30,0,1,0,4,"מהר""ר עוזר"
G1211,G,person,True,I_person_entry,1,68,0,1,0,0,רבינו עזריאל
G1212,G,person,True,I_person_entry,1,104,0,0,0,3,"מהר""ר עזריאל דיינא"
G1219,G,person,True,I_person_entry,1,12,4,3,0,7,"מהר""ר עזריה בר שמעון"
G1225,G,person,True,I_person_entry,1,2,0,2,0,11,"מהר""ר עקיבא טרעני"
G1228,G,person,True,I_person_entry,1,49,1,0,0,1,רבינו פטר
G1233,G,person,True,I_person_entry,1,0,0,0,0,49,"מהר""ר פנחס"
G1234,G,person,True,I_person_entry,1,1,0,1,0,3,"מהר""ר פנחס הכהן"
G1236,G,person,True,I_person_entry,1,34,1,1,0,7,"מהר""ר פנחס הלוי הורוויץ"
G1237,G,person,True,I_person_entry,1,1,0,0,0,15,"מהר""ר פנחס עניו"
G1238,G,person,True,I_person_entry,1,9,2,1,0,3,רבינו פרחיה בר נסים
G1241,G,person,True,I_person_entry,1,2,0,2,0,0,"מהר""ר פרץ"
G1242,G,person,True,I_person_entry,1,1,1,0,0,4,"מהר""ר צבי"
G1246,G,person,True,I_person_entry,1,3,0,1,0,4,"מהר""ר צבי מקראקא"
G1248,G,person,True,I_person_entry,1,14,1,1,0,0,רבינו צדוק
G1251,G,person,True,I_person_entry,1,21,5,3,0,2,רב צמח גאון
G1257,G,person,True,I_person_entry,1,40,1,1,0,1,רבינו קלונימוס
G1260,G,person,True,I_person_entry,1,0,1,0,0,4,קליר רבי אלעזר הקליר
G1262,G,person,True,I_person_entry,1,14,4,3,0,0,הרב קרשקש וידאל
G1263,G,person,True,I_person_entry,1,14,1,0,0,1,רבינו ראובן
G1264,G,person,True,I_person_entry,1,0,0,0,0,4,"מהר""ר ראובן אשכנזי"
G1265,G,person,True,I_person_entry,1,1,0,0,0,0,רבינו ראובן בר חיים
G1267,G,person,True,I_person_entry,1,3,1,2,0,13,"מהר""ר ראובן ן' צור"
G1270,G,person,True,I_person_entry,1,22,1,1,0,12,הרב רפאל אשכנזי
G1272,G,person,True,I_person_entry,1,3,0,3,0,12,"מהר""ר רפאל טריביס"
G1273,G,person,True,I_person_entry,1,0,0,0,0,42,"הג""מ רפאל הכהן"
G1275,G,person,True,I_person_entry,1,3,1,2,0,3,כמה' רפאל הלוי
G1276,G,person,True,I_person_entry,1,1,0,1,0,4,"מהר""ר רפאל מילדולא"
G1277,G,person,True,I_person_entry,1,0,0,0,0,43,החכם רפאל נורצי
G1278,G,person,True,I_person_entry,1,0,0,0,0,52,מה' רפאל נחמיאש
G1288,G,person,True,I_person_entry,1,1,1,0,0,5,הרב שאול בר דוד
G1290,G,person,True,I_person_entry,1,8,1,1,0,16,"מהר""ר שאול"
G1294,G,person,True,I_person_entry,1,2,1,1,0,4,"מהר""ר שבתי וינטורה"
G1299,G,person,True,I_person_entry,1,9,2,0,0,1,"רבי שילה בן הר""י מסימפונט"
G1300,G,person,True,I_person_entry,1,1,0,1,0,14,"מהר""ר שלום"
G1301,G,person,True,I_person_entry,1,39,1,1,0,1,"מהר""ר שלום מויינא"
G1303,G,person,True,I_person_entry,1,0,0,0,0,2,מה' שלום שרעבי
G1304,G,person,True,I_person_entry,1,6,0,0,0,6,מה' שלמה אבסבאן
G1306,G,person,True,I_person_entry,1,30,1,1,0,1,רבינו שלמה בן אברהם ממונפלייר
G1307,G,person,True,I_person_entry,1,2,1,1,0,2,מה' שלמה אוהב
G1308,G,person,True,I_person_entry,1,0,0,0,0,53,מה' שלמה די אוליוירה
G1314,G,person,True,I_person_entry,1,0,0,1,0,1,מה' שלמה אסתרוק
G1315,G,person,True,I_person_entry,1,2,0,1,0,17,"מהר""ר שלמה אשכנזי"
G1316,G,person,True,I_person_entry,1,6,0,1,0,1,רבינו שלמה הבבלי
G1322,G,person,True,I_person_entry,1,3,0,1,0,5,רבינו שלמה בן היתום
G1323,G,person,True,I_person_entry,1,75,1,1,0,1,"ה""ר שלמה הכהן"
G1335,G,person,True,I_person_entry,1,1,1,0,0,1,רבינו שלמה מטראני
G1337,G,person,True,I_person_entry,1,5,1,2,0,3,"מהר""ר שלמה בכ""ר מרדכי"
G1339,G,person,True,I_person_entry,1,17,0,1,0,6,"מהר""ר שלמה נרבוני"
G1344,G,person,True,I_person_entry,1,3,0,1,0,3,"מהר""ש ן' עזרא"
G1345,G,person,True,I_person_entry,1,9,2,2,0,2,"מהר""ר שלמה עמאר"
G1351,G,person,True,I_person_entry,1,29,1,1,0,2,"מהר""ר שלמה שלימל"
G1355,G,person,True,I_person_entry,1,5,1,2,0,2,"מהר""ר שלמה שער אריה"
G1357,G,person,True,I_person_entry,1,1,1,0,0,13,"מהר""ר שם טוב גבאי"
G1359,G,person,True,I_person_entry,1,92,5,1,0,0,רבינו שם טוב פלכו
G1363,G,person,True,I_person_entry,1,8,1,0,0,0,השר שמואל אבארבאניל
G1364,G,person,True,I_person_entry,1,0,0,0,0,1,רבינו שמואל בר אהרן הכהן
G1366,G,person,True,I_person_entry,1,1,0,1,0,13,"מהר""ש אוטולינגו"
G1370,G,person,True,I_person_entry,1,5,1,0,0,1,רבינו שמואל בן רבינו אלחנן בן רבינו יצחק
G1377,G,person,True,I_person_entry,1,4,1,1,0,2,"ה""ר שמואל גאליקי"
G1382,G,person,True,I_person_entry,1,6,0,0,0,5,"מהר""ר שמואל הידא"
G1383,G,person,True,I_person_entry,1,11,0,2,0,6,הרב שמואל ואלאנסי
G1384,G,person,True,I_person_entry,1,4,1,2,0,6,"מהר""ר שמואל די וידאש"
G1390,G,person,True,I_person_entry,1,0,4,8,0,6,"מהר""ר שמואל חכים"
G1393,G,person,True,I_person_entry,1,15,0,3,0,6,"מהר""ש חקאן הלוי"
G1394,G,person,True,I_person_entry,1,104,0,0,0,3,"מהר""ר שמואל טאיטאצק"
G1395,G,person,True,I_person_entry,1,4,2,1,0,7,"מהר""ר שמואל במ' יוסף איש לובלין"
G1397,G,person,True,I_person_entry,1,1,1,1,0,2,"מהר""ר שמואל יצחק"
G1399,G,person,True,I_person_entry,1,4,1,3,0,2,הרב שמואל הכהן
G1402,G,person,True,I_person_entry,1,14,0,1,0,5,ר' שמואל הלוי (מוירמישא
G1414,G,person,True,I_person_entry,1,1,0,0,0,0,"מהר""ר שמואל ן' סיד"
G1416,G,person,True,I_person_entry,1,38,1,0,0,3,"מהר""ר שמואל עדילה"
G1420,G,person,True,I_person_entry,1,24,0,1,0,7,"מהר""ר שמואל מפראיישדורף"
G1429,G,person,True,I_person_entry,1,0,2,2,0,1,רבינו שמואל שיקילי
G1433,G,person,True,I_person_entry,1,21,1,2,0,1,רבינו שמואל בן רבינו שמחה
G1437,G,person,True,I_person_entry,1,3,1,0,0,6,"ה""ר שמואל"
G1438,G,person,True,I_person_entry,1,9,1,1,0,6,"מהר""ש סבע"
G1443,G,person,True,I_person_entry,1,11,1,2,0,1,רבינו שמחה משפירא
G1445,G,person,True,I_person_entry,1,3,0,1,0,2,"מהר""ר שמעון במה' אפרים יהודה"
G1448,G,person,True,I_person_entry,1,2,0,2,0,12,"מהר""ש דוויך הכהן"
G1450,G,person,True,I_person_entry,1,15,0,2,0,7,"מהר""ר שמעון בהג""מ יעקב רישר"
G1453,G,person,True,I_person_entry,1,6,1,0,0,0,הרב שמעון המעילי
G1463,G,person,True,I_person_entry,1,6,0,2,0,10,החכם ר' שמשון בן אבטליון
G1465,G,person,True,I_person_entry,1,17,2,3,0,6,"מהר""ר שמשון בר אליעזר"
G1468,G,person,True,I_person_entry,1,7,0,0,0,4,"מהר""ר שמשון חסיד"
G1469,G,person,True,I_person_entry,1,35,1,1,0,1,רבינו שמשון הכהן
G1470,G,person,True,I_person_entry,1,1,1,1,0,15,"מהר""ר שמשון מורפורגו"
G1471,G,person,True,I_person_entry,1,6,3,2,0,9,"מהר""ר שמשון נחמני"
G1472,G,person,True,I_person_entry,1,35,2,1,0,1,רבינו שמשון מפלייזא
G1474,G,person,True,I_person_entry,1,4,1,0,0,1,רבינו שמשון מקוצי
G1481,G,person,True,I_person_entry,1,38,0,0,0,1,"רשב""ט"
G1482,G,person,True,I_person_entry,1,10,0,0,0,10,"מהר""ש נעים"
G1483,G,person,True,I_person_entry,1,4,0,0,0,2,"מהר""ש די פאס"
G1484,G,person,True,I_person_entry,1,14,1,0,0,13,"מהר""ש קוסטא"
G1488,G,person,True,I_person_entry,1,5,1,1,0,9,רבינו תם מאורליאנס
O0001,O,book,False,IV_book_external,1,8,0,0,0,0,אֲרוֹמִמְךָ (רשות לסדר עבודה)
O0004,O,person,False,II_person_external,1,38,0,1,0,3,אבא מורי (אביו של בעל עץ אבות)
O0006,O,person,False,II_person_external,1,42,1,0,0,2,אבו סייפין
O0007,O,book,False,IV_book_external,1,3,2,0,0,5,אבות דרבי נתן
O0008,O,person,False,II_person_external,1,2,1,2,0,4,אבי בעל יד דוד
O0009,O,person,False,II_person_external,1,9,1,1,0,9,"אביו של מהר""ר ליב הגאון"
O0011,O,person,False,II_person_external,1,2,2,0,0,4,אבן העזר
O0012,O,book,False,IV_book_external,1,75,1,0,0,1,"אבן העזר (ספר ראב""ן)"
O0013,O,book,False,IV_book_external,1,3,1,0,0,19,אבן השוהם
O0014,O,person,False,II_person_external,1,1,0,1,0,6,"אברהם (אבי מה""ר אלישע)"
O0016,O,person,False,II_person_external,1,55,0,1,0,8,אברם
O0017,O,book,False,IV_book_external,1,2,1,0,0,11,אגדות תלמוד ירושלמי (סדר זרעים ומועד)
O0019,O,book,False,IV_book_external,1,3,2,0,0,3,אגרת אל תהי כאבותיך
O0020,O,book,False,IV_book_external,1,8,1,1,0,0,"אגרת הרמב""ן"
O0021,O,book,False,IV_book_external,1,23,1,0,0,1,אגרת רב שרירא גאון
O0023,O,book,False,IV_book_external,1,31,1,0,0,2,אדרא
O0024,O,book,False,IV_book_external,1,14,1,0,0,2,אדרא (אידרא רבא ואידרא זוטא)
O0025,O,book,False,IV_book_external,1,3,2,0,0,9,אדרא זוטא
O0027,O,book,False,IV_book_external,1,29,1,0,0,2,אדרא רבא ואדרא זוטא
O0029,O,person,False,II_person_external,1,35,1,1,0,0,אונקלוס הגר
O0032,O,book,False,IV_book_external,1,3,2,0,0,0,אזהרות רבינו יצחק בר ראובן אלברגלוני
O0033,O,book,False,IV_book_external,1,18,0,0,0,3,אזני יהושע
O0034,O,person,False,II_person_external,1,48,2,0,0,1,אחאב מלך ישראל
O0035,O,person,False,II_person_external,1,16,0,1,0,3,אחד מאוהבי
O0036,O,person,False,II_person_external,1,1,0,1,0,8,אחד מרבני אשכנז (מחבר בנין יהושע)
O0037,O,person,False,II_person_external,1,41,1,1,0,7,"אחד מתלמידי מהר""א שפירא"
O0038,O,person,False,II_person_external,1,4,0,1,0,11,אחד קדוש (מחבר קונטרס על תוך כדי דבור בספר חזון נחום)
O0039,O,person,False,II_person_external,1,1,1,1,0,3,אחי הרב ן' שנגי
O0040,O,book,False,IV_book_external,1,3,2,0,0,2,אידרא רבא
O0041,O,book,False,IV_book_external,1,2,2,1,0,7,"איסור והיתר של רש""ל (הגהות רש""ל על שערי דורא)"
O0042,O,person,False,II_person_external,1,9,0,0,0,11,איספיראנסה
O0045,O,person,False,II_person_external,1,28,3,4,0,5,אליהועיני בן הקוף
O0046,O,person,False,II_person_external,1,28,1,0,0,5,אליהועיני בן הקף
O0047,O,person,False,II_person_external,1,17,0,1,0,0,"אליעזר ב""ר שלמה ספרדי ן' צור"
O0048,O,person,False,II_person_external,1,55,3,2,0,8,אליעזר בן משה רבינו
O0050,O,person,False,II_person_external,1,3,1,0,0,2,אלישע הנביא
O0051,O,person,False,II_person_external,1,27,1,0,0,0,אלכסנדר מוקדון
O0052,O,book,False,IV_book_external,1,12,1,0,0,5,אלמגסט
O0053,O,book,False,IV_book_external,1,6,1,0,0,5,אלף אופנים
O0054,O,person,False,II_person_external,1,23,1,0,0,8,אמוראים
O0055,O,person,False,II_person_external,1,4,0,1,0,9,אנשי כנסת הגדולה
O0056,O,book,False,IV_book_external,1,9,1,0,0,9,ארש חמדה
O0057,O,book,False,IV_book_external,1,14,1,1,0,13,"אשו""ר"
O0060,O,book,False,IV_book_external,1,1,1,0,0,3,באר רחובות
O0062,O,person,False,II_person_external,1,24,1,1,0,0,בבא בן בוטא
O0063,O,book,False,IV_book_external,1,32,1,0,0,7,בבא בתרא
O0064,O,person,False,II_person_external,1,24,1,2,0,7,בועז
O0065,O,book,False,IV_book_external,1,13,1,1,0,6,"ביאור הרא""ם על פירוש רש""י"
O0066,O,book,False,IV_book_external,1,13,1,1,0,0,"ביאור מהר""י קורקוס"
O0068,O,book,False,IV_book_external,1,4,0,2,0,1,"ביאורי הסמ""ג לרבינו אייזיק שטיין (כתב יד)"
O0069,O,book,False,IV_book_external,1,35,1,1,0,1,"ביאורים לסמ""ג"
O0071,O,book,False,IV_book_external,1,21,2,1,0,11,בית יהודה (עין יעקב - יהודה אריה ממודינא)
O0072,O,book,False,IV_book_external,1,2,0,1,0,11,בית לחם יהודה
O0074,O,book,False,IV_book_external,1,4,1,0,0,9,"בית תפלה (סידור יעב""ץ)"
O0075,O,book,False,IV_book_external,1,1,1,0,0,1,בכור שור (פירוש התורה)
O0076,O,person,False,II_person_external,1,9,3,3,0,3,בן גוריון
O0077,O,person,False,II_person_external,1,1,1,1,0,9,בן דוד
O0078,O,person,False,II_person_external,1,5,1,1,0,8,בן הרב
O0081,O,person,False,II_person_external,1,2,0,1,0,24,"בן מהר""ר נהוראי ג' ארמון"
O0082,O,person,False,II_person_external,1,39,1,0,0,9,בן נפתלי
O0083,O,person,False,II_person_external,1,13,1,0,0,5,בן רבי ישראל בעל ילקוט חדש
O0085,O,person,False,II_person_external,1,25,1,0,0,19,בנות צלפחד
O0086,O,person,False,II_person_external,1,38,0,1,0,3,בני יעיש
O0087,O,person,False,II_person_external,1,3,2,0,0,5,"בני מהרח""א (בני רבי חיים אבולעפיא)"
O0089,O,person,False,II_person_external,1,10,0,1,0,7,בעל אסיפת הכללים
O0090,O,person,False,II_person_external,1,3,1,2,0,3,בעל באר יצחק
O0091,O,person,False,II_person_external,1,74,0,1,0,10,בעל בתי כהונה
O0094,O,person,False,II_person_external,1,9,0,2,0,8,בעל חדות יעקב / עדות ביעקב
O0095,O,person,False,II_person_external,1,3,0,1,0,13,בעל חק לישראל
O0096,O,person,False,II_person_external,1,109,0,2,0,1,בעל כהונת עולם
O0097,O,person,False,II_person_external,1,7,0,0,0,3,בעל מורה צדק
O0098,O,person,False,II_person_external,1,1,0,1,0,1,בעל מנחת יהודה
O0099,O,person,False,II_person_external,1,25,0,2,0,8,בעל מענה לשון
O0100,O,person,False,II_person_external,1,33,0,1,0,0,בעל מרגניתא טבא
O0101,O,person,False,II_person_external,1,5,2,0,0,0,בעל מתיבות
O0102,O,person,False,II_person_external,1,28,2,2,0,2,בעל ספר בני משה
O0103,O,person,False,II_person_external,1,33,0,1,0,0,בעל ספר החינוך
O0105,O,person,False,II_person_external,1,9,0,2,0,7,בעל עטרת פז
O0106,O,person,False,II_person_external,1,10,0,0,0,3,בעל קול יעקב
O0107,O,person,False,II_person_external,1,33,0,1,0,0,בעל קנאת סופרים
O0108,O,person,False,II_person_external,1,92,0,2,0,1,"בעל שו""ת מוצל מאש"
O0109,O,person,False,II_person_external,1,12,0,1,0,3,בעל שונה הלכות
O0112,O,person,False,II_person_external,1,14,2,1,0,13,"בר""ח"
O0114,O,person,False,II_person_external,1,25,5,2,0,0,ברוריא
O0115,O,book,False,IV_book_external,1,24,2,0,0,0,ברייתא של ציצית
O0116,O,book,False,IV_book_external,1,5,1,2,0,5,ברית אברהם (פירוש על ילקוט שמעוני)
O0117,O,book,False,IV_book_external,1,2,1,1,0,9,ברכות שמים
O0119,O,person,False,II_person_external,1,23,1,2,0,8,גאון אחד (בלתי מזוהה)
O0120,O,person,False,II_person_external,1,1,2,0,0,1,גביר ופרנס העיר (פטרון אנונימי של ספר הפרנס)
O0121,O,book,False,IV_book_external,1,1,0,0,0,0,גדולי הדורות
O0122,O,book,False,IV_book_external,1,0,0,0,0,29,גדולי המחברים
O0123,O,book,False,IV_book_external,1,0,0,0,0,1,גדולי לותיר
O0124,O,book,False,IV_book_external,1,94,2,0,0,1,גליון התוספות
O0125,O,book,False,IV_book_external,1,78,1,2,0,0,גליון תוספות
O0126,O,book,False,IV_book_external,1,0,0,0,0,10,גמ' דה
O0127,O,book,False,IV_book_external,1,1,1,0,0,6,גמרא (תלמוד)
O0129,O,book,False,IV_book_external,1,28,2,0,0,5,גמרא פרק שני דייני גזרות (מסכת כתובות)
O0130,O,person,False,II_person_external,1,3,0,0,0,1,"גרמ""א"
O0131,O,book,False,IV_book_external,1,2,1,0,0,5,דבי אליהו
O0132,O,book,False,IV_book_external,1,39,1,0,0,9,דבק טוב
O0133,O,book,False,IV_book_external,1,42,1,0,0,11,דברי הימים ב
O0134,O,book,False,IV_book_external,1,13,0,0,0,2,דברים אחדים
O0135,O,book,False,IV_book_external,1,9,0,1,0,4,דבש לפי
O0136,O,person,False,II_person_external,1,39,2,0,0,1,דוד בן זכאי
O0138,O,person,False,II_person_external,1,40,2,1,0,1,"דוד המלך (משיח בן דוד, ""בן ישי"")"
O0139,O,person,False,II_person_external,1,13,1,0,0,6,דון יוסף נשיא
O0140,O,book,False,IV_book_external,1,68,1,0,0,0,דינא דגרמי
O0142,O,person,False,II_person_external,1,19,1,0,0,12,דניאל בומברג
O0143,O,book,False,IV_book_external,1,8,1,0,0,2,"דרושי טנת""א (טעמים נקודות תגין אותיות) לאר""י"
O0146,O,book,False,IV_book_external,1,5,1,1,0,2,דרושים על התורה
O0147,O,book,False,IV_book_external,1,8,1,1,0,2,דרך האמת
O0149,O,book,False,IV_book_external,1,68,1,1,0,0,דרכי התלמוד
O0150,O,book,False,IV_book_external,1,7,0,0,0,2,"דרשות מהר""ר שבתי נאוואווי"
O0153,O,book,False,IV_book_external,1,6,2,1,0,6,"דרשות ר""י אבן שועיב"
O0155,O,book,False,IV_book_external,1,20,1,0,0,5,האמונה הרמה (אל עקידה אל רפיעה)
O0158,O,book,False,IV_book_external,1,3,1,0,0,4,הגדה של פסח
O0159,O,book,False,IV_book_external,1,10,0,1,0,1,הגהות אשירי
O0160,O,book,False,IV_book_external,1,2,2,0,0,8,הגהות הירושלמי
O0161,O,book,False,IV_book_external,1,11,1,0,0,7,"הגהות הרמ""א (מפה על שולחן ערוך)"
O0162,O,book,False,IV_book_external,1,6,0,1,0,3,"הגהות הרמב""ם"
O0163,O,book,False,IV_book_external,1,2,1,0,0,2,"הגהות מהר""א אזולאי"
O0164,O,book,False,IV_book_external,1,0,0,0,0,4,"הגהות סביב שו""ב"
O0165,O,book,False,IV_book_external,1,6,0,3,0,3,הגהות פירושי התורה (בכנסת הגדולה)
O0166,O,book,False,IV_book_external,1,6,1,0,0,9,"הגהות/הגדות של מהר""ר צבי אשכנזי"
O0167,O,person,False,II_person_external,1,16,0,1,0,1,הדוכוס (דוכס טוסקנה / פירנצה)
O0168,O,person,False,II_person_external,1,27,0,0,0,0,הדוכוס הגדול של טוסקנה (פירנצה)
O0169,O,book,False,IV_book_external,1,6,0,1,0,2,הדרת מלך
O0170,O,book,False,IV_book_external,1,7,0,0,0,2,הוד מלך
O0171,O,book,False,IV_book_external,1,6,1,0,0,10,הון עשיר
O0172,O,book,False,IV_book_external,1,2,1,0,0,15,הכלים
O0173,O,book,False,IV_book_external,1,3,0,1,0,4,הלכה ברורה
O0174,O,book,False,IV_book_external,1,66,1,0,0,0,"הלכות ברכות להריטב""א"
O0175,O,book,False,IV_book_external,1,67,1,0,0,2,"הלכות דעות (משנה תורה לרמב""ם)"
O0178,O,book,False,IV_book_external,1,72,2,0,0,10,הלכות ירושלמי
O0179,O,book,False,IV_book_external,1,2,1,1,0,10,"הלכות כלאים (משנה תורה להרמב""ם)"
O0180,O,book,False,IV_book_external,1,27,2,0,0,0,"הלכות מלוה ולוה (משנה תורה להרמב""ם)"
O0181,O,book,False,IV_book_external,1,7,1,0,0,0,"הלכות נדה להרמב""ן"
O0182,O,book,False,IV_book_external,1,68,1,0,0,0,"הלכות נדה לרמב""ן"
O0183,O,book,False,IV_book_external,1,2,1,1,0,4,הלכות ספר תורה
O0186,O,book,False,IV_book_external,1,2,0,1,0,0,הלכות רב פלטוי גאון
O0188,O,book,False,IV_book_external,1,5,0,1,0,1,הלכות שכנים
O0189,O,book,False,IV_book_external,1,5,2,0,0,10,"הלכות שלוחין ושותפין (משנה תורה להרמב""ם)"
O0190,O,book,False,IV_book_external,1,7,1,0,0,16,"הלכות תפילין (משנה תורה להרמב""ם)"
O0191,O,book,False,IV_book_external,1,24,2,0,0,1,"הלכות תשובה (משנה תורה להרמב""ם)"
O0193,O,person,False,II_person_external,1,26,2,2,0,4,המגיד (מגיד מישרים) של מרן רבי יוסף קארו
O0195,O,book,False,IV_book_external,1,7,0,0,0,7,המגינים
O0196,O,person,False,II_person_external,1,16,0,1,0,4,המדפיס
O0197,O,person,False,II_person_external,1,6,0,1,0,2,המסדר (עורך הדפוס)
O0198,O,person,False,II_person_external,1,35,0,2,0,0,המפרש (פירוש על מסכת נדרים)
O0199,O,book,False,IV_book_external,1,16,1,3,0,4,"הספר הארוך על טור ובית יוסף יורה דעה (להש""ך)"
O0200,O,person,False,II_person_external,1,9,0,1,0,1,הפוסקים
O0201,O,book,False,IV_book_external,1,5,1,0,0,4,הפלא
O0202,O,person,False,II_person_external,1,78,0,0,0,0,הקדוש ברוך הוא
O0203,O,book,False,IV_book_external,1,8,1,3,0,5,הקדמה גדולה (לספר ברכת ה')
O0204,O,book,False,IV_book_external,1,35,1,1,0,10,"הקדמת סדר נשים לפירוש המשניות להרמב""ם"
O0205,O,person,False,II_person_external,1,45,1,1,0,0,"הר""ר ישמעאל"
O0207,O,person,False,II_person_external,1,2,0,0,0,0,הראשונים
O0208,O,person,False,II_person_external,1,26,3,0,0,4,הרב אליהו מרוודין
O0209,O,person,False,II_person_external,1,7,0,1,0,13,"הרב בעל הז"" (הרב בה""ז)"
O0210,O,person,False,II_person_external,1,11,1,1,0,3,הרב בעל שמות גיטין
O0211,O,person,False,II_person_external,1,18,0,0,0,3,הרב דן ידין
O0212,O,person,False,II_person_external,1,0,0,0,0,62,הרב הגאון (נותן ההסכמה לקרן אור פני משה)
O0213,O,person,False,II_person_external,1,16,0,1,0,2,"הרב המג""ן"
O0215,O,person,False,II_person_external,1,31,1,1,0,1,הרב המכתב
O0216,O,person,False,II_person_external,1,13,0,0,0,1,"הרב המני""ח (נכדו)"
O0217,O,person,False,II_person_external,1,74,0,0,0,0,הרב המקנא
O0218,O,person,False,II_person_external,1,1,0,1,0,3,הרב הנזכר לעיל
O0219,O,person,False,II_person_external,1,28,1,1,0,5,הרב הפוסק
O0220,O,person,False,II_person_external,1,0,0,0,0,40,הרב יחיאל מיכל
O0222,O,person,False,II_person_external,1,18,0,2,0,8,הרב מפיורדא
O0223,O,person,False,II_person_external,1,7,0,0,0,0,הרב נאמן שמואל
O0224,O,person,False,II_person_external,1,14,1,1,0,16,"הרב צ""צ"
O0226,O,person,False,II_person_external,1,2,1,2,0,1,"הרז""ה (זקנו של מקצר שבלי הלקט)"
O0227,O,book,False,IV_book_external,1,3,1,0,0,3,"הש""ס"
O0229,O,book,False,IV_book_external,1,7,1,1,0,0,"השגות הרז""ה על בעלי הנפש"
O0230,O,book,False,IV_book_external,1,10,1,2,0,13,"השגות הרמב""ן"
O0233,O,book,False,IV_book_external,1,9,0,0,0,9,זאת ליהודה
O0234,O,book,False,IV_book_external,1,29,1,0,0,2,זהר שיר השירים
O0239,O,person,False,II_person_external,1,23,1,1,0,1,זרובבל בן שאלתיאל
O0240,O,book,False,IV_book_external,1,6,0,0,0,7,זרע אברהם
O0241,O,person,False,II_person_external,1,0,0,0,0,5,חבר הקיני
O0242,O,person,False,II_person_external,1,35,1,0,0,0,חגי (מסכת חגיגה)
O0243,O,book,False,IV_book_external,1,4,1,1,0,16,חדרי התלמוד
O0244,O,book,False,IV_book_external,1,4,1,1,0,16,חדרי תורה
O0245,O,book,False,IV_book_external,1,7,0,2,0,14,חוט המשולש
O0246,O,book,False,IV_book_external,1,39,0,2,0,9,חומש הנדפס עם ספר החינוך
O0247,O,person,False,II_person_external,1,28,1,0,0,5,חוני המעגל
O0248,O,book,False,IV_book_external,1,6,1,1,0,10,חושב מחשבות
O0251,O,person,False,II_person_external,1,10,1,1,0,0,חזקיהו המלך
O0252,O,book,False,IV_book_external,1,67,1,1,0,9,חיבור התשובה
O0254,O,book,False,IV_book_external,1,74,4,0,0,0,חידושי בבא בתרא
O0255,O,book,False,IV_book_external,1,6,0,1,0,4,"חידושי גפ""ת (גמרא פירוש רש""י תוספות)"
O0257,O,book,False,IV_book_external,1,35,0,1,0,6,"חידושי הר""ן על בבא בתרא"
O0258,O,book,False,IV_book_external,1,42,1,3,0,0,"חידושי הר""ן על ביצה מגילה ותענית"
O0259,O,book,False,IV_book_external,1,42,2,0,0,0,"חידושי הר""ן על חולין"
O0260,O,book,False,IV_book_external,1,7,1,0,0,0,"חידושי הר""ן על מסכת נדה"
O0262,O,book,False,IV_book_external,1,42,1,1,0,0,"חידושי הר""ן על מסכת פסחים"
O0263,O,book,False,IV_book_external,1,2,0,1,0,3,חידושי הראשונים
O0264,O,book,False,IV_book_external,1,4,2,0,0,0,"חידושי הריטב""א"
O0265,O,book,False,IV_book_external,1,4,1,3,0,0,"חידושי הריטב""א על מסכת בבא מציעא"
O0266,O,book,False,IV_book_external,1,2,1,0,0,0,"חידושי הריטב""א על מסכת גיטין"
O0267,O,book,False,IV_book_external,1,74,2,0,0,0,"חידושי הריטב""א על מסכת סוכה"
O0268,O,book,False,IV_book_external,1,7,1,0,0,0,"חידושי הריטב""א על מסכת עבודה זרה"
O0269,O,book,False,IV_book_external,1,66,1,1,0,1,"חידושי הריטב""א על מסכת קידושין"
O0270,O,book,False,IV_book_external,1,21,1,2,0,0,"חידושי הרמב""ן"
O0271,O,book,False,IV_book_external,1,5,1,1,0,1,"חידושי הרמב""ן על מסכת גיטין"
O0272,O,book,False,IV_book_external,1,2,2,0,0,0,"חידושי הרמב""ן על מסכת יבמות"
O0273,O,book,False,IV_book_external,1,72,1,0,0,10,"חידושי הרמב""ן על מסכת שבועות"
O0275,O,book,False,IV_book_external,1,74,1,0,0,0,"חידושי הרשב""א לכתובות"
O0277,O,book,False,IV_book_external,1,74,2,0,0,0,"חידושי הרשב""א על הש""ס"
O0278,O,book,False,IV_book_external,1,74,1,0,0,0,"חידושי הרשב""א על מסכת בבא בתרא"
O0280,O,book,False,IV_book_external,1,15,2,0,0,6,"חידושי הרשב""א על מסכת שבת"
O0281,O,book,False,IV_book_external,1,74,1,1,0,0,"חידושי הרשב""א על ראש השנה"
O0283,O,book,False,IV_book_external,1,2,0,2,0,2,"חידושי מהרח""ו (כתב יד)"
O0284,O,book,False,IV_book_external,1,42,1,0,0,0,חידושי מועד קטן
O0285,O,book,False,IV_book_external,1,3,1,2,0,4,חידושי נדה
O0286,O,book,False,IV_book_external,1,72,4,0,0,0,"חידושי סנהדרין להרמב""ם"
O0287,O,book,False,IV_book_external,1,42,0,0,0,0,חידושי קידושין (דפוס קונשטנטינא)
O0288,O,book,False,IV_book_external,1,12,1,0,0,0,חידושי רבינו דוד בונפיד על התלמוד
O0289,O,book,False,IV_book_external,1,7,1,0,0,0,"חידושי שבועות למהר""י אבן מיגאש"
O0290,O,book,False,IV_book_external,1,27,1,0,0,1,"חידושי תענית (תוספות רי""ד)"
O0291,O,book,False,IV_book_external,1,2,1,0,0,0,"חידושים (להראב""ד)"
O0292,O,book,False,IV_book_external,1,7,1,0,0,2,חידושים למסכת יומא (לר' אברהם ן' מוסה)
O0296,O,book,False,IV_book_external,1,2,1,1,0,5,"חידושים על מסכת ברכות למהר""ר נפתלי כ""ץ"
O0297,O,person,False,II_person_external,1,8,1,1,0,4,חיה אם רבי יחזקאל לנדא
O0299,O,person,False,II_person_external,1,2,1,2,0,16,חכם אחד מחכמי המערב
O0305,O,book,False,IV_book_external,1,21,1,0,0,0,חמש שיטות
O0306,O,book,False,IV_book_external,1,39,1,0,0,1,חמשה חומשי תורה
O0307,O,book,False,IV_book_external,1,42,1,0,0,2,חמשה קובצי דרשות (לר' שמואל ויטאל)
O0308,O,person,False,II_person_external,1,8,0,1,0,2,חנוך
O0309,O,book,False,IV_book_external,1,78,0,1,0,9,חסדי אבות
O0310,O,person,False,II_person_external,1,41,2,2,0,7,חסיד אחד (אנונימי)
O0311,O,book,False,IV_book_external,1,6,1,0,0,5,חקי דעת
O0312,O,book,False,IV_book_external,1,6,2,1,0,5,חקי דרך
O0313,O,book,False,IV_book_external,1,6,1,0,0,5,חקי חיים
O0314,O,book,False,IV_book_external,1,6,1,0,0,5,חקי משפט
O0316,O,person,False,II_person_external,1,2,0,1,0,3,"חתנו של מהר""ר שמואל פרימו (מחבר ספר כהונת עולם)"
O0317,O,book,False,IV_book_external,1,8,1,0,0,6,"טא""ה"
O0318,O,book,False,IV_book_external,1,25,0,1,0,0,טוב עין
O0322,O,book,False,IV_book_external,1,15,0,0,0,2,טל אורות
O0323,O,book,False,IV_book_external,1,3,1,0,0,22,טעם העבודה
O0325,O,book,False,IV_book_external,1,72,0,0,0,10,יד החזקה (משנה תורה)
O0326,O,book,False,IV_book_external,1,4,1,1,0,4,יד הקדש
O0328,O,book,False,IV_book_external,1,25,1,1,0,0,יד רמה על בבא בתרא
O0329,O,book,False,IV_book_external,1,25,1,0,0,0,יד רמה על מסכת סנהדרין
O0330,O,person,False,II_person_external,1,3,0,1,0,2,ידעיה הפניני הבדרשי
O0331,O,person,False,II_person_external,1,52,2,0,0,9,יהודה ברבי יהודה
O0332,O,person,False,II_person_external,1,7,0,1,0,10,יהודה הכהן אשכנזי
O0336,O,person,False,II_person_external,1,10,0,1,0,8,יוסף דידיע סכנדרי
O0338,O,book,False,IV_book_external,1,6,1,1,0,10,יושר לבב
O0340,O,book,False,IV_book_external,1,2,1,0,0,2,יין המשומר
O0341,O,book,False,IV_book_external,1,9,1,0,0,6,ימין משה
O0345,O,person,False,II_person_external,1,2,1,0,0,17,יצחק בן אברהם (יצחק אבינו)
O0346,O,person,False,II_person_external,1,24,0,1,0,5,יקים איש צרורות
O0347,O,person,False,II_person_external,1,2,1,0,0,5,ירמיהו הנביא
O0349,O,person,False,II_person_external,1,31,0,2,0,1,"ישי""ג"
O0350,O,person,False,II_person_external,1,55,2,0,0,8,ישמעאל בן אברהם
O0351,O,person,False,II_person_external,1,9,1,1,0,3,כהן חימצי
O0352,O,person,False,II_person_external,1,9,1,1,0,3,כהן נהר
O0353,O,person,False,II_person_external,1,9,1,1,0,3,כהן סהל
O0354,O,person,False,II_person_external,1,41,2,1,0,7,כומר (לא מזוהה)
O0355,O,book,False,IV_book_external,1,12,1,0,0,4,כללי הגמרא
O0356,O,book,False,IV_book_external,1,30,1,0,0,0,כללי הגמרא לרבי בצלאל אשכנזי
O0357,O,book,False,IV_book_external,1,7,1,0,0,6,כללי הגמרא לרבינו בצלאל אשכנזי
O0358,O,book,False,IV_book_external,1,2,1,0,0,7,כללי הוראות
O0359,O,book,False,IV_book_external,1,11,1,0,0,3,כללי הפוסקים
O0362,O,book,False,IV_book_external,1,2,1,0,0,2,כסא מלך
O0363,O,book,False,IV_book_external,1,9,1,0,0,9,כסף נבחר
O0364,O,book,False,IV_book_external,1,1,1,0,0,11,כסף תועפות
O0365,O,book,False,IV_book_external,1,6,2,0,0,10,כפאיה אלעאבדין (המספיק לעובדי השם)
O0366,O,book,False,IV_book_external,1,7,1,1,0,6,כתבי ארם צובה
O0367,O,book,False,IV_book_external,1,2,3,0,0,2,"כתבי האר""י"
O0368,O,book,False,IV_book_external,1,4,1,0,0,12,כתובים
O0369,O,book,False,IV_book_external,1,0,0,0,0,60,כתונת פסים
O0372,O,person,False,II_person_external,1,5,1,0,0,6,"לא""ה"
O0374,O,book,False,IV_book_external,1,41,1,0,0,7,לבוש אדר היקר
O0375,O,book,False,IV_book_external,1,41,1,1,0,7,לבוש אור יקרות
O0376,O,book,False,IV_book_external,1,41,1,1,0,7,לבוש האורה
O0377,O,book,False,IV_book_external,1,41,0,0,0,7,לבוש הבוץ והארגמן
O0378,O,book,False,IV_book_external,1,41,1,0,0,7,לבוש שמחה וששון
O0379,O,book,False,IV_book_external,1,8,0,0,0,11,לדוד אמת
O0380,O,person,False,II_person_external,1,13,2,1,0,2,לוטן בן שעיר
O0381,O,book,False,IV_book_external,1,1,0,0,0,3,לחם סתרים
O0382,O,book,False,IV_book_external,1,45,1,0,0,2,ליקוטים
O0383,O,book,False,IV_book_external,1,1,1,0,0,6,לקוטי מגדים
O0384,O,book,False,IV_book_external,1,23,1,1,0,8,"לקוטי מהרי""ל"
O0385,O,book,False,IV_book_external,1,38,1,1,0,0,לקוטי רבינו בצלאל
O0386,O,book,False,IV_book_external,1,9,1,1,0,11,לקוטי שושנים
O0387,O,book,False,IV_book_external,1,7,0,3,0,2,"לקוטי תנ""ך"
O0388,O,person,False,II_person_external,1,78,0,0,0,0,לשון הגרי (ערבית)
O0391,O,book,False,IV_book_external,1,6,1,0,0,3,מאור הגולה
O0392,O,person,False,II_person_external,1,8,1,0,0,4,מאיר (אבי הילד בסיפור שניאור)
O0393,O,person,False,II_person_external,1,2,0,2,0,3,מאיר יצחקי
O0394,O,book,False,IV_book_external,1,45,1,0,0,2,מאמר הרקיעים
O0401,O,book,False,IV_book_external,1,35,1,1,0,1,מגילת יוחסין
O0402,O,book,False,IV_book_external,1,19,1,3,0,5,מגילת מצורע (חלק ספרא/תורת כהנים על פרשת מצורע)
O0408,O,book,False,IV_book_external,1,18,1,0,0,5,מגלת יוחסין
O0409,O,book,False,IV_book_external,1,109,1,2,0,1,מגלת סתרים
O0410,O,book,False,IV_book_external,1,14,1,0,0,4,מגן דוד
O0412,O,book,False,IV_book_external,1,39,1,1,0,5,מדרש אבא גוריון
O0415,O,book,False,IV_book_external,1,3,0,1,0,5,מדרש בראשית רבה
O0416,O,book,False,IV_book_external,1,71,0,2,0,0,מדרש דברים רבה
O0417,O,book,False,IV_book_external,1,18,2,1,0,5,מדרש המגילות
O0418,O,book,False,IV_book_external,1,39,0,0,0,5,מדרש ויכולו
O0419,O,book,False,IV_book_external,1,39,0,0,0,5,מדרש חמש מגלות
O0420,O,book,False,IV_book_external,1,39,2,0,0,5,מדרש רבה על ארבע מגילות
O0421,O,book,False,IV_book_external,1,2,2,0,0,5,מדרש רות רבה
O0422,O,book,False,IV_book_external,1,10,1,1,0,0,מדרש שיר השירים
O0424,O,person,False,II_person_external,1,12,1,2,0,7,מה' עזריה
O0427,O,person,False,II_person_external,1,55,0,1,0,8,מהללאל
O0429,O,person,False,II_person_external,1,9,9,9,0,18,"מהר""א בכ""ר בנימן הלוי"
O0431,O,person,False,II_person_external,1,10,0,2,0,9,"מהר""י בכ""ר דוד"
O0433,O,person,False,II_person_external,1,1,0,1,0,10,"מהר""י הכהן"
O0436,O,person,False,II_person_external,1,28,1,3,0,5,"מהר""י לבית הלוי"
O0438,O,person,False,II_person_external,1,4,1,4,0,4,"מהר""י קובו"
O0439,O,person,False,II_person_external,1,4,0,0,0,3,"מהר""ם בעל ההגהות"
O0440,O,person,False,II_person_external,1,4,0,2,0,2,"מהר""ן (מקובל מווילנא)"
O0441,O,person,False,II_person_external,1,6,0,0,0,3,"מהר""ר אברהם חסון"
O0442,O,person,False,II_person_external,1,6,1,0,0,6,"מהר""ר אלקנה קאפסאלי"
O0443,O,person,False,II_person_external,1,31,1,2,0,2,"מהר""ר ב... הלוי"
O0445,O,person,False,II_person_external,1,6,1,1,0,7,"מהר""ר בנימין וואלף"
O0446,O,person,False,II_person_external,1,7,1,1,0,2,"מהר""ר בנימן הלוי"
O0448,O,person,False,II_person_external,1,10,1,1,0,4,"מהר""ר דוד הלוי"
O0449,O,person,False,II_person_external,1,15,1,0,0,7,"מהר""ר וואלף"
O0450,O,person,False,II_person_external,1,10,1,0,0,7,"מהר""ר זוסלן"
O0452,O,person,False,II_person_external,1,2,0,1,0,10,"מהר""ר יהודה"
O0454,O,person,False,II_person_external,1,2,1,1,0,4,"מהר""ר יוסף כ""ץ"
O0457,O,person,False,II_person_external,1,39,3,0,0,7,"מהר""ר יעקב הלוי"
O0458,O,person,False,II_person_external,1,10,0,1,0,0,"מהר""ר יצחק אבוהב"
O0459,O,person,False,II_person_external,1,92,1,1,0,7,"מהר""ר ליב (חותן ר' יצחק בר שמשון הכהן)"
O0461,O,person,False,II_person_external,1,39,1,2,0,7,"מהר""ר משה הלוי סג""ל (אבי המהרי""ל)"
O0462,O,person,False,II_person_external,1,2,0,2,0,11,"מהר""ר משה מזרחי"
O0463,O,person,False,II_person_external,1,8,3,4,0,3,"מהר""ר שם טוב מחבר ספר כתר שם טוב"
O0464,O,person,False,II_person_external,1,10,0,1,0,2,"מהר""ר שמואל אבוהב"
O0465,O,person,False,II_person_external,1,4,1,0,0,12,"מהר""ר שמואל בכ""ר אברהם הכהן"
O0466,O,person,False,II_person_external,1,5,0,0,0,2,"מהר""ר שמעון"
O0467,O,person,False,II_person_external,1,12,0,0,0,8,"מהר""ש (בן זמן מהר""ר איסרלן)"
O0469,O,person,False,II_person_external,1,12,0,0,0,8,"מהר""ש בן בעל מנחת יעקב"
O0472,O,person,False,II_person_external,1,11,0,0,0,3,"מהר""ש חיוון"
O0473,O,person,False,II_person_external,1,7,2,2,0,3,"מהר""ש חייון"
O0475,O,person,False,II_person_external,1,4,0,2,0,3,"מהר""ש חסן"
O0477,O,person,False,II_person_external,1,8,2,2,0,7,"מהרי""ז"
O0479,O,person,False,II_person_external,1,12,0,1,0,1,"מהרמ""ק (סימן ביבליוגרפי)"
O0480,O,book,False,IV_book_external,1,39,1,0,0,5,מהררי נמרים
O0483,O,person,False,II_person_external,1,10,0,1,0,0,מורי הרב (לא מזוהה)
O0484,O,person,False,II_person_external,1,7,0,1,0,9,"מורי עטרת ראשי (אחד מרבותיו של החיד""א)"
O0485,O,person,False,II_person_external,1,2,1,0,0,2,מורנו הרב המחבר
O0486,O,person,False,II_person_external,1,9,0,1,0,6,מורנו הרב רבי יעקב הכהן
O0487,O,book,False,IV_book_external,1,9,1,0,0,14,מחברת בשרשי הדקדוק
O0488,O,book,False,IV_book_external,1,5,0,1,0,18,מחזור הספרדים
O0490,O,book,False,IV_book_external,1,4,2,0,0,4,מטה אהרן
O0491,O,person,False,II_person_external,1,6,1,0,0,1,מיכל בת שאול
O0492,O,book,False,IV_book_external,1,0,0,0,0,61,מים עמוקים
O0493,O,book,False,IV_book_external,1,26,1,0,0,4,מים שאין להם סוף
O0495,O,person,False,II_person_external,1,41,1,0,0,7,מלך
O0497,O,person,False,II_person_external,1,0,0,0,0,1,מנהל
O0498,O,book,False,IV_book_external,1,8,1,0,0,0,מנחם בן שלמה המאירי (לבית מאיר)
O0499,O,book,False,IV_book_external,1,13,0,0,0,13,"מס' מ""ה"
O0500,O,book,False,IV_book_external,1,8,2,0,0,2,מסורת המסורת
O0502,O,book,False,IV_book_external,1,1,1,0,0,17,מסכת אהלות
O0508,O,book,False,IV_book_external,1,67,1,0,0,0,מסכת ביצה (יום טוב)
O0511,O,book,False,IV_book_external,1,19,1,4,0,10,מסכת ברכות (גמרא)
O0513,O,book,False,IV_book_external,1,39,1,0,0,2,מסכת גיהנם
O0517,O,book,False,IV_book_external,1,24,1,0,0,8,מסכת דרך ארץ רבה
O0521,O,book,False,IV_book_external,1,4,1,0,0,13,מסכת חולין
O0524,O,book,False,IV_book_external,1,9,2,0,0,8,מסכת יומא
O0526,O,book,False,IV_book_external,1,4,2,0,0,5,מסכת כלים
O0527,O,book,False,IV_book_external,1,9,1,0,0,5,מסכת כריתות
O0529,O,book,False,IV_book_external,1,32,1,0,0,0,מסכת מגילה
O0534,O,book,False,IV_book_external,1,39,1,0,0,0,מסכת נגעים
O0538,O,book,False,IV_book_external,1,7,1,0,0,0,מסכת סוטה
O0542,O,book,False,IV_book_external,1,67,0,0,0,0,מסכת עוקצין
O0547,O,book,False,IV_book_external,1,67,1,0,0,0,מסכת פסחים – פסח ראשון
O0548,O,book,False,IV_book_external,1,39,1,0,0,9,מסכת פרה
O0550,O,book,False,IV_book_external,1,3,2,0,0,0,מסכת קמא
O0551,O,book,False,IV_book_external,1,35,1,0,0,1,מסכת קנים
O0555,O,book,False,IV_book_external,1,52,1,1,0,8,מסכת שבת (פרק כל כתבי)
O0560,O,book,False,IV_book_external,1,39,1,0,0,0,מסכת תרומות
O0561,O,book,False,IV_book_external,1,9,1,1,0,8,מעון אריות
O0562,O,book,False,IV_book_external,1,16,1,1,0,5,מעין דוגמא
O0563,O,book,False,IV_book_external,1,1,1,0,0,6,מענה לשון
O0565,O,book,False,IV_book_external,1,45,1,0,0,3,"מערכת מ""ם (הפניה פנימית בשם הגדולים)"
O0566,O,book,False,IV_book_external,1,1,0,1,0,1,"מערכת סמ""ך אות ט""ז"
O0568,O,book,False,IV_book_external,1,43,2,0,0,15,מעשה אור חג השבועות (אגרת ר' שלמה אלקבץ)
O0570,O,book,False,IV_book_external,1,2,0,2,0,10,מפתח העולמות
O0571,O,book,False,IV_book_external,1,2,0,0,0,14,מקוה רוויגו
O0573,O,person,False,II_person_external,1,2,1,0,0,2,מרדכי
O0574,O,person,False,II_person_external,1,9,1,0,0,2,מרדכי גאלאנטי (אנגיל)
O0575,O,book,False,IV_book_external,1,24,1,0,0,4,מרדכי דאוסטרייך
O0576,O,book,False,IV_book_external,1,24,1,0,0,4,מרדכי דריינוס
O0577,O,person,False,II_person_external,1,10,0,1,0,3,משה הבבלי
O0579,O,book,False,IV_book_external,1,18,0,1,0,3,משמרת
O0581,O,book,False,IV_book_external,1,2,1,0,0,4,משנה מסכת יומא
O0582,O,book,False,IV_book_external,1,28,2,0,0,5,משנה מסכת פרה
O0585,O,book,False,IV_book_external,1,7,2,0,0,2,"משנה תורה (הלכות חמץ ומצה) להרמב""ם"
O0586,O,book,False,IV_book_external,1,12,0,0,0,10,משנה תורה (יד החזקה)
O0589,O,book,False,IV_book_external,1,2,1,0,0,3,"משנה תורה (רמב""ם)"
O0590,O,book,False,IV_book_external,1,13,1,0,0,0,משנה תורה - הלכות יסודי התורה
O0591,O,book,False,IV_book_external,1,15,2,0,0,10,משנה תורה - הלכות תשובה
O0593,O,book,False,IV_book_external,1,27,3,0,0,0,"משנה תורה להרמב""ם עם כסף משנה (דפוס ויניציאה)"
O0594,O,book,False,IV_book_external,1,13,1,0,0,3,"משנה תורה, הלכות ביכורים"
O0595,O,book,False,IV_book_external,1,7,0,1,0,4,משניות דפוס אמשטרדם החדשות
O0597,O,person,False,II_person_external,1,5,1,0,0,16,משפחת מאנו איסקריבי
O0598,O,person,False,II_person_external,1,7,2,2,0,16,משפחת ן' דאנאן
O0599,O,person,False,II_person_external,1,8,1,1,0,13,משפחת סאנגויניטי
O0600,O,book,False,IV_book_external,1,5,2,0,0,2,מתוקים מדבש
O0603,O,person,False,II_person_external,1,5,1,1,0,2,נהוראי אחרא
O0604,O,book,False,IV_book_external,1,1,0,0,0,8,נוהג כצאן יוסף
O0605,O,person,False,II_person_external,1,5,0,1,0,7,נזיר ישי
O0606,O,person,False,II_person_external,1,55,1,0,0,8,נח
O0607,O,person,False,II_person_external,1,7,1,0,0,8,נחום איש גם זו
O0608,O,person,False,II_person_external,1,71,3,0,0,0,נחוניא חופר שיחין
O0609,O,book,False,IV_book_external,1,39,1,0,0,15,נחלת אבות
O0610,O,book,False,IV_book_external,1,18,0,6,0,8,נחלת יעקב
O0611,O,book,False,IV_book_external,1,39,0,0,0,5,נחמד למראה
O0612,O,book,False,IV_book_external,1,8,1,1,0,1,נימוקי רבינו ישעיה על התורה
O0613,O,person,False,II_person_external,1,19,1,1,0,0,נכד בעל פני יהושע
O0614,O,book,False,IV_book_external,1,24,1,1,0,1,"נמוקי רי""ד"
O0615,O,book,False,IV_book_external,1,9,0,1,0,12,נפך ספיר
O0616,O,person,False,II_person_external,1,1,0,0,0,3,"נתנאל (אבי מהר""ר יצחק פארדו)"
O0617,O,book,False,IV_book_external,1,39,0,0,0,5,סביב למדרש רבה
O0618,O,book,False,IV_book_external,1,4,1,0,0,2,סדור התפלה
O0619,O,book,False,IV_book_external,1,1,1,0,0,2,סדר ההשתלשלות
O0626,O,book,False,IV_book_external,1,5,1,1,0,6,סדרי גט וחליצה
O0627,O,book,False,IV_book_external,1,11,1,0,0,2,סולת נקיה
O0628,O,person,False,II_person_external,1,42,1,1,0,2,סנחריב
O0631,O,book,False,IV_book_external,1,9,1,0,0,12,ספר איוב
O0632,O,book,False,IV_book_external,1,11,1,0,0,2,ספר אלדד הדני
O0633,O,book,False,IV_book_external,1,17,1,0,0,6,ספר אליה רבה
O0634,O,book,False,IV_book_external,1,3,0,1,0,4,"ספר בכתב יד (חיבור לא ידוע של מהר""ר ראובן אשכנזי)"
O0636,O,book,False,IV_book_external,1,3,0,3,0,9,"ספר בן דוד (השגות על פירוש אדרא זוטא למהר""ר מנחם די לונזאנו)"
O0638,O,book,False,IV_book_external,1,2,1,0,0,3,ספר דברי חכמים
O0640,O,book,False,IV_book_external,1,68,1,0,0,0,ספר דינא דגרמי
O0643,O,book,False,IV_book_external,1,5,1,0,0,11,"ספר דרושים נחמדים (לאבי מהר""ר יונה נבון)"
O0644,O,book,False,IV_book_external,1,2,1,0,0,13,ספר האגרות
O0645,O,book,False,IV_book_external,1,9,1,0,0,2,ספר הגט
O0646,O,book,False,IV_book_external,1,1,0,0,0,7,ספר הגן קטן
O0647,O,book,False,IV_book_external,1,22,1,1,0,4,"ספר ההוספה על דרכי משה (להסמ""ע)"
O0648,O,book,False,IV_book_external,1,11,1,1,0,2,ספר ההקדמות
O0651,O,book,False,IV_book_external,1,31,0,3,0,17,ספר החשק
O0652,O,book,False,IV_book_external,1,35,3,1,0,1,ספר הישר לרבינו תם
O0653,O,book,False,IV_book_external,1,7,0,1,0,6,ספר הליקוטים
O0654,O,book,False,IV_book_external,1,8,3,0,0,1,ספר הלקט (מסכת הלקט) לרבינו ישעיה הראשון
O0657,O,book,False,IV_book_external,1,4,1,0,0,2,ספר המוסר
O0658,O,book,False,IV_book_external,1,1,1,1,0,10,ספר המלמד
O0659,O,book,False,IV_book_external,1,2,1,1,0,7,"ספר המנהגים (מנהגי מהר""ר אייזיק טירנא)"
O0661,O,book,False,IV_book_external,1,4,0,2,0,7,ספר המרדכי (על מסכת ברכות)
O0663,O,book,False,IV_book_external,1,8,1,0,0,0,ספר הענק (מחברת השירה לרבי שלמה אבן גבירול)
O0664,O,book,False,IV_book_external,1,27,1,0,0,0,"ספר הפלאה (משנה תורה להרמב""ם)"
O0665,O,book,False,IV_book_external,1,1,1,0,0,5,ספר הקבלה (סדר הקבלה)
O0667,O,book,False,IV_book_external,1,3,2,0,0,10,ספר הקנינים
O0670,O,book,False,IV_book_external,1,23,1,0,0,0,"ספר התשב""ץ (שאלות ותשובות)"
O0675,O,book,False,IV_book_external,1,31,1,1,0,17,ספר חשק שלמה
O0676,O,book,False,IV_book_external,1,13,3,0,0,5,ספר טעמי המצות (לקנה) - להר' אביגדור בעל הפליאה
O0677,O,book,False,IV_book_external,1,10,2,0,0,3,"ספר טעמי המצות - למהר""ר מנחם בן משה הבבלי"
O0679,O,book,False,IV_book_external,1,3,1,0,0,5,ספר יהושע
O0681,O,book,False,IV_book_external,1,10,0,3,0,14,ספר ישן
O0682,O,book,False,IV_book_external,1,2,0,0,0,0,ספר ישן נושן בכתב יד
O0683,O,book,False,IV_book_external,1,2,0,2,0,10,ספר ישן נושן כתב יד
O0684,O,book,False,IV_book_external,1,9,0,1,0,4,ספר כתב יד (בלתי מזוהה)
O0685,O,book,False,IV_book_external,1,3,0,1,0,1,ספר כתב יד ישן (מקור אנונימי)
O0687,O,book,False,IV_book_external,1,3,0,2,0,10,ספר כתב יד קדמון ישן
O0688,O,book,False,IV_book_external,1,41,1,2,0,7,"ספר ליישב השגות הסמ""ע על הלבוש"
O0690,O,book,False,IV_book_external,1,5,1,1,0,0,ספר מלחמות בני יעקב
O0691,O,book,False,IV_book_external,1,3,0,0,0,4,ספר מסעות בנימין
O0693,O,book,False,IV_book_external,1,2,1,0,0,3,"ספר מעשה רוקח על הרמב""ם"
O0696,O,book,False,IV_book_external,1,2,0,0,0,18,ספר מראות אלהים
O0700,O,book,False,IV_book_external,1,39,1,0,0,9,ספר עזרא (ספר תורה של עזרא במצרים)
O0701,O,book,False,IV_book_external,1,7,0,5,0,1,ספר פאפיר
O0702,O,book,False,IV_book_external,1,9,0,0,0,1,"ספר קדמון (כתב יד ישן, אנונימי)"
O0704,O,book,False,IV_book_external,1,11,0,1,0,1,ספר קדמון ישן כתב יד
O0705,O,book,False,IV_book_external,1,8,0,1,0,0,ספר קדמון כתב יד ישן נושן
O0709,O,book,False,IV_book_external,1,3,1,0,0,5,ספר שופטים
O0712,O,book,False,IV_book_external,1,11,0,3,0,3,"ספר תשובות מהר""ר יצחק אלגאזי"
O0713,O,book,False,IV_book_external,1,8,2,0,0,2,ספרא גניזא דשלמה מלכא
O0714,O,book,False,IV_book_external,1,8,2,0,0,1,ספרי דקדוק (חיבורי משפחת קמחי)
O0715,O,book,False,IV_book_external,1,3,0,2,0,3,ספרי תשובות רבני איטליה (כתב יד)
O0716,O,person,False,II_person_external,1,55,1,0,0,8,עֵבֶר
O0717,O,book,False,IV_book_external,1,9,2,0,0,9,עדות ביהוסף
O0718,O,person,False,II_person_external,1,78,0,1,0,0,עולא
O0719,O,person,False,II_person_external,1,75,2,0,0,1,עולא בר קושב
O0721,O,book,False,IV_book_external,1,1,0,0,0,1,עזרת סופר
O0723,O,book,False,IV_book_external,1,14,2,0,0,15,עטרה
O0726,O,book,False,IV_book_external,1,13,1,0,0,4,על התורה
O0727,O,book,False,IV_book_external,1,2,1,0,0,18,עליות רבינו טודרוס ליבמות
O0728,O,person,False,II_person_external,1,2,0,1,0,7,עמנואל בן יוסף עטיאש
O0731,O,book,False,IV_book_external,1,2,1,1,0,5,ערער
O0732,O,person,False,II_person_external,1,55,5,1,0,8,עשו
O0734,O,book,False,IV_book_external,1,7,1,1,0,17,עשרה שלחנות
O0736,O,book,False,IV_book_external,1,15,0,0,0,7,פאר יעקב
O0737,O,book,False,IV_book_external,1,5,0,1,0,1,"פאת הרא""ש"
O0738,O,book,False,IV_book_external,1,109,0,2,0,5,פירוש איוב
O0741,O,book,False,IV_book_external,1,4,1,0,0,10,"פירוש גמרא ראש השנה להרמב""ם"
O0742,O,book,False,IV_book_external,1,109,2,1,0,1,פירוש דברי הימים
O0743,O,book,False,IV_book_external,1,7,1,0,0,2,פירוש ההגדה
O0744,O,book,False,IV_book_external,1,4,1,1,0,2,פירוש ההגדה לר' אברהם ן' מוסה
O0747,O,book,False,IV_book_external,1,27,1,1,0,2,"פירוש הזוהר להרמ""ז"
O0749,O,book,False,IV_book_external,1,2,1,0,0,7,פירוש הסוגיות (לבן אלישע)
O0750,O,book,False,IV_book_external,1,38,1,0,0,0,"פירוש הרא""ש על מסכת נדרים"
O0751,O,book,False,IV_book_external,1,38,1,1,0,0,"פירוש הרא""ש על סדר זרעים"
O0752,O,book,False,IV_book_external,1,42,0,0,0,0,"פירוש הראב""ד למסכת קנים"
O0753,O,book,False,IV_book_external,1,94,1,4,0,1,"פירוש הראב""ד למסכת תמיד"
O0754,O,book,False,IV_book_external,1,6,0,0,0,15,פירוש התורה והנביאים לאברבנאל
O0758,O,book,False,IV_book_external,1,7,2,0,0,1,"פירוש התורה לרלב""ג"
O0762,O,book,False,IV_book_external,1,45,1,0,0,2,"פירוש מהר""י לומברוזו על התורה והמקרא"
O0763,O,book,False,IV_book_external,1,109,5,0,0,3,"פירוש מסכת תענית (המיוחס לרש""י)"
O0764,O,book,False,IV_book_external,1,13,1,0,0,15,פירוש נביאים אחרונים
O0765,O,book,False,IV_book_external,1,22,1,0,0,0,פירוש קהלת לאבן עזרא
O0766,O,book,False,IV_book_external,1,72,2,1,0,10,"פירוש ראש השנה להרמב""ם"
O0767,O,book,False,IV_book_external,1,15,2,0,0,0,פירוש רבינו בחיי על התורה
O0768,O,book,False,IV_book_external,1,10,2,2,0,0,"פירוש רבינו יונה על הרי""ף מסכת ברכות"
O0770,O,book,False,IV_book_external,1,4,2,0,0,1,"פירוש רלב""ג על התורה"
O0771,O,book,False,IV_book_external,1,109,0,0,0,1,"פירוש רש""י לדברי הימים"
O0772,O,book,False,IV_book_external,1,109,4,1,0,0,"פירוש רש""י על נביאים"
O0773,O,person,False,II_person_external,1,9,4,4,0,3,פנחס בן אלעזר הכהן
O0775,O,book,False,IV_book_external,1,67,1,0,0,0,פסח שני (חלק שני של מסכת פסחים)
O0776,O,book,False,IV_book_external,1,6,0,1,0,1,"פסקי הלכות (לרבינו שמעון תלמיד רש""י)"
O0777,O,book,False,IV_book_external,1,6,2,1,0,1,"פסקי הלכות לרבינו שמעון תלמיד רש""י"
O0778,O,book,False,IV_book_external,1,4,2,1,0,5,"פסקי הר""י ן' יחייא"
O0782,O,book,False,IV_book_external,1,2,1,0,0,3,פרח שושן
O0783,O,book,False,IV_book_external,1,12,1,1,0,5,פרחי ספר
O0784,O,book,False,IV_book_external,1,25,4,2,0,0,"פרטי הרמ""ה"
O0785,O,book,False,IV_book_external,1,25,2,0,0,0,פריטי אבות
O0786,O,book,False,IV_book_external,1,25,2,0,0,0,פריטי הוריות
O0787,O,book,False,IV_book_external,1,38,1,1,0,0,פרישה
O0788,O,book,False,IV_book_external,1,2,0,1,0,17,פרפראות לחכמה
O0790,O,book,False,IV_book_external,1,71,0,1,0,0,פרק אין דורשין (מסכת חגיגה)
O0791,O,book,False,IV_book_external,1,12,0,1,0,1,פרק אלו הן הלוקין (מסכת מכות)
O0792,O,book,False,IV_book_external,1,12,0,1,0,1,פרק אלו הן הנשרפין (מסכת סנהדרין)
O0794,O,book,False,IV_book_external,1,7,1,0,0,0,פרק אלו טרפות (מסכת חולין)
O0795,O,book,False,IV_book_external,1,2,1,0,0,0,פרק במה מדליקין (מסכת שבת)
O0796,O,book,False,IV_book_external,1,40,1,1,0,0,פרק היה קורא (מסכת ברכות)
O0797,O,book,False,IV_book_external,1,4,1,0,0,5,פרק המפקיד (בבא מציעא פרק ג)
O0800,O,book,False,IV_book_external,1,71,0,1,0,0,פרק חלק (סנהדרין פרק י)
O0801,O,book,False,IV_book_external,1,3,1,0,0,11,פרק לולב הגזול (מסכת סוכה)
O0802,O,book,False,IV_book_external,1,3,1,0,0,11,פרק לולב וערבה (מסכת סוכה)
O0803,O,book,False,IV_book_external,1,24,1,0,0,8,פרק מי שמתו (ברכות פרק ג)
O0804,O,book,False,IV_book_external,1,52,2,0,0,3,פרק ערבי פסחים (מסכת פסחים)
O0805,O,book,False,IV_book_external,1,52,0,1,0,8,פרק תפלת השחר (מסכת ברכות)
O0806,O,book,False,IV_book_external,1,3,1,0,0,7,פרקי אבות
O0807,O,book,False,IV_book_external,1,67,1,0,0,0,פרקי תשובה
O0808,O,book,False,IV_book_external,1,13,1,0,0,5,פרשת בראשית
O0809,O,book,False,IV_book_external,1,6,1,0,0,5,פרשת ואתחנן
O0810,O,book,False,IV_book_external,1,28,1,0,0,5,פרשת וירא
O0811,O,book,False,IV_book_external,1,2,1,0,0,0,פרשת מקץ
O0813,O,person,False,II_person_external,1,14,0,1,0,16,"צ""ץ (חותם/סימן של מגיה)"
O0814,O,person,False,II_person_external,1,3,0,2,0,4,צבי הירש בן עזריאל
O0815,O,book,False,IV_book_external,1,15,2,0,0,1,צוואת רבי יהודה החסיד
O0816,O,book,False,IV_book_external,1,14,1,0,0,15,צורת הארץ
O0819,O,book,False,IV_book_external,1,0,0,0,0,23,קב נקי
O0821,O,book,False,IV_book_external,1,4,1,2,0,0,קהלת יעקב (אמרי נועם)
O0822,O,book,False,IV_book_external,1,13,0,0,0,0,קובץ (כתב יד)
O0823,O,book,False,IV_book_external,1,67,1,0,0,0,"קובץ הר""ן (חידושי הר""ן)"
O0825,O,book,False,IV_book_external,1,22,0,1,0,1,קובץ ישן נושן כתב יד
O0829,O,book,False,IV_book_external,1,38,2,0,0,0,קובץ שבע שיטות
O0830,O,book,False,IV_book_external,1,15,0,1,0,0,קובץ תשובות (כתב יד)
O0831,O,book,False,IV_book_external,1,37,1,0,0,6,קובץ תשובות בכתב יד
O0832,O,book,False,IV_book_external,1,23,0,1,0,8,קובץ תשובות הגאונים (כתב יד)
O0836,O,book,False,IV_book_external,1,9,1,0,0,4,"קול הרמ""ז (פירוש רבי משה זכות לזהר)"
O0837,O,book,False,IV_book_external,1,17,1,0,0,7,קול יהודה
O0838,O,book,False,IV_book_external,1,2,1,0,0,8,קול שחל
O0841,O,book,False,IV_book_external,1,6,0,0,0,11,קונטרס בענין דרשינן טעמא דקרא
O0842,O,book,False,IV_book_external,1,8,1,1,0,6,קונטרס הסמיכה
O0843,O,book,False,IV_book_external,1,0,0,0,0,44,קונטרס חמישי
O0845,O,book,False,IV_book_external,1,21,1,0,0,1,קונטרס ישן כתב יד
O0846,O,book,False,IV_book_external,1,9,3,0,0,2,קונטרס מלחמת מצוה
O0848,O,book,False,IV_book_external,1,8,1,0,0,1,קונטרס פרשת צו
O0849,O,book,False,IV_book_external,1,5,1,1,0,2,קונטרס תשובות נאספות
O0850,O,book,False,IV_book_external,1,11,1,0,0,2,קונטרסים הנפוצים
O0851,O,book,False,IV_book_external,1,5,1,0,0,5,קונסיליאדור (המכריע)
O0852,O,book,False,IV_book_external,1,14,1,0,0,15,קידוש החדש
O0854,O,book,False,IV_book_external,1,11,0,0,0,11,קיצור דיני נשים וממונות
O0855,O,book,False,IV_book_external,1,11,1,0,0,2,"קיצור ראשית חכמה למהר""י פוייטו"
O0856,O,person,False,II_person_external,1,1,0,1,0,3,קצב
O0857,O,book,False,IV_book_external,1,3,1,0,0,22,קרבן פסח
O0858,O,person,False,II_person_external,1,13,1,1,0,2,"ר""ג קארו"
O0859,O,person,False,II_person_external,1,55,1,0,0,8,ר' בנימין
O0860,O,person,False,II_person_external,1,5,0,1,0,4,ר' הירץ (מדפיס אמשטרדם)
O0861,O,person,False,II_person_external,1,11,1,0,0,5,ר' יעלה
O0862,O,person,False,II_person_external,1,39,0,0,0,5,ר' קאשמן
O0863,O,person,False,II_person_external,1,5,0,1,0,18,ר' שמואל הלוי (אבי רבי יהודה הלוי)
O0864,O,person,False,II_person_external,1,14,3,1,0,5,ר' שמואל הלוי (ראש ישיבת טוליטולא)
O0868,O,person,False,II_person_external,1,8,1,2,0,2,רב אחד מפאס (חכם אלמוני מפאס)
O0870,O,person,False,II_person_external,1,4,0,0,0,13,רב אשכנזי
O0871,O,person,False,II_person_external,1,41,1,1,0,7,רב גדול (אנונימי)
O0872,O,person,False,II_person_external,1,48,1,0,0,1,רב הונא גאון
O0873,O,person,False,II_person_external,1,2,0,2,0,2,רב המנונא סבא
O0877,O,person,False,II_person_external,1,2,2,0,0,2,רב ייסא סבא
O0879,O,person,False,II_person_external,1,1,0,1,0,2,רב כרוספדאי חמיד לבא
O0880,O,person,False,II_person_external,1,75,1,0,0,1,רב נחמן בר יעקב
O0881,O,person,False,II_person_external,1,0,0,0,0,45,רב סמא
O0882,O,person,False,II_person_external,1,75,0,1,0,1,רב ספרא
O0883,O,person,False,II_person_external,1,3,0,1,0,4,רב עמרם גאון
O0885,O,person,False,II_person_external,1,5,0,1,0,1,רב שמואל הלוי מקורטובא
O0886,O,person,False,II_person_external,1,11,1,1,0,1,"רב שמשון אבי הרי""ץ גיאת"
O0887,O,person,False,II_person_external,1,24,1,1,0,0,רב ששת
O0890,O,person,False,II_person_external,1,3,1,0,0,19,רבה בר בר חנה
O0891,O,person,False,II_person_external,1,39,1,1,0,5,רבה בר נחמני
O0892,O,person,False,II_person_external,1,5,1,0,0,8,רבו של בן הרב (לא מזוהה)
O0895,O,person,False,II_person_external,1,41,1,2,0,7,רבי אבוהב (הקדמון)
O0896,O,person,False,II_person_external,1,71,1,0,0,0,רבי אביתר
O0897,O,person,False,II_person_external,1,7,1,2,0,7,רבי אבלי ווירמש
O0898,O,person,False,II_person_external,1,17,0,1,0,3,רבי אברהם
O0899,O,person,False,II_person_external,1,1,0,1,0,16,רבי אברהם (בעל שבלת הלקט על התורה)
O0900,O,person,False,II_person_external,1,4,0,1,0,4,רבי אברהם אבלי הכהן גומבינר
O0902,O,person,False,II_person_external,1,11,0,1,0,3,רבי אברהם אבן חיים
O0903,O,person,False,II_person_external,1,11,0,2,0,3,רבי אברהם אלגאזי
O0904,O,person,False,II_person_external,1,6,1,0,0,15,רבי אברהם ביבאגו
O0905,O,person,False,II_person_external,1,42,0,0,0,0,"רבי אברהם בן דוד (הראב""ד)"
O0906,O,person,False,II_person_external,1,42,3,1,0,0,רבי אברהם בן יצחק אב בית דין מנרבונה
O0907,O,person,False,II_person_external,1,6,1,1,0,15,רבי אברהם בן שם טוב ביבאג'
O0908,O,person,False,II_person_external,1,2,1,2,0,1,רבי אברהם הענו
O0910,O,person,False,II_person_external,1,8,1,1,0,2,רבי אברהם מגרנאדה
O0911,O,person,False,II_person_external,1,43,2,0,0,6,רבי אברהם מוורדון
O0912,O,person,False,II_person_external,1,11,1,1,0,7,רבי אברהם מינץ
O0914,O,person,False,II_person_external,1,17,1,0,0,6,רבי אהרן הלוי (בעל זקן אהרן)
O0915,O,person,False,II_person_external,1,7,1,2,0,7,רבי אהרן וורמס
O0917,O,person,False,II_person_external,1,5,0,2,0,0,רבי אושעיא זעירא דמן חבריא
O0920,O,person,False,II_person_external,1,2,1,1,0,5,רבי אליהו קאפסאלי
O0921,O,person,False,II_person_external,1,13,1,4,0,4,רבי אליעזר אשכנזי
O0923,O,person,False,II_person_external,1,17,0,1,0,0,רבי אליעזר ן' צור
O0924,O,person,False,II_person_external,1,1,1,0,0,11,רבי אליעזר רופא
O0926,O,person,False,II_person_external,1,55,1,0,0,8,רבי אלעאי
O0927,O,person,False,II_person_external,1,24,0,1,0,0,רבי אלעזר בן דורדיא
O0928,O,person,False,II_person_external,1,26,2,0,0,1,"רבי אלעזר בן יב""ק"
O0929,O,person,False,II_person_external,1,7,1,0,0,8,רבי אלעזר בן עזריה
O0930,O,person,False,II_person_external,1,15,2,0,0,8,רבי אלעזר בן ערך
O0932,O,person,False,II_person_external,1,26,1,2,0,1,"רבי אלעזר בן רבי יב""ק"
O0934,O,person,False,II_person_external,1,39,3,4,0,0,רבי אלעזר חסמא
O0936,O,person,False,II_person_external,1,7,3,2,0,10,רבי אנטולי
O0938,O,person,False,II_person_external,1,0,0,0,0,28,"רבי אריה בן רבי ברוך כ""ץ ראפאפורט"
O0939,O,person,False,II_person_external,1,18,1,0,0,3,רבי אריה יהודה ליב בן רבי יואל סירקיש
O0940,O,person,False,II_person_external,1,3,0,3,0,2,רבי אריה ליב
O0941,O,person,False,II_person_external,1,8,1,2,0,16,"רבי אריה ליב אב""ד אמשטרדם"
O0942,O,person,False,II_person_external,1,5,0,5,0,0,רבי אריה ליב בן אשר גינצבורג
O0943,O,person,False,II_person_external,1,19,1,1,0,0,רבי אריה ליב בן רבי יעקב יהושע
O0944,O,person,False,II_person_external,1,2,1,2,0,4,רבי אריה ליב קרוכמל
O0945,O,person,False,II_person_external,1,9,0,1,0,2,רבי בנימין
O0948,O,person,False,II_person_external,1,6,1,0,0,9,רבי בנימין הכהן ויטאלי מריג'יו
O0949,O,person,False,II_person_external,1,26,1,0,0,2,רבי בנימין הלוי
O0950,O,person,False,II_person_external,1,2,0,1,0,1,רבי בנימין הרופא הענו
O0953,O,person,False,II_person_external,1,7,0,1,0,2,רבי בנימין עשאל
O0954,O,person,False,II_person_external,1,4,0,2,0,4,רבי ברוך בן דוד
O0955,O,person,False,II_person_external,1,15,1,0,0,1,רבי גדליה אבן יחיא
O0956,O,person,False,II_person_external,1,1,0,1,0,1,רבי גרשון בעל ספר השולחן
O0957,O,person,False,II_person_external,1,4,0,0,0,1,רבי דוד אישטרומסה
O0959,O,person,False,II_person_external,1,2,0,3,0,3,רבי דוד האסן
O0960,O,person,False,II_person_external,1,0,0,1,0,12,רבי דוד חזן
O0964,O,person,False,II_person_external,1,4,1,1,0,4,רבי הלל בן נפתלי הירץ
O0965,O,person,False,II_person_external,1,2,1,1,0,3,רבי זאב הלוי
O0966,O,person,False,II_person_external,1,27,3,1,0,0,רבי זירא
O0967,O,person,False,II_person_external,1,1,0,1,0,2,רבי זעירא
O0969,O,person,False,II_person_external,1,7,1,1,0,6,רבי חיים אבולעפיא (בעל עץ החיים)
O0972,O,person,False,II_person_external,1,75,1,1,0,1,רבי חיים אחי רבינו אליעזר בר נתן
O0974,O,person,False,II_person_external,1,5,1,1,0,1,רבי חיים בר מרדכי
O0976,O,person,False,II_person_external,1,2,0,1,0,16,רבי חיים ן' עטר
O0979,O,person,False,II_person_external,1,25,1,1,0,0,רבי חנינא בן תרדיון
O0981,O,person,False,II_person_external,1,2,1,1,0,0,רבי חנינא סגן הכהנים
O0982,O,person,False,II_person_external,1,66,1,0,0,0,רבי חנניא בן עקשיא
O0983,O,person,False,II_person_external,1,2,0,2,0,0,רבי ידעיה הפניני
O0987,O,person,False,II_person_external,1,5,1,0,0,1,רבי יהודה בן אליעזר
O0988,O,person,False,II_person_external,1,1,1,1,0,0,רבי יהודה בן אליעזר (בעל מנחת יהודה)
O0989,O,person,False,II_person_external,1,28,1,0,0,5,רבי יהודה בר אבא מארי
O0991,O,person,False,II_person_external,1,1,1,0,0,6,רבי יהודה גדליה
O0992,O,person,False,II_person_external,1,4,1,1,0,2,רבי יהודה החסיד סגל הלוי
O0993,O,person,False,II_person_external,1,4,2,1,0,2,רבי יהודה הכהן בן רבי שמואל הכהן
O0995,O,person,False,II_person_external,1,5,0,1,0,5,רבי יהודה נג'אר
O0996,O,person,False,II_person_external,1,9,1,1,0,6,רבי יהודה קארו
O0997,O,person,False,II_person_external,1,0,0,0,0,4,רבי יהונתן אייבשיץ
O1000,O,person,False,II_person_external,1,31,1,6,0,1,רבי יהושע בועז ברוך
O1001,O,person,False,II_person_external,1,14,3,1,0,0,רבי יהושע בן חנניא
O1004,O,person,False,II_person_external,1,7,0,1,0,13,רבי יהושע העשיל מקראקא
O1007,O,person,False,II_person_external,1,6,1,1,0,2,רבי יהושע משה אהרן הורוויץ
O1009,O,person,False,II_person_external,1,52,1,0,0,8,רבי יודן
O1010,O,person,False,II_person_external,1,67,0,1,0,0,רבי יוחנן
O1012,O,person,False,II_person_external,1,52,2,4,0,8,רבי יוחנן בן נורי
O1015,O,person,False,II_person_external,1,9,1,1,0,6,רבי יום טוב אלגאזי
O1019,O,person,False,II_person_external,1,12,0,0,0,2,"רבי יוסף ביאליר (סב אמו של החיד""א)"
O1020,O,person,False,II_person_external,1,3,0,0,0,4,רבי יוסף בעל טל אורות
O1021,O,person,False,II_person_external,1,28,3,3,0,6,רבי יוסף די שיגוביא
O1022,O,person,False,II_person_external,1,1,0,1,0,4,רבי יוסף מולכו
O1025,O,person,False,II_person_external,1,2,1,1,0,7,רבי יחזקאל אבי רבי אברהם חזקוני
O1026,O,person,False,II_person_external,1,2,0,2,0,7,רבי יחזקיהו
O1030,O,person,False,II_person_external,1,1,0,0,0,7,רבי יחיאל מיכל
O1031,O,person,False,II_person_external,1,92,0,1,0,1,רבי יחיאל מפריז
O1032,O,person,False,II_person_external,1,71,1,1,0,0,רבי יעקב
O1034,O,person,False,II_person_external,1,27,0,0,0,0,"רבי יעקב בירב (הריב""ל)"
O1037,O,person,False,II_person_external,1,4,0,1,0,3,רבי יעקב האנדאלי
O1040,O,person,False,II_person_external,1,19,2,17,0,0,רבי יעקב יהושע פאלק
O1041,O,person,False,II_person_external,1,10,0,2,0,4,רבי יעקב יהושע פלק
O1042,O,person,False,II_person_external,1,49,0,1,0,1,רבי יעקב מאורליינש
O1045,O,person,False,II_person_external,1,9,0,3,0,1,רבי יעקב עמדן
O1048,O,person,False,II_person_external,1,3,1,1,0,10,רבי יעקב שאול
O1049,O,person,False,II_person_external,1,109,0,2,0,5,רבי יצחק
O1050,O,person,False,II_person_external,1,71,1,2,0,0,רבי יצחק (חכם הזוהר)
O1052,O,person,False,II_person_external,1,11,2,2,0,3,רבי יצחק אבן גיאת
O1053,O,person,False,II_person_external,1,9,0,1,0,1,רבי יצחק הזקן
O1056,O,person,False,II_person_external,1,7,2,3,0,10,רבי יצחק הכהן רפאפורט (בעל בתי כהונה)
O1057,O,person,False,II_person_external,1,14,3,3,0,2,רבי יצחק הכהן רפפורט
O1058,O,person,False,II_person_external,1,4,0,1,0,3,רבי יצחק חיות
O1059,O,person,False,II_person_external,1,2,0,2,0,8,רבי יצחק ינון
O1061,O,person,False,II_person_external,1,24,1,0,0,1,רבי יצחק מפריש
O1063,O,person,False,II_person_external,1,6,0,0,0,3,רבי יצחק פראנקו
O1064,O,person,False,II_person_external,1,15,0,1,0,3,רבי יקותיאל (אבי משפחת רבינו שמשון מקינון)
O1065,O,person,False,II_person_external,1,71,1,0,0,18,רבי ירמיה
O1066,O,person,False,II_person_external,1,42,0,1,0,2,רבי ישבב הסופר
O1068,O,person,False,II_person_external,1,34,0,0,0,5,רבי ישמעאל
O1072,O,person,False,II_person_external,1,92,0,0,0,1,רבי ישעיה די טראני הזקן
O1074,O,person,False,II_person_external,1,2,0,1,0,18,רבי ישראל בן אלנקוה
O1075,O,person,False,II_person_external,1,13,1,1,0,5,רבי ישראל בן בנימין מבעלזיץ
O1078,O,person,False,II_person_external,1,9,1,1,0,6,רבי ישראל בן רבי שלום שכנא
O1079,O,person,False,II_person_external,1,0,0,0,0,7,"רבי ישראל מהרא""י"
O1080,O,person,False,II_person_external,1,0,0,0,0,5,"רבי יששכר אב""ד גוריציאה"
O1081,O,person,False,II_person_external,1,3,0,0,0,5,רבי יששכר מגוריציאו
O1082,O,person,False,II_person_external,1,0,0,0,0,46,"רבי יששכר סג""ל"
O1084,O,person,False,II_person_external,1,10,1,5,0,4,"רבי מאיר (אבי הש""ך)"
O1085,O,person,False,II_person_external,1,16,4,7,0,4,רבי מאיר אייזנשטאט
O1088,O,person,False,II_person_external,1,3,1,1,0,4,רבי מאיר בן יעקב (בעל תוספת שבת)
O1090,O,person,False,II_person_external,1,7,5,0,0,0,רבי מאיר בן יצחק קצנלנבוגן מפאדובה
O1092,O,person,False,II_person_external,1,5,2,3,0,6,רבי מאיר נגרין
O1093,O,person,False,II_person_external,1,10,0,1,0,0,רבי מאיר קצנלנבוגן מפדובה
O1094,O,person,False,II_person_external,1,15,1,0,0,8,רבי מיאשא
O1095,O,person,False,II_person_external,1,1,0,1,0,1,רבי מנחם אבי רבי אליקים
O1096,O,person,False,II_person_external,1,3,1,1,0,6,רבי מנחם בן שלמה בעל שכל טוב
O1097,O,person,False,II_person_external,1,9,1,0,0,9,רבי מנחם מנדל קרוכמל
O1098,O,person,False,II_person_external,1,5,2,2,0,4,רבי מנחם מענדל אוירבך
O1099,O,person,False,II_person_external,1,2,2,1,0,4,רבי מנחם מענדל קרוכמל
O1100,O,person,False,II_person_external,1,10,1,7,0,14,רבי מנחם קזיס
O1102,O,person,False,II_person_external,1,9,1,1,0,2,רבי מרדכי אנג'יל
O1103,O,person,False,II_person_external,1,92,0,1,0,1,רבי מרדכי יוסף מיוחס
O1104,O,person,False,II_person_external,1,16,0,1,0,4,רבי משה
O1105,O,person,False,II_person_external,1,1,1,0,0,3,רבי משה אלמושנינו
O1106,O,person,False,II_person_external,1,6,2,2,0,13,רבי משה בירדוגו
O1107,O,person,False,II_person_external,1,6,1,3,0,0,רבי משה בן יעקב מקייב
O1109,O,person,False,II_person_external,1,11,0,1,0,1,רבי משה בר יהודה מבדריש
O1110,O,person,False,II_person_external,1,7,2,2,0,16,רבי משה בר מיימון (ממשפחת ן' דאנאן)
O1113,O,person,False,II_person_external,1,22,0,1,0,2,"רבי משה גלאנטי (הראשון, המוסמך)"
O1114,O,person,False,II_person_external,1,5,1,1,0,16,רבי משה הכהן (בעל ברכת טוב)
O1116,O,person,False,II_person_external,1,34,0,1,0,11,רבי משה לואנץ
O1118,O,person,False,II_person_external,1,1,1,0,0,14,רבי משה מטרינקטאיל
O1119,O,person,False,II_person_external,1,3,0,1,0,4,רבי משה מלוצירה
O1120,O,person,False,II_person_external,1,9,1,3,0,3,רבי משה קובו
O1121,O,person,False,II_person_external,1,3,0,1,0,1,רבי משולם בן משה מבדרש (בעל ההשלמה)
O1122,O,person,False,II_person_external,1,11,7,5,0,1,רבי משולם בן משה מבזירש
O1123,O,person,False,II_person_external,1,6,0,1,0,0,רבי נחום בן רבי עוזיאל
O1124,O,person,False,II_person_external,1,13,0,1,0,0,רבי נחום טרעביטש (בעל חזון נחום)
O1127,O,person,False,II_person_external,1,1,0,1,0,20,רבי נפתלי הירץ פוזנר
O1129,O,person,False,II_person_external,1,3,1,1,0,1,רבי נתן (אבי רבינו משולם)
O1132,O,person,False,II_person_external,1,0,0,0,0,4,"רבי עוזר אב""ד דקלמינטוב"
O1133,O,person,False,II_person_external,1,1,0,1,0,3,רבי עמנואל חסן
O1135,O,person,False,II_person_external,1,2,0,1,0,4,רבי פארדו
O1136,O,person,False,II_person_external,1,3,1,0,0,1,רבי פינחס בן יאיר
O1137,O,person,False,II_person_external,1,20,1,0,0,10,רבי פינחס בן משולם דיין אלכסנדריה
O1138,O,person,False,II_person_external,1,7,0,1,0,4,רבי פינחס הלוי הורוביץ
O1139,O,person,False,II_person_external,1,71,1,0,0,0,רבי פנחס
O1141,O,person,False,II_person_external,1,12,0,1,0,8,רבי צמח בן שלמה דוראן
O1142,O,person,False,II_person_external,1,12,1,1,0,8,רבי צמח דוראן
O1143,O,person,False,II_person_external,1,3,0,0,0,4,רבי ראובן בעל מחנה ראובן
O1144,O,person,False,II_person_external,1,1,0,1,0,5,רבי ראובן הושקי הכהן
O1145,O,person,False,II_person_external,1,10,0,1,0,13,רבי רפאל מלכי
O1146,O,person,False,II_person_external,1,6,0,0,0,11,רבי רפאל קארו
O1147,O,person,False,II_person_external,1,1,0,1,0,1,רבי שבתי (אבי ר' יצחק בר ר' שבתי)
O1149,O,person,False,II_person_external,1,5,1,0,0,6,רבי שלמה אלעמי
O1151,O,person,False,II_person_external,1,21,1,0,0,2,רבי שלמה בן שמעון דוראן
O1153,O,person,False,II_person_external,1,12,0,0,0,8,רבי שלמה דוראן
O1154,O,person,False,II_person_external,1,26,1,0,0,2,רבי שלמה הלוי
O1156,O,person,False,II_person_external,1,18,0,2,0,17,רבי שלמה חעלמא
O1157,O,person,False,II_person_external,1,1,1,0,0,15,רבי שלמה לאניאדו
O1159,O,person,False,II_person_external,1,4,0,3,0,4,רבי שלמה מחעלמא
O1160,O,person,False,II_person_external,1,14,0,0,0,4,רבי שלמה מלובלין
O1161,O,person,False,II_person_external,1,7,1,0,0,5,רבי שלמה פרימו
O1162,O,person,False,II_person_external,1,4,0,2,0,3,רבי שמואל
O1164,O,person,False,II_person_external,1,3,0,1,0,9,"רבי שמואל אליעזר הלוי איידלס (מהרש""א)"
O1165,O,person,False,II_person_external,1,0,0,0,0,47,רבי שמואל ארקוולטי
O1166,O,person,False,II_person_external,1,41,0,1,0,7,רבי שמואל בעל חגורת שמואל
O1167,O,person,False,II_person_external,1,9,0,2,0,6,רבי שמואל בר נחמני
O1168,O,person,False,II_person_external,1,1,0,1,0,4,רבי שמואל גאון
O1169,O,person,False,II_person_external,1,3,2,2,0,2,רבי שמואל דיל ויקייו
O1170,O,person,False,II_person_external,1,14,2,0,0,2,רבי שמואל וויטאל
O1172,O,person,False,II_person_external,1,1,0,1,0,26,רבי שמואל זנוויל העקשיר
O1173,O,person,False,II_person_external,1,14,0,0,0,5,רבי שמואל מוורמייזא
O1175,O,person,False,II_person_external,1,10,1,1,0,1,רבי שמואל משליצשטט
O1176,O,person,False,II_person_external,1,5,0,3,0,4,"רבי שמואל פייבוש כ""ץ"
O1177,O,person,False,II_person_external,1,7,1,0,0,5,רבי שמואל פלורנטין
O1178,O,person,False,II_person_external,1,10,1,1,0,1,רבי שמואל שליצשטט
O1179,O,person,False,II_person_external,1,8,1,1,0,3,רבי שמחה בעל שמות הגיטין
O1181,O,person,False,II_person_external,1,12,1,0,0,18,רבי שמעון בן ננס
O1182,O,person,False,II_person_external,1,12,0,2,0,8,רבי שמעון בן שלמה דוראן
O1184,O,person,False,II_person_external,1,5,0,1,0,0,רבי שמעון הדרשן (בעל ילקוט שמעוני)
O1185,O,person,False,II_person_external,1,1,0,1,0,11,רבי שמעון מפינטשוב
O1186,O,person,False,II_person_external,1,8,0,1,0,4,רבי שניאור
O1187,O,person,False,II_person_external,1,71,0,1,0,0,רבין
O1191,O,person,False,II_person_external,1,92,0,1,0,1,"רבינו ברוך אבי מהר""ם מרוטנבורג"
O1192,O,person,False,II_person_external,1,4,1,0,0,1,רבינו גרשום משפירא
O1193,O,person,False,II_person_external,1,74,2,0,0,3,רבינו דוד הכהן
O1194,O,person,False,II_person_external,1,66,0,0,0,0,רבינו דן אשכנזי
O1196,O,person,False,II_person_external,1,1,1,0,0,5,רבינו טודרוס בר מאיר הלוי
O1197,O,person,False,II_person_external,1,7,3,1,0,1,רבינו יהודה הכהן
O1198,O,person,False,II_person_external,1,94,0,2,0,1,"רבינו יוסף (בעל תוספות ה""ר יוסף)"
O1201,O,person,False,II_person_external,1,49,0,2,0,6,"רבינו יעקב ממרוי""ש"
O1202,O,person,False,II_person_external,1,78,1,1,0,0,רבינו יעקב ממרוייש
O1209,O,person,False,II_person_external,1,24,0,0,0,1,"רבינו יצחק הזקן בן שמואל (הר""י)"
O1210,O,person,False,II_person_external,1,21,4,1,0,1,רבינו יצחק הזקן בר שמואל
O1211,O,person,False,II_person_external,1,3,1,1,0,2,רבינו מאיר הכהן מסרקסטה
O1212,O,person,False,II_person_external,1,92,0,1,0,1,רבינו מאיר מרוטנבורג הלוי
O1213,O,person,False,II_person_external,1,1,1,0,0,1,רבינו מנחם אחי רבינו נתן
O1214,O,person,False,II_person_external,1,6,0,1,0,0,רבינו מנחם המאירי
O1215,O,person,False,II_person_external,1,26,1,1,0,1,רבינו משה
O1217,O,person,False,II_person_external,1,26,1,1,0,1,רבינו משה הכהן
O1219,O,person,False,II_person_external,1,6,0,4,0,0,רבינו נסים בן יעקב מקירואן
O1222,O,person,False,II_person_external,1,104,0,0,0,3,רבינו נתן בן יחיאל מרומי
O1223,O,person,False,II_person_external,1,24,1,0,0,0,רבינו קלונימוס
O1224,O,person,False,II_person_external,1,109,3,1,0,1,רבינו שמואל בן מאיר
O1226,O,person,False,II_person_external,1,12,1,1,0,7,רבינו שמואל מפלייזא
O1227,O,person,False,II_person_external,1,21,3,1,0,1,רבינו שמחה מויטרי
O1228,O,person,False,II_person_external,1,8,1,0,0,0,רבינו שמשון מן ההר
O1229,O,person,False,II_person_external,1,52,5,0,0,8,רבן גמליאל בנו של רבי יהודה הנשיא
O1230,O,person,False,II_person_external,1,52,3,1,0,8,רבן גמליאל ברבי
O1231,O,person,False,II_person_external,1,52,11,5,0,8,רבן גמליאל דיבנה
O1233,O,person,False,II_person_external,1,13,0,0,0,6,רבן יוחנן בן זכאי
O1235,O,person,False,II_person_external,1,52,2,4,0,8,רבן שמעון בן גמליאל הזקן
O1236,O,person,False,II_person_external,1,2,1,0,0,14,רבני איטליא
O1237,O,person,False,II_person_external,1,5,0,1,0,2,רבני איטליה
O1239,O,person,False,II_person_external,1,5,1,1,0,2,רבני גאוני ירושלים
O1240,O,person,False,II_person_external,1,3,0,1,0,0,רבני המערב
O1241,O,person,False,II_person_external,1,1,0,1,0,14,רבני המערב הקדמונים
O1242,O,person,False,II_person_external,1,11,2,0,0,3,רבני קושטא
O1243,O,person,False,II_person_external,1,23,1,0,0,8,רבנן קמאי
O1244,O,person,False,II_person_external,1,55,1,1,0,8,רבקה
O1245,O,person,False,II_person_external,1,17,2,2,0,7,רודולף השני
O1246,O,book,False,IV_book_external,1,5,1,1,0,6,רוקח
O1247,O,person,False,II_person_external,1,24,1,2,0,7,רות
O1248,O,book,False,IV_book_external,1,6,1,0,0,2,רזי דרזין
O1249,O,person,False,II_person_external,1,39,1,0,0,9,רחל אמנו
O1251,O,person,False,II_person_external,1,1,0,1,0,19,רפדוני בתפוחים
O1252,O,person,False,II_person_external,1,39,1,1,0,1,שֵׁלָה בן יהודה
O1253,O,book,False,IV_book_external,1,48,6,0,0,1,שאילתות דרב אחאי גאון
O1254,O,book,False,IV_book_external,1,10,2,0,0,12,"שאלות ותשובות הר""ן"
O1255,O,book,False,IV_book_external,1,27,0,0,0,0,"שאלות ותשובות הרדב""ז"
O1257,O,book,False,IV_book_external,1,38,1,0,0,3,"שאלות ותשובות מהר""ט חלק א"
O1258,O,book,False,IV_book_external,1,9,2,0,0,5,"שאלות ותשובות מהר""י"
O1259,O,book,False,IV_book_external,1,2,0,0,0,0,"שאלות ותשובות מהר""ם אלשקר"
O1261,O,book,False,IV_book_external,1,5,2,0,0,6,"שאלות ותשובות מהריב""ל"
O1262,O,book,False,IV_book_external,1,4,2,0,0,0,"שאלות ותשובות מהריק""ש"
O1263,O,book,False,IV_book_external,1,56,2,1,0,1,"שאלות ותשובות מהרש""ל"
O1265,O,book,False,IV_book_external,1,24,0,1,0,1,שאלות ותשובות מן השמים
O1266,O,person,False,II_person_external,1,42,2,0,0,2,שאלת חלום
O1267,O,book,False,IV_book_external,1,0,0,0,0,1,שאלתות דרב אחא משבחא
O1271,O,book,False,IV_book_external,1,11,1,0,0,3,שבועת הדיינין (חלק בחושן משפט)
O1275,O,book,False,IV_book_external,1,6,1,1,0,6,"שו""ת בית יוסף"
O1276,O,book,False,IV_book_external,1,14,1,0,0,4,"שו""ת הב""ח"
O1277,O,book,False,IV_book_external,1,2,2,0,0,15,"שו""ת המבי""ט"
O1278,O,book,False,IV_book_external,1,6,1,0,0,6,"שו""ת הרא""ם"
O1279,O,book,False,IV_book_external,1,2,1,0,0,6,"שו""ת הרא""ם (רבי אליהו מזרחי)"
O1282,O,book,False,IV_book_external,1,27,2,1,0,0,"שו""ת הרדב""ז חלק ג'"
O1283,O,book,False,IV_book_external,1,45,1,1,0,3,"שו""ת הרי""ף"
O1286,O,book,False,IV_book_external,1,39,1,1,0,7,"שו""ת הרמ""ה (תשובות רבי מאיר הלוי אבולעפיא)"
O1287,O,book,False,IV_book_external,1,3,0,1,0,2,"שו""ת הרמ""ז"
O1288,O,book,False,IV_book_external,1,6,1,1,0,2,"שו""ת הרמ""ע מפאנו"
O1291,O,book,False,IV_book_external,1,17,2,0,0,5,"שו""ת חכם צבי"
O1293,O,book,False,IV_book_external,1,16,1,1,0,6,"שו""ת מהר""י בן לב"
O1297,O,book,False,IV_book_external,1,13,1,1,0,9,"שו""ת מהר""י מינץ"
O1298,O,book,False,IV_book_external,1,17,2,0,0,6,"שו""ת מהר""י קאשטרו"
O1299,O,book,False,IV_book_external,1,3,1,0,0,1,"שו""ת מהר""י קולון"
O1300,O,book,False,IV_book_external,1,3,1,1,0,0,"שו""ת מהר""ם אלשקאר"
O1302,O,book,False,IV_book_external,1,9,2,3,0,7,"שו""ת מהר""ם מינץ"
O1306,O,book,False,IV_book_external,1,9,2,0,0,1,"שו""ת מהר""ם מרוטנבורג (דפוס קרימונה)"
O1308,O,book,False,IV_book_external,1,1,1,0,0,1,"שו""ת מהר""ם מרוטנבורג (הקצרים)"
O1310,O,book,False,IV_book_external,1,7,0,0,0,2,"שו""ת מהר""ר שבתי נאוואווי"
O1312,O,book,False,IV_book_external,1,6,2,0,0,6,"שו""ת מהר""ש בן הרשב""ץ (הרשב""ש)"
O1314,O,book,False,IV_book_external,1,31,0,1,0,3,"שו""ת מהרי""ט"
O1315,O,book,False,IV_book_external,1,13,2,1,0,6,"שו""ת מהרי""ט צהלון"
O1318,O,book,False,IV_book_external,1,37,1,0,0,6,"שו""ת מהריב""ל"
O1319,O,book,False,IV_book_external,1,16,2,0,0,3,"שו""ת מהריב""ל חלק א'"
O1321,O,book,False,IV_book_external,1,12,1,0,0,6,"שו""ת מהרימ""ט"
O1324,O,book,False,IV_book_external,1,16,2,3,0,3,"שו""ת מהרשד""ם"
O1325,O,book,False,IV_book_external,1,26,2,2,0,4,"שו""ת מרן (שאלות ותשובות בית יוסף)"
O1326,O,book,False,IV_book_external,1,43,1,0,0,6,"שו""ת מרן רבי יוסף קארו"
O1329,O,book,False,IV_book_external,1,14,1,1,0,0,"שו""ת רבינו תם"
O1332,O,book,False,IV_book_external,1,2,1,0,0,3,שולחן ערוך יורה דעה
O1333,O,book,False,IV_book_external,1,39,1,0,0,9,שורש ע'
O1336,O,book,False,IV_book_external,1,2,1,1,0,1,שיטה כתב יד קדמונית למסכת סוכה
O1337,O,book,False,IV_book_external,1,38,0,2,0,8,שיטה מקובצת על בבא מציעא
O1338,O,book,False,IV_book_external,1,3,1,0,0,4,שיטה על כתובות
O1339,O,book,False,IV_book_external,1,5,1,1,0,4,"שיטות (חידושי מהר""ר ברוך אנגיל על הש""ס)"
O1340,O,book,False,IV_book_external,1,2,1,0,0,15,"שיטות על הגמרא (כתב יד) למהר""ר שמריה שרביט הזהב"
O1341,O,book,False,IV_book_external,1,18,1,1,0,6,שיטות על התלמוד (לרבי יצחק אבוהב)
O1342,O,book,False,IV_book_external,1,5,0,0,0,7,שיטות על מסכתות (דרך חורפא) לר' אליהו שפירא
O1343,O,book,False,IV_book_external,1,12,1,0,0,6,שיטת חולין ובכורות
O1344,O,book,False,IV_book_external,1,7,1,1,0,7,שיטת נזיר
O1345,O,book,False,IV_book_external,1,9,0,1,0,6,"שיטת קידושין (למהר""ר יעקב בי רב)"
O1350,O,book,False,IV_book_external,1,3,2,1,0,4,שלחן טהור
O1351,O,person,False,II_person_external,1,94,0,1,0,1,שלמה בן יוסף פרופס
O1356,O,book,False,IV_book_external,1,3,1,1,0,3,"שם הגדולים (מערכת יו""ד)"
O1357,O,book,False,IV_book_external,1,7,1,2,0,0,"שם הגדולים (מערכת ספרים, חלק ב)"
O1359,O,book,False,IV_book_external,1,3,0,1,0,0,"שם הגדולים - מערכת אל""ף"
O1361,O,book,False,IV_book_external,1,1,0,1,0,9,שם הגדולים - מערכת מ'
O1362,O,book,False,IV_book_external,1,0,0,0,0,17,שם הגדולים - מערכת ספרים (חלק ב)
O1363,O,book,False,IV_book_external,1,40,0,1,0,1,"שם הגדולים - מערכת רי""ש"
O1369,O,person,False,II_person_external,1,7,1,0,0,7,שמואל קארו
O1370,O,book,False,IV_book_external,1,4,0,0,0,7,"שמונה פרקים להרמב""ם"
O1373,O,book,False,IV_book_external,1,6,0,1,0,4,שמלת בנימין
O1374,O,book,False,IV_book_external,1,2,1,0,0,14,שמע יעקב
O1375,O,person,False,II_person_external,1,12,1,0,0,18,שמעון אחי עזריה
O1376,O,person,False,II_person_external,1,12,1,0,0,18,שמעון בן זומא
O1377,O,person,False,II_person_external,1,1,0,1,0,25,שמעון גינצבורג
O1378,O,person,False,II_person_external,1,40,0,1,0,1,שמעון הפקולי
O1380,O,person,False,II_person_external,1,23,1,0,0,2,שמעיה
O1381,O,person,False,II_person_external,1,39,1,0,0,9,שמשון הגיבור
O1383,O,book,False,IV_book_external,1,2,0,0,0,5,שער ההכנה
O1388,O,book,False,IV_book_external,1,5,0,1,0,3,שער נוראות
O1389,O,book,False,IV_book_external,1,4,1,0,0,2,שער רוח הקודש
O1390,O,book,False,IV_book_external,1,7,2,0,0,2,שערי ציון
O1391,O,book,False,IV_book_external,1,16,0,0,0,2,שרו להו מרייהו
O1392,O,book,False,IV_book_external,1,4,0,3,0,12,שתי עינים
O1395,O,book,False,IV_book_external,1,39,1,1,0,3,תולדות נח
O1396,O,book,False,IV_book_external,1,94,0,1,0,1,תוספות ברכות כתב יד
O1397,O,book,False,IV_book_external,1,35,2,0,0,1,תוספות הרב רבי יוסף
O1398,O,book,False,IV_book_external,1,4,0,1,0,3,תוספות זבחים
O1399,O,book,False,IV_book_external,1,7,1,1,0,4,תוספות חדשים
O1400,O,book,False,IV_book_external,1,94,1,0,0,1,תוספות חיצוניות
O1402,O,book,False,IV_book_external,1,94,1,0,0,1,תוספות יבמות לרבינו יהודה מפריש
O1404,O,book,False,IV_book_external,1,7,1,1,0,8,תוספות יופי
O1406,O,book,False,IV_book_external,1,94,3,1,0,1,תוספות ישנים על מסכת יומא
O1407,O,book,False,IV_book_external,1,67,0,0,0,0,תוספות כתב יד
O1408,O,book,False,IV_book_external,1,23,2,0,0,0,"תוספות כתובות להריב""ש"
O1409,O,book,False,IV_book_external,1,10,1,0,0,9,תוספות למסכת סוטה (כתב יד)
O1410,O,book,False,IV_book_external,1,94,0,1,0,1,תוספות לקידושין (כתב יד)
O1411,O,book,False,IV_book_external,1,94,0,1,0,8,תוספות לתענית
O1412,O,book,False,IV_book_external,1,4,1,0,0,0,תוספות מסכת שבועות
O1414,O,book,False,IV_book_external,1,56,1,0,0,1,תוספות עבודה זרה
O1415,O,book,False,IV_book_external,1,24,0,2,0,1,תוספות על החומש (פרשת וארא)
O1416,O,book,False,IV_book_external,1,94,2,1,0,1,תוספות צרפת
O1417,O,book,False,IV_book_external,1,94,2,0,0,1,"תוספות ר""י הזקן"
O1418,O,book,False,IV_book_external,1,94,1,0,0,1,תוספות רבי יוסף
O1419,O,book,False,IV_book_external,1,94,2,0,0,1,תוספות רבינו יהודה
O1420,O,book,False,IV_book_external,1,94,2,0,0,1,תוספות רבינו יהודה החסיד על מסכת סוכה
O1421,O,book,False,IV_book_external,1,94,1,0,0,1,תוספות רבינו יהודה לבבא בתרא
O1422,O,book,False,IV_book_external,1,94,1,0,0,1,תוספות רבינו יהודה לברכות
O1423,O,book,False,IV_book_external,1,94,4,0,0,1,תוספות רבינו יהודה למסכת ברכות
O1424,O,book,False,IV_book_external,1,94,0,0,0,1,תוספות רבינו יהודה מפריש
O1425,O,book,False,IV_book_external,1,94,2,0,0,1,תוספות רבינו יוסף
O1426,O,book,False,IV_book_external,1,94,3,0,0,1,תוספות רבינו יחיאל מפריש
O1427,O,book,False,IV_book_external,1,94,1,0,0,1,תוספות רבינו יצחק מדופירא
O1428,O,book,False,IV_book_external,1,94,1,0,0,1,תוספות רבינו ישראל
O1429,O,book,False,IV_book_external,1,9,1,1,0,9,תוספות רבינו מאיר
O1430,O,book,False,IV_book_external,1,94,2,0,0,1,תוספות רבינו מאיר בן שמואל
O1433,O,book,False,IV_book_external,1,8,0,1,0,1,"תוספות רי""ד למסכת קידושין"
O1435,O,book,False,IV_book_external,1,4,1,0,0,0,תוספות שבועות
O1436,O,book,False,IV_book_external,1,94,2,3,0,1,תוספות שיטה
O1437,O,book,False,IV_book_external,1,94,2,0,0,1,"תוספות תלמיד הר""ר פרץ"
O1438,O,book,False,IV_book_external,1,94,0,1,0,1,תוספות תלמיד רבינו פרץ
O1439,O,book,False,IV_book_external,1,94,1,1,0,1,תוספות תלמידי רבינו יצחק בר אשר
O1440,O,book,False,IV_book_external,1,94,2,0,0,1,תוספות תמיד
O1441,O,book,False,IV_book_external,1,23,0,1,0,8,תוספות תענית (כתב יד)
O1442,O,book,False,IV_book_external,1,7,1,2,0,11,"תוספי הרא""ם"
O1444,O,book,False,IV_book_external,1,25,1,2,0,0,תוספתא דכלים
O1446,O,book,False,IV_book_external,1,6,1,0,0,1,תורה אור
O1447,O,book,False,IV_book_external,1,3,1,0,0,10,תורה שבכתב
O1448,O,book,False,IV_book_external,1,2,1,1,0,3,"תורת חיים (שו""ת מהרח""ש) חלק אבן העזר"
O1449,O,book,False,IV_book_external,1,17,3,0,0,6,תיקון התפילין
O1450,O,book,False,IV_book_external,1,16,0,0,0,2,תיקון חצות
O1452,O,book,False,IV_book_external,1,7,2,0,0,0,תלמוד בבלי (דפוס ויניציאה)
O1453,O,person,False,II_person_external,1,13,3,1,0,2,תמנע
O1457,O,book,False,IV_book_external,1,39,2,1,0,1,תרגום ופירוש המקרא (תפסיר) לרב סעדיה גאון
O1458,O,book,False,IV_book_external,1,35,3,0,0,9,תרגום ירושלמי
O1459,O,book,False,IV_book_external,1,2,1,1,0,3,"תשובות א""ח"
O1460,O,book,False,IV_book_external,1,8,1,1,0,8,"תשובות החדשות להרא""ש"
O1462,O,book,False,IV_book_external,1,24,2,0,0,1,תשובות המרדכי
O1463,O,book,False,IV_book_external,1,1,1,0,0,1,"תשובות הקצרות (למהר""ם בר ברוך)"
O1464,O,book,False,IV_book_external,1,1,1,0,0,1,"תשובות הקצרות (למהר""ם מרוטנבורג)"
O1466,O,book,False,IV_book_external,1,45,4,0,0,3,"תשובות הרי""ף"
O1467,O,book,False,IV_book_external,1,23,1,0,0,0,"תשובות הריב""ש"
O1469,O,book,False,IV_book_external,1,35,2,0,0,0,"תשובות הרמב""ן"
O1470,O,book,False,IV_book_external,1,11,1,0,0,7,"תשובות חדשות (שו""ת הרדב""ז)"
O1471,O,book,False,IV_book_external,1,4,1,1,0,4,"תשובות מהר""ד עראמה"
O1472,O,book,False,IV_book_external,1,66,3,0,0,0,"תשובות מהר""ם גלאנטי"
O1476,O,book,False,IV_book_external,1,4,3,0,0,4,"תשובות מהר""ר דוד עראמה"
O1479,O,book,False,IV_book_external,1,11,2,0,0,6,"תשובות מהריק""ש"
O1481,O,book,False,IV_book_external,1,9,0,1,0,6,תשובות מרן (רבי יוסף קארו) על אבן העזר
O1482,O,book,False,IV_book_external,1,23,0,3,0,8,תשובות רב שרירא גאון
O1483,O,book,False,IV_book_external,1,9,0,0,0,1,תשובות רבינו תם
O1484,O,book,False,IV_book_external,1,1,0,1,0,14,תשובות רבני מצרים
O1485,O,book,False,IV_book_external,1,5,1,0,0,2,תשובת כתב יד להרב יעקב פאראגי
S0005,S,book,True,III_book_entry,1,39,0,0,0,5,אבכיר
S0006,S,book,True,III_book_entry,1,18,1,0,0,5,אבן הטועים
S0007,S,book,True,III_book_entry,1,4,2,2,0,4,אבן העוזר
S0008,S,book,True,III_book_entry,1,75,1,1,0,1,אבן הראשה
S0009,S,book,True,III_book_entry,1,4,0,1,0,2,אבן השוהם
S0015,S,book,True,III_book_entry,1,39,0,0,0,12,אגדתא דבראשית
S0018,S,book,True,III_book_entry,1,39,3,0,0,9,אגור
S0020,S,book,True,III_book_entry,1,6,1,1,0,12,אגן הסהר
S0023,S,book,True,III_book_entry,1,7,1,1,0,4,אגרת בקורת
S0024,S,book,True,III_book_entry,1,0,0,0,0,6,אגרת המוסר
S0026,S,book,True,III_book_entry,1,8,2,1,0,12,אגרת שמואל
S0027,S,book,True,III_book_entry,1,9,1,0,0,2,אדם ישר
S0030,S,book,True,III_book_entry,1,6,1,1,0,10,אדרת אליהו
S0031,S,book,True,III_book_entry,1,0,0,0,0,5,אהבת חסד
S0040,S,book,True,III_book_entry,1,28,1,0,0,0,אוהב משפט
S0041,S,book,True,III_book_entry,1,6,1,1,0,0,אוצר ה
S0046,S,book,True,III_book_entry,1,16,1,1,0,4,אור הגנוז
S0049,S,book,True,III_book_entry,1,7,2,2,0,0,אור זרוע קצר
S0050,S,book,True,III_book_entry,1,2,1,1,0,12,אור חדש
S0058,S,book,True,III_book_entry,1,2,0,1,0,5,אור יקרות
S0060,S,book,True,III_book_entry,1,4,0,1,0,2,אור הישר
S0061,S,book,True,III_book_entry,1,0,4,1,0,4,אור ישראל
S0063,S,book,True,III_book_entry,1,1,0,1,0,12,אור לו בציון
S0064,S,book,True,III_book_entry,1,0,0,0,0,31,אור לישרים
S0065,S,book,True,III_book_entry,1,1,1,0,0,12,אור נעלם
S0066,S,book,True,III_book_entry,1,23,1,0,0,2,אור נערב
S0067,S,book,True,III_book_entry,1,15,0,0,0,2,אור נר
S0069,S,book,True,III_book_entry,1,15,0,0,0,2,אור פני מלך
S0070,S,book,True,III_book_entry,1,0,0,0,0,2,אור צדיקים
S0071,S,book,True,III_book_entry,1,15,0,0,0,2,אור צח
S0084,S,book,True,III_book_entry,1,39,0,0,0,5,אותיות רבי עקיבא
S0087,S,book,True,III_book_entry,1,6,1,0,0,4,אילנא דחיי
S0088,S,book,True,III_book_entry,1,18,1,1,0,12,אילת אהבים
S0090,S,book,True,III_book_entry,1,5,1,0,0,2,אלון בכות
S0096,S,book,True,III_book_entry,1,31,1,0,0,17,ס' האלמדיל
S0098,S,book,True,III_book_entry,1,22,4,1,0,2,"אלף המג""ן"
S0100,S,book,True,III_book_entry,1,26,0,0,0,9,אם לבינה
S0101,S,book,True,III_book_entry,1,2,1,1,0,10,אם לבינה
S0102,S,book,True,III_book_entry,1,2,0,2,0,10,אם הילד
S0104,S,book,True,III_book_entry,1,31,1,0,0,17,ס' האמונה
S0105,S,book,True,III_book_entry,1,10,0,0,0,5,האמונה והבטחון
S0107,S,book,True,III_book_entry,1,0,0,0,0,9,אמונת חכמים
S0108,S,book,True,III_book_entry,1,11,1,0,0,16,אמונת שמואל
S0112,S,book,True,III_book_entry,1,15,1,1,0,5,אמרי יושר
S0116,S,book,True,III_book_entry,1,8,1,0,0,13,אמרי שפר
S0121,S,book,True,III_book_entry,1,34,4,1,0,7,אסור והתר
S0127,S,book,True,III_book_entry,1,7,0,0,0,16,אסיפת הכהן
S0129,S,book,True,III_book_entry,1,39,1,0,0,5,אספה
S0130,S,book,True,III_book_entry,1,6,1,1,0,2,אספקלריא המאירה
S0132,S,book,True,III_book_entry,1,28,0,0,0,6,אפריון שלמה
S0133,S,book,True,III_book_entry,1,66,1,0,0,0,ארבע שיטות
S0135,S,book,True,III_book_entry,1,3,0,0,0,2,ארוחת תמיד
S0138,S,book,True,III_book_entry,1,8,1,0,0,7,ארח לחיים
S0146,S,book,True,III_book_entry,1,0,0,0,0,3,אשד הנחלים
S0148,S,book,True,III_book_entry,1,42,5,1,0,0,ס' האשכול
S0152,S,book,True,III_book_entry,1,2,1,3,0,0,"באור ספר יצירה להראב""ד"
S0153,S,book,True,III_book_entry,1,4,1,1,0,3,"באור על חלק סמ""ג לאווין"
S0156,S,book,True,III_book_entry,1,7,2,0,0,7,באור על התורה
S0157,S,book,True,III_book_entry,1,6,1,0,0,3,"באור התורה להרמב""ם"
S0159,S,book,True,III_book_entry,1,4,2,0,0,1,"באורי סמ""ג"
S0160,S,book,True,III_book_entry,1,3,1,0,0,7,"באורי רש""י"
S0161,S,book,True,III_book_entry,1,12,2,0,0,6,באורים על ד' טורים
S0163,S,book,True,III_book_entry,1,0,0,0,0,9,באר אברהם
S0165,S,book,True,III_book_entry,1,6,0,1,0,4,באר היטב
S0171,S,book,True,III_book_entry,1,5,1,0,0,11,באר לחי
S0173,S,book,True,III_book_entry,1,0,0,0,0,2,באר מים חיים
S0174,S,book,True,III_book_entry,1,10,2,0,0,6,באר מים חיים
S0177,S,book,True,III_book_entry,1,24,1,2,0,7,בגדי ישע
S0178,S,book,True,III_book_entry,1,7,0,0,0,3,בגדי כהונה
S0181,S,book,True,III_book_entry,1,4,1,1,0,13,בדק הבית
S0184,S,book,True,III_book_entry,1,31,1,0,0,17,ספר הבחירות
S0185,S,book,True,III_book_entry,1,31,1,0,0,17,בחירת המדות
S0191,S,book,True,III_book_entry,1,0,0,0,0,9,בית אל
S0198,S,book,True,III_book_entry,1,18,0,0,0,5,בית דין יפה
S0199,S,book,True,III_book_entry,1,2,1,0,0,15,בית דינו של שלמה
S0200,S,book,True,III_book_entry,1,5,0,2,0,4,בית הלל
S0204,S,book,True,III_book_entry,1,67,1,0,0,0,בית יד
S0207,S,book,True,III_book_entry,1,18,2,0,0,1,בית ה
S0209,S,book,True,III_book_entry,1,0,0,0,0,4,בית יעקב
S0212,S,book,True,III_book_entry,1,0,0,0,0,3,בית ישראל
S0214,S,book,True,III_book_entry,1,0,0,0,0,38,בית הלוי
S0215,S,book,True,III_book_entry,1,12,1,0,0,6,בית הלוי
S0218,S,book,True,III_book_entry,1,74,0,1,0,2,בית מועד
S0220,S,book,True,III_book_entry,1,0,0,0,0,48,בית העוזיאלי
S0221,S,book,True,III_book_entry,1,2,2,0,0,12,בית העזר
S0225,S,book,True,III_book_entry,1,6,1,0,0,4,בית תפלה
S0231,S,book,True,III_book_entry,1,0,0,0,0,4,בן פורת יוסף
S0232,S,book,True,III_book_entry,1,4,1,0,0,13,בן פורת יוסף
S0239,S,book,True,III_book_entry,1,3,1,1,0,0,בני יהודה
S0240,S,book,True,III_book_entry,1,1,0,1,0,3,בני יונה
S0241,S,book,True,III_book_entry,1,0,0,0,0,36,בני יוסף
S0248,S,book,True,III_book_entry,1,1,0,0,0,16,בנין אריאל
S0251,S,book,True,III_book_entry,1,0,0,0,0,0,בנין שלמה
S0256,S,book,True,III_book_entry,1,3,1,0,0,1,ספר ברזילי
S0257,S,book,True,III_book_entry,1,39,0,0,0,5,ברייתא דמלאכת המשכן
S0258,S,book,True,III_book_entry,1,7,2,1,0,2,בריכת אברהם
S0261,S,book,True,III_book_entry,1,18,1,0,0,15,ברית הלוי
S0263,S,book,True,III_book_entry,1,0,0,0,0,49,ברית שלום
S0264,S,book,True,III_book_entry,1,0,0,0,0,50,ברך יצחק
S0268,S,book,True,III_book_entry,1,3,0,0,0,12,ברכת אברהם
S0269,S,book,True,III_book_entry,1,0,0,0,0,0,ברכת אליהו
S0270,S,book,True,III_book_entry,1,0,0,0,0,51,ברכת אליהו
S0282,S,book,True,III_book_entry,1,1,4,0,0,5,באור ופירוש איוב משלי תהלים
S0283,S,book,True,III_book_entry,1,8,1,0,0,2,בר יוחאי פיוט
S0285,S,book,True,III_book_entry,1,13,0,1,0,0,גאון יעקב
S0291,S,book,True,III_book_entry,1,17,2,1,0,15,גבורת ה
S0292,S,book,True,III_book_entry,1,0,0,0,0,7,גביע הכסף
S0293,S,book,True,III_book_entry,1,0,0,0,0,3,גבעות עולם
S0294,S,book,True,III_book_entry,1,1,1,0,0,4,גבעת בנימן
S0296,S,book,True,III_book_entry,1,0,0,0,0,15,גבעת פינחס
S0297,S,book,True,III_book_entry,1,0,1,0,0,2,גבעת שאול
S0302,S,book,True,III_book_entry,1,17,1,2,0,1,גור אריה
S0304,S,book,True,III_book_entry,1,2,1,0,0,13,גור אריה
S0308,S,book,True,III_book_entry,1,9,1,1,0,6,גט מקושר
S0315,S,book,True,III_book_entry,1,1,1,0,0,2,גלגולים
S0316,S,book,True,III_book_entry,1,31,1,0,0,17,גלוי השקריות
S0317,S,book,True,III_book_entry,1,1,0,1,0,5,גלי רזיא
S0323,S,book,True,III_book_entry,1,12,1,0,0,7,ס' הגן
S0326,S,book,True,III_book_entry,1,1,0,1,0,9,גנת אגוז
S0330,S,book,True,III_book_entry,1,13,1,0,0,1,גנת ורדים
S0333,S,book,True,III_book_entry,1,3,1,0,0,4,גרן ארנן
S0339,S,book,True,III_book_entry,1,1,0,1,0,4,"ג""ן פרשיות התורה"
S0346,S,book,True,III_book_entry,1,6,0,0,0,9,דברי אמת
S0347,S,book,True,III_book_entry,1,6,0,1,0,2,דברי אמת
S0351,S,book,True,III_book_entry,1,1,0,0,0,4,דברי יוסף
S0353,S,book,True,III_book_entry,1,3,0,1,0,2,דברי קבלה
S0360,S,book,True,III_book_entry,1,11,3,1,0,3,דורש טוב
S0365,S,book,True,III_book_entry,1,1,0,1,0,1,ס' דינין
S0367,S,book,True,III_book_entry,1,6,2,1,0,4,ס' דינין
S0369,S,book,True,III_book_entry,1,0,0,0,0,4,דמיון אריה
S0374,S,book,True,III_book_entry,1,7,0,1,0,4,דעת חכמה
S0378,S,book,True,III_book_entry,1,5,0,0,0,2,דרושים נחמדים
S0379,S,book,True,III_book_entry,1,31,1,0,0,17,ס' הדרישה
S0381,S,book,True,III_book_entry,1,0,0,0,0,15,דרך אמונה
S0382,S,book,True,III_book_entry,1,0,0,0,0,9,דרך אמונה
S0384,S,book,True,III_book_entry,1,17,1,0,0,7,דרך חיים
S0387,S,book,True,III_book_entry,1,7,1,1,0,4,דרך חכמה
S0390,S,book,True,III_book_entry,1,33,1,0,0,3,דרך מצותיך
S0391,S,book,True,III_book_entry,1,41,0,1,0,7,דרך משה
S0393,S,book,True,III_book_entry,1,13,1,0,0,5,דרך הקדש
S0394,S,book,True,III_book_entry,1,30,1,0,0,0,דרכי גמרא
S0395,S,book,True,III_book_entry,1,4,3,0,0,7,דרכי הוראה
S0398,S,book,True,III_book_entry,1,30,1,0,0,0,דרכי התלמוד
S0400,S,book,True,III_book_entry,1,42,1,1,0,2,דרשות
S0401,S,book,True,III_book_entry,1,1,0,1,0,13,"דרשות הר""ן"
S0403,S,book,True,III_book_entry,1,0,0,0,0,10,דת אש
S0406,S,book,True,III_book_entry,1,0,1,1,0,5,הגהות אבות דר' נתן ומס' סופרים וכו
S0407,S,book,True,III_book_entry,1,7,1,0,0,2,הגהות על ס' אוצרות חיים
S0417,S,book,True,III_book_entry,1,2,1,1,0,0,"הגהות הגאון הרב תי""ט"
S0429,S,book,True,III_book_entry,1,1,1,0,0,7,"הגהות מור""ם"
S0432,S,book,True,III_book_entry,1,22,1,0,0,2,"הגהות על הרמב""ם"
S0433,S,book,True,III_book_entry,1,11,3,0,0,0,"הגהות על הרמב""ם"
S0435,S,book,True,III_book_entry,1,17,0,2,0,5,הגהות ספרא
S0437,S,book,True,III_book_entry,1,4,4,2,0,4,"הגהות סביב שחיטות ובדיקות למהר""י ווייל"
S0448,S,book,True,III_book_entry,1,18,3,1,0,5,"הגהות הש""ס"
S0450,S,book,True,III_book_entry,1,28,0,0,0,6,הגהות בשפתי ישנים
S0452,S,book,True,III_book_entry,1,4,1,0,0,6,הגהות לספר היראה
S0453,S,book,True,III_book_entry,1,5,0,0,0,11,הוד מלכות
S0454,S,book,True,III_book_entry,1,1,0,1,0,3,הולך תמים
S0455,S,book,True,III_book_entry,1,0,0,0,0,52,הון רב
S0457,S,book,True,III_book_entry,1,5,4,0,0,6,הזהיר
S0464,S,book,True,III_book_entry,1,12,0,1,0,0,הלכות ארץ ישראל
S0473,S,book,True,III_book_entry,1,6,5,0,0,1,הלכתא גברוואתא
S0474,S,book,True,III_book_entry,1,2,1,0,0,21,הלל גמור
S0475,S,book,True,III_book_entry,1,2,1,0,0,21,הללויה
S0479,S,book,True,III_book_entry,1,13,2,0,0,3,הן ישלח
S0482,S,book,True,III_book_entry,1,15,2,1,0,2,העמק שאלה
S0483,S,book,True,III_book_entry,1,0,0,0,0,4,הר הכרמל
S0484,S,book,True,III_book_entry,1,39,1,0,0,5,הרנינו
S0485,S,book,True,III_book_entry,1,8,2,1,0,0,"השגות הראב""ד על הרז""ה"
S0496,S,book,True,III_book_entry,1,4,3,0,0,13,"השגות על הרב פרי חדש בי""ד"
S0497,S,book,True,III_book_entry,1,39,1,0,0,5,השכם
S0501,S,book,True,III_book_entry,1,0,0,0,0,6,והזהיר
S0504,S,book,True,III_book_entry,1,26,0,1,0,4,ויגש יהודה
S0507,S,book,True,III_book_entry,1,39,1,0,0,5,ויושע
S0508,S,book,True,III_book_entry,1,0,0,0,0,63,ויחל משה
S0517,S,book,True,III_book_entry,1,1,0,1,0,0,ויכלכל יוסף
S0521,S,book,True,III_book_entry,1,39,0,0,0,5,ויסעו
S0522,S,book,True,III_book_entry,1,0,0,0,0,4,ויקהל משה
S0523,S,book,True,III_book_entry,1,0,0,0,0,42,ושב הכהן
S0527,S,book,True,III_book_entry,1,33,1,0,0,14,זאת ליהודה
S0528,S,book,True,III_book_entry,1,6,0,0,0,15,זבח פסח
S0537,S,book,True,III_book_entry,1,14,0,1,0,2,זהר הרקיע
S0542,S,book,True,III_book_entry,1,2,0,0,0,0,זית רענן
S0546,S,book,True,III_book_entry,1,7,0,0,0,3,זכרון דברים
S0550,S,book,True,III_book_entry,1,3,2,0,0,3,זכרונות
S0551,S,book,True,III_book_entry,1,2,1,0,0,0,ס' הזכרונות
S0556,S,book,True,III_book_entry,1,2,1,0,0,2,זקן אהרן ושמן הטוב
S0557,S,book,True,III_book_entry,1,0,0,0,0,2,זקן שמואל
S0558,S,book,True,III_book_entry,1,31,1,0,0,17,ס' הזקנה
S0562,S,book,True,III_book_entry,1,7,1,0,0,3,"זר""ח יעקב"
S0565,S,book,True,III_book_entry,1,0,0,1,0,27,זרע אהרן
S0569,S,book,True,III_book_entry,1,27,1,0,0,2,זרע יצחק
S0570,S,book,True,III_book_entry,1,0,0,0,0,8,זרע רב
S0576,S,book,True,III_book_entry,1,8,1,1,0,13,חבור על המקרא ועל כל המשניות
S0581,S,book,True,III_book_entry,1,18,1,0,0,5,"חבור על ד' ש""ע"
S0583,S,book,True,III_book_entry,1,6,1,0,0,3,"חבור על ש""ע א""ח"
S0584,S,book,True,III_book_entry,1,3,1,0,0,3,"חבור על ש""ע א""ח וקצת על ש""ס ורמב""ם"
S0585,S,book,True,III_book_entry,1,13,2,1,0,12,"חבור על ש""ע י""ד"
S0587,S,book,True,III_book_entry,1,1,0,0,0,4,"חבור על ח""מ ותוספות על סמ""ע"
S0588,S,book,True,III_book_entry,1,1,1,0,0,9,חבור בשמות הגיטין
S0589,S,book,True,III_book_entry,1,35,5,0,0,0,"חבור על התורה ועל הרי""ף והרא""ש והטור"
S0590,S,book,True,III_book_entry,1,12,1,0,0,0,חבור על התלמוד
S0598,S,book,True,III_book_entry,1,5,1,2,0,5,חבר הקני
S0601,S,book,True,III_book_entry,1,9,1,1,0,8,חדות יעקב
S0603,S,book,True,III_book_entry,1,2,3,1,0,17,חוג הארץ
S0609,S,book,True,III_book_entry,1,16,0,0,0,1,חות יאיר
S0610,S,book,True,III_book_entry,1,6,1,1,0,10,חזה ציון
S0612,S,book,True,III_book_entry,1,6,0,1,0,2,חזון למועד
S0614,S,book,True,III_book_entry,1,8,0,1,0,4,חזון עובדיה
S0619,S,book,True,III_book_entry,1,7,1,0,0,17,"חידושי גפ""ת"
S0623,S,book,True,III_book_entry,1,0,0,0,0,3,חידושי ר' זאב הלוי
S0624,S,book,True,III_book_entry,1,1,1,0,0,2,חידושי סופרים
S0625,S,book,True,III_book_entry,1,5,1,0,0,4,"חידושים על ארבעה טובים ועל גפ""ת"
S0628,S,book,True,III_book_entry,1,2,1,0,0,4,"חידושים על ש""ס וד' טורים"
S0629,S,book,True,III_book_entry,1,26,0,1,0,0,"חידושים על ש""ס ועל הרא""ש"
S0630,S,book,True,III_book_entry,1,9,1,0,0,10,"חידושים על ש""ס ועל הרמב""ם"
S0635,S,book,True,III_book_entry,1,2,2,0,0,0,"חידושים על מסכת ביצה לבן הרמב""ן"
S0638,S,book,True,III_book_entry,1,3,1,0,0,2,חידושים על מס' גיטין
S0643,S,book,True,III_book_entry,1,2,0,0,0,11,חיי יהודה
S0645,S,book,True,III_book_entry,1,0,0,0,0,12,חיי עולם
S0646,S,book,True,III_book_entry,1,10,1,0,0,12,חיי עולם
S0647,S,book,True,III_book_entry,1,0,0,0,0,5,חיי עולם הבא
S0648,S,book,True,III_book_entry,1,0,0,0,0,4,חיים ארוכים
S0654,S,book,True,III_book_entry,1,10,2,0,0,1,ס' החכמה
S0655,S,book,True,III_book_entry,1,42,1,0,0,2,חכמות נשים
S0659,S,book,True,III_book_entry,1,4,0,0,0,4,חלוקא דרבנן
S0661,S,book,True,III_book_entry,1,42,1,0,0,2,חמדת ישראל
S0662,S,book,True,III_book_entry,1,3,2,1,0,3,חן טוב
S0663,S,book,True,III_book_entry,1,6,1,1,0,3,חנוך לנער
S0667,S,book,True,III_book_entry,1,9,0,2,0,5,חסדי דוד
S0668,S,book,True,III_book_entry,1,3,2,0,0,9,חסדי ה
S0679,S,book,True,III_book_entry,1,66,7,0,0,0,חקות הדיינים
S0680,S,book,True,III_book_entry,1,24,1,0,0,9,חקות שמים
S0683,S,book,True,III_book_entry,1,0,0,0,0,4,חרב פיפיות
S0684,S,book,True,III_book_entry,1,24,0,1,0,7,חרבות ירושלים
S0686,S,book,True,III_book_entry,1,1,0,1,0,4,חשן אהרן
S0694,S,book,True,III_book_entry,1,0,0,0,0,13,טוב וחסד
S0695,S,book,True,III_book_entry,1,1,1,0,0,2,טוב טעם
S0696,S,book,True,III_book_entry,1,16,2,1,0,4,טוב לכת
S0697,S,book,True,III_book_entry,1,3,0,0,0,4,טוב רואי
S0699,S,book,True,III_book_entry,1,45,1,0,0,2,הטוטפות
S0708,S,book,True,III_book_entry,1,0,0,0,0,5,טל אורות
S0710,S,book,True,III_book_entry,1,0,0,0,0,53,טעמי הטעמים
S0711,S,book,True,III_book_entry,1,7,1,1,0,13,טעמי מנחם
S0715,S,book,True,III_book_entry,1,1,1,0,0,7,טעמי המצות
S0716,S,book,True,III_book_entry,1,27,1,0,0,2,טעמי המצות
S0717,S,book,True,III_book_entry,1,3,0,0,0,4,טעמי המצות
S0719,S,book,True,III_book_entry,1,0,0,0,0,22,טעמי המצות
S0721,S,book,True,III_book_entry,1,6,1,0,0,2,טעמי המצות
S0724,S,book,True,III_book_entry,1,18,1,0,0,5,ס' הטעמים
S0726,S,book,True,III_book_entry,1,9,1,0,0,2,יאיר נתיב
S0733,S,book,True,III_book_entry,1,0,0,0,0,54,יד יוסף
S0734,S,book,True,III_book_entry,1,5,0,0,0,4,יד כל בו
S0739,S,book,True,III_book_entry,1,5,0,1,0,4,ידי משה
S0742,S,book,True,III_book_entry,1,45,3,1,0,2,יונת אלם
S0743,S,book,True,III_book_entry,1,25,0,1,0,8,יוסיף אומץ
S0744,S,book,True,III_book_entry,1,1,0,0,0,7,יוסף דעת
S0745,S,book,True,III_book_entry,1,3,1,0,0,4,יוסף לקח
S0746,S,book,True,III_book_entry,1,11,1,0,0,11,יוסף לקח
S0747,S,book,True,III_book_entry,1,23,1,1,0,8,יופי מכלול
S0748,S,book,True,III_book_entry,1,31,1,0,0,17,ספר היחוד
S0749,S,book,True,III_book_entry,1,8,2,0,0,0,יחוס שאר בשר
S0752,S,book,True,III_book_entry,1,45,0,1,0,2,יין הרקח
S0759,S,book,True,III_book_entry,1,13,2,3,0,5,ילקוט ישראלי
S0760,S,book,True,III_book_entry,1,0,0,0,0,5,ילקוט
S0767,S,book,True,III_book_entry,1,45,0,1,0,2,ימין ה' עושה חיל
S0768,S,book,True,III_book_entry,1,45,2,0,0,2,ימין ה' רוממה
S0772,S,book,True,III_book_entry,1,2,0,1,0,12,יסוד קיום
S0773,S,book,True,III_book_entry,1,45,1,0,0,2,היסודות
S0774,S,book,True,III_book_entry,1,4,1,0,0,4,יער לבנון
S0776,S,book,True,III_book_entry,1,16,1,0,0,4,יערות דבש
S0777,S,book,True,III_book_entry,1,18,0,0,0,5,יפה לבדיקה
S0779,S,book,True,III_book_entry,1,18,0,0,0,5,יפה עינים
S0784,S,book,True,III_book_entry,1,1,2,0,0,10,יקוו המים
S0791,S,book,True,III_book_entry,1,0,0,0,0,5,יריעות שלמה
S0793,S,book,True,III_book_entry,1,5,1,0,0,6,ישא ברכה
S0799,S,book,True,III_book_entry,1,2,0,1,0,24,יתר הבז
S0801,S,book,True,III_book_entry,1,21,0,0,0,11,כבוד הבית
S0803,S,book,True,III_book_entry,1,7,2,0,0,4,כבוד חכמים
S0812,S,book,True,III_book_entry,1,10,1,0,0,5,כח ה
S0816,S,book,True,III_book_entry,1,8,1,0,0,15,כלי גולה
S0818,S,book,True,III_book_entry,1,8,1,0,0,15,כלי חמדה
S0819,S,book,True,III_book_entry,1,8,1,1,0,15,כלי יקר
S0820,S,book,True,III_book_entry,1,8,1,0,0,7,כלי יקר
S0824,S,book,True,III_book_entry,1,1,1,1,0,15,כללי הדקדוק
S0826,S,book,True,III_book_entry,1,0,0,0,0,7,כללי ההוראה
S0827,S,book,True,III_book_entry,1,18,1,0,0,5,כללי חכמת הקבלה
S0829,S,book,True,III_book_entry,1,17,2,0,0,3,"כללי הרא""ש"
S0834,S,book,True,III_book_entry,1,18,1,0,0,5,"כללי הש""ס"
S0836,S,book,True,III_book_entry,1,72,3,0,0,0,"כללי התלמוד להרמב""ם"
S0838,S,book,True,III_book_entry,1,18,2,0,0,5,ס' הכנויים (הוא ס' ערכי הכנויים
S0841,S,book,True,III_book_entry,1,27,4,0,0,2,כנף רננים
S0842,S,book,True,III_book_entry,1,3,0,2,0,3,כנף רננים
S0844,S,book,True,III_book_entry,1,1,0,1,0,7,כסא אליהו
S0848,S,book,True,III_book_entry,1,11,0,0,0,11,כסף מזוקק
S0850,S,book,True,III_book_entry,1,0,0,0,0,9,כסף נבחר
S0851,S,book,True,III_book_entry,1,11,0,0,0,11,כסף נבחר
S0852,S,book,True,III_book_entry,1,11,0,0,0,5,כסף נמאס
S0853,S,book,True,III_book_entry,1,11,0,0,0,12,כסף צרוף
S0861,S,book,True,III_book_entry,1,0,0,0,0,2,כרסיא דאליהו
S0865,S,book,True,III_book_entry,1,7,1,2,0,4,ס' כתובה
S0866,S,book,True,III_book_entry,1,31,1,0,0,17,כתות החכמים
S0867,S,book,True,III_book_entry,1,8,1,2,0,2,כתם פז
S0869,S,book,True,III_book_entry,1,0,0,0,0,4,כתונת פסים
S0875,S,book,True,III_book_entry,1,8,1,0,0,3,כתר שם טוב
S0878,S,book,True,III_book_entry,1,1,0,0,0,7,לא הביט און ביעקב
S0879,S,book,True,III_book_entry,1,0,1,0,0,3,לב אבות
S0880,S,book,True,III_book_entry,1,14,1,2,0,5,לב אהרן
S0885,S,book,True,III_book_entry,1,6,1,2,0,3,לב שמח
S0887,S,book,True,III_book_entry,1,10,3,0,0,7,לב שערים
S0890,S,book,True,III_book_entry,1,18,0,2,0,3,לבוש מלכות
S0893,S,book,True,III_book_entry,1,7,1,1,0,1,לוית חן
S0895,S,book,True,III_book_entry,1,1,1,0,0,26,לוית חן
S0896,S,book,True,III_book_entry,1,12,0,0,0,6,לוית חן
S0897,S,book,True,III_book_entry,1,2,2,0,0,5,לוית חן
S0898,S,book,True,III_book_entry,1,0,0,0,0,55,לחם אבירים
S0899,S,book,True,III_book_entry,1,8,0,3,0,12,לחם דמעה
S0902,S,book,True,III_book_entry,1,31,1,1,0,2,לחם מן השמים
S0904,S,book,True,III_book_entry,1,7,1,2,0,13,לחם מנחם
S0907,S,book,True,III_book_entry,1,4,2,1,0,9,לחם נקודים
S0908,S,book,True,III_book_entry,1,28,0,0,0,6,לחם סתרים
S0913,S,book,True,III_book_entry,1,11,2,1,0,3,לחם רב
S0914,S,book,True,III_book_entry,1,1,1,0,0,7,לחם רב
S0918,S,book,True,III_book_entry,1,0,0,0,0,2,לחמי תודה
S0919,S,book,True,III_book_entry,1,9,0,1,0,0,למנצח לדוד
S0920,S,book,True,III_book_entry,1,25,1,0,0,0,לפני ולפנים
S0923,S,book,True,III_book_entry,1,4,2,0,0,1,לקוטי פרדס
S0927,S,book,True,III_book_entry,1,11,0,0,0,2,לקוטים
S0929,S,book,True,III_book_entry,1,16,3,0,0,1,לקח טוב
S0935,S,book,True,III_book_entry,1,4,1,0,0,6,לשון בני אדם
S0938,S,book,True,III_book_entry,1,7,1,0,0,4,לשון למודים
S0939,S,book,True,III_book_entry,1,7,1,0,0,4,לשון ערומים
S0940,S,book,True,III_book_entry,1,4,0,2,0,6,לשון תורה
S0941,S,book,True,III_book_entry,1,0,1,0,0,0,לשם זבח
S0942,S,book,True,III_book_entry,1,45,1,0,0,2,מאה קשיטה
S0943,S,book,True,III_book_entry,1,45,1,0,0,3,מאה שערים
S0944,S,book,True,III_book_entry,1,9,1,0,0,6,מאה שערים
S0946,S,book,True,III_book_entry,1,1,0,1,0,6,ס' מאור
S0947,S,book,True,III_book_entry,1,72,1,0,0,2,ס' מאור
S0948,S,book,True,III_book_entry,1,11,0,1,0,11,מאור עינים
S0950,S,book,True,III_book_entry,1,0,0,0,0,2,מאור הקטן
S0956,S,book,True,III_book_entry,1,3,1,1,0,9,מאורי אור
S0958,S,book,True,III_book_entry,1,0,0,0,0,0,מאיר נתיב
S0959,S,book,True,III_book_entry,1,5,0,1,0,0,מאיר עיני חכמים
S0963,S,book,True,III_book_entry,1,0,0,0,0,41,מאמר מרדכי
S0964,S,book,True,III_book_entry,1,0,0,0,0,56,מאמר מרדכי
S0966,S,book,True,III_book_entry,1,39,0,0,0,5,מאמרי זעירא
S0968,S,book,True,III_book_entry,1,10,2,1,0,13,מבוא השמש
S0969,S,book,True,III_book_entry,1,6,4,1,0,2,מבוא שער השמים
S0974,S,book,True,III_book_entry,1,0,0,0,0,15,מגדל דוד
S0977,S,book,True,III_book_entry,1,26,0,0,0,9,מגדל עז
S0978,S,book,True,III_book_entry,1,0,0,0,0,2,מגדנים
S0990,S,book,True,III_book_entry,1,21,2,0,0,1,מגלת סתרים
S0995,S,book,True,III_book_entry,1,10,1,1,0,3,מגן אברהם
S0997,S,book,True,III_book_entry,1,1,0,0,0,0,מגן גבורים
S0998,S,book,True,III_book_entry,1,27,1,0,0,0,מגן דוד
S1000,S,book,True,III_book_entry,1,45,1,1,0,2,המדות
S1001,S,book,True,III_book_entry,1,4,1,0,0,6,מדת חכמים
S1002,S,book,True,III_book_entry,1,8,0,1,0,10,מדות הנפש
S1005,S,book,True,III_book_entry,1,3,1,0,0,4,מדרש בחדוש
S1008,S,book,True,III_book_entry,1,4,0,0,0,10,מדרש
S1010,S,book,True,III_book_entry,1,3,1,1,0,1,מדרשי התורה
S1011,S,book,True,III_book_entry,1,0,0,0,0,57,ס' מוסר
S1013,S,book,True,III_book_entry,1,8,1,2,0,11,מוצאי יום טוב
S1015,S,book,True,III_book_entry,1,72,4,0,0,10,מורה הנבוכים
S1017,S,book,True,III_book_entry,1,6,1,0,0,1,מורה צדק
S1019,S,book,True,III_book_entry,1,9,4,0,0,14,מחברת דונש
S1021,S,book,True,III_book_entry,1,49,3,0,0,1,מחזור
S1023,S,book,True,III_book_entry,1,14,1,0,0,7,מחיר יין
S1025,S,book,True,III_book_entry,1,31,2,0,0,1,ספר המחלוקות
S1026,S,book,True,III_book_entry,1,0,0,0,0,2,מחנה אהרן
S1029,S,book,True,III_book_entry,1,6,1,1,0,2,מחנה דן
S1031,S,book,True,III_book_entry,1,9,1,0,0,9,מחנה יהודה
S1033,S,book,True,III_book_entry,1,3,1,1,0,4,מחנה ראובן
S1035,S,book,True,III_book_entry,1,37,0,1,0,3,מטה אשר
S1036,S,book,True,III_book_entry,1,0,0,0,0,9,מטה דן
S1041,S,book,True,III_book_entry,1,5,0,2,0,3,מטה שמעון
S1043,S,book,True,III_book_entry,1,18,1,0,0,15,מטתו שלשלמה
S1044,S,book,True,III_book_entry,1,2,0,1,0,9,מי באר
S1046,S,book,True,III_book_entry,1,9,2,0,0,15,ס' מילואים
S1049,S,book,True,III_book_entry,1,0,0,0,0,9,מילי דאבות
S1052,S,book,True,III_book_entry,1,10,0,3,0,5,מימי ישראל
S1056,S,book,True,III_book_entry,1,55,0,2,0,8,מכשירי מילה
S1060,S,book,True,III_book_entry,1,0,2,2,0,0,מכתם
S1063,S,book,True,III_book_entry,1,31,1,0,0,17,מלאכה אלהית
S1064,S,book,True,III_book_entry,1,31,1,0,0,17,מלאכת מושכלת
S1070,S,book,True,III_book_entry,1,72,1,0,0,10,מלחמת מצוה
S1071,S,book,True,III_book_entry,1,6,3,0,0,4,מלחמת מצוה
S1072,S,book,True,III_book_entry,1,3,1,0,0,4,ס' המלך
S1073,S,book,True,III_book_entry,1,0,2,0,0,2,מלכות
S1076,S,book,True,III_book_entry,1,7,2,0,0,10,מלמד תלמידים
S1078,S,book,True,III_book_entry,1,2,1,0,0,3,מנהגי הבדיקה
S1083,S,book,True,III_book_entry,1,14,3,0,0,1,ס' המנוחה
S1088,S,book,True,III_book_entry,1,7,1,1,0,4,מנחת בכורים
S1090,S,book,True,III_book_entry,1,0,0,0,0,4,מנחת יהודה
S1091,S,book,True,III_book_entry,1,0,0,0,0,13,מנחת יהודה
S1093,S,book,True,III_book_entry,1,10,1,0,0,13,מנחת כהן
S1095,S,book,True,III_book_entry,1,23,2,2,0,0,מנחת קנאות
S1098,S,book,True,III_book_entry,1,3,1,0,0,4,מנחת שמואל
S1100,S,book,True,III_book_entry,1,0,1,0,0,6,מסורת ירושלמי
S1104,S,book,True,III_book_entry,1,4,2,0,0,2,מספרים תהלות ה
S1111,S,book,True,III_book_entry,1,0,0,0,0,4,מעיל שמואל
S1112,S,book,True,III_book_entry,1,45,1,0,0,2,מעין גנים
S1113,S,book,True,III_book_entry,1,1,1,0,0,6,מעין גנים
S1114,S,book,True,III_book_entry,1,0,0,0,0,11,מעין גנים
S1115,S,book,True,III_book_entry,1,10,0,0,0,5,מעין חכמה
S1117,S,book,True,III_book_entry,1,0,0,0,0,1,מעינות חכמה
S1118,S,book,True,III_book_entry,1,31,1,0,0,17,ס' המעללים
S1121,S,book,True,III_book_entry,1,4,1,0,0,6,מענה לשון
S1125,S,book,True,III_book_entry,1,27,3,1,0,2,מעשה חושב
S1126,S,book,True,III_book_entry,1,6,1,1,0,10,מעשה חושב
S1135,S,book,True,III_book_entry,1,2,1,1,0,7,מצודת דוד ומצודת ציון
S1137,S,book,True,III_book_entry,1,14,2,1,0,5,מצח אהרן
S1138,S,book,True,III_book_entry,1,14,3,0,0,5,מצנפת אהרן
S1141,S,book,True,III_book_entry,1,40,0,0,0,4,ס' מקדש
S1145,S,book,True,III_book_entry,1,3,0,0,0,11,מקוה ישראל
S1150,S,book,True,III_book_entry,1,9,1,0,0,12,מקור חיים
S1151,S,book,True,III_book_entry,1,7,1,2,0,4,מקור חכמה
S1158,S,book,True,III_book_entry,1,0,0,0,0,7,מראה צדק
S1159,S,book,True,III_book_entry,1,31,1,0,0,17,המראות העליונות
S1161,S,book,True,III_book_entry,1,2,0,1,0,6,מרביץ תורה בישראל
S1162,S,book,True,III_book_entry,1,22,0,1,0,0,מרגלית טובה
S1163,S,book,True,III_book_entry,1,0,0,0,0,14,מרגניתא טבא
S1169,S,book,True,III_book_entry,1,6,0,0,0,8,משאת בנימין
S1172,S,book,True,III_book_entry,1,3,0,0,0,11,משבית מלחמות
S1174,S,book,True,III_book_entry,1,1,1,0,0,2,משיבת נפש
S1175,S,book,True,III_book_entry,1,67,1,1,0,0,משיבת נפש
S1176,S,book,True,III_book_entry,1,8,1,0,0,5,משך הזרע
S1177,S,book,True,III_book_entry,1,2,1,0,0,15,ס' המשכון
S1178,S,book,True,III_book_entry,1,9,0,2,0,5,משכיל לדוד
S1179,S,book,True,III_book_entry,1,15,2,1,0,2,ס' המשכילים
S1181,S,book,True,III_book_entry,1,39,0,0,0,5,משלי
S1182,S,book,True,III_book_entry,1,31,1,0,0,17,ס' המשלים
S1190,S,book,True,III_book_entry,1,0,0,0,0,11,משנת רבי אליעזר
S1191,S,book,True,III_book_entry,1,39,0,0,0,5,משנת ר' אליעזר
S1196,S,book,True,III_book_entry,1,26,0,0,0,4,משפט שלום
S1197,S,book,True,III_book_entry,1,23,1,0,0,1,משפטי שבועות
S1201,S,book,True,III_book_entry,1,15,0,1,0,11,מתוק האור
S1202,S,book,True,III_book_entry,1,71,0,0,0,0,מתיבות
S1212,S,book,True,III_book_entry,1,31,1,0,0,17,ספר הנבואה
S1213,S,book,True,III_book_entry,1,0,0,0,0,4,נבואת הילד
S1215,S,book,True,III_book_entry,1,0,0,0,0,4,נהר שלום
S1219,S,book,True,III_book_entry,1,0,0,0,0,4,נזירות שמשון
S1224,S,book,True,III_book_entry,1,9,1,0,0,8,נחלת אריאל
S1225,S,book,True,III_book_entry,1,3,1,0,0,7,נחלת בנימן
S1227,S,book,True,III_book_entry,1,0,0,0,0,2,נחלת יעקב
S1228,S,book,True,III_book_entry,1,11,1,1,0,7,נחלת יעקב
S1234,S,book,True,III_book_entry,1,1,0,1,0,1,נחמני
S1241,S,book,True,III_book_entry,1,31,1,0,0,17,ספר הנסיונות
S1243,S,book,True,III_book_entry,1,7,2,1,0,13,"ס' הנפש להרמב""ם"
S1244,S,book,True,III_book_entry,1,45,1,0,0,2,הנפש
S1245,S,book,True,III_book_entry,1,15,0,1,0,0,נפתולי אלהים
S1246,S,book,True,III_book_entry,1,0,0,1,0,25,נפתלי שבע רצון
S1248,S,book,True,III_book_entry,1,0,1,0,0,33,נצח ישראל
S1251,S,book,True,III_book_entry,1,7,1,0,0,4,נר ישראל
S1252,S,book,True,III_book_entry,1,0,0,0,0,11,נר המזרחי
S1261,S,book,True,III_book_entry,1,0,0,0,0,43,סאת סלת
S1262,S,book,True,III_book_entry,1,15,0,1,0,5,סבר יוסף
S1263,S,book,True,III_book_entry,1,0,0,0,0,5,סדר אליהו
S1265,S,book,True,III_book_entry,1,5,1,3,0,3,סדר אליהו רבא וזוטא
S1269,S,book,True,III_book_entry,1,3,1,0,0,3,סדר היום
S1271,S,book,True,III_book_entry,1,39,2,0,0,1,סדר העבור
S1278,S,book,True,III_book_entry,1,67,2,0,0,1,סדר תנאים ואמוראים
S1282,S,book,True,III_book_entry,1,10,0,1,0,5,סוד החשמל
S1283,S,book,True,III_book_entry,1,3,0,0,0,4,סוד ה
S1284,S,book,True,III_book_entry,1,2,0,3,0,5,סוד ה
S1285,S,book,True,III_book_entry,1,10,1,0,0,5,סוד הנקוד
S1290,S,book,True,III_book_entry,1,0,0,0,0,30,סוכת דוד
S1292,S,book,True,III_book_entry,1,17,0,2,0,0,סיומא דפסקא
S1293,S,book,True,III_book_entry,1,0,2,0,0,5,סייג לתורה
S1294,S,book,True,III_book_entry,1,2,2,0,0,11,סימנים דאורייתא
S1297,S,book,True,III_book_entry,1,7,1,0,0,2,סלת בלולה
S1303,S,book,True,III_book_entry,1,4,0,1,0,10,ספר בדיני תפלה ומועד
S1307,S,book,True,III_book_entry,1,6,0,0,0,15,ספר בעיקרי האמונה
S1310,S,book,True,III_book_entry,1,11,1,0,0,5,ספר שירים
S1311,S,book,True,III_book_entry,1,4,1,0,0,2,"ספר על שרשים וכללי הש""ס"
S1314,S,book,True,III_book_entry,1,0,0,0,0,2,ספרא דאדם קדמאה
S1316,S,book,True,III_book_entry,1,8,2,0,0,2,ספרא דחנוך
S1322,S,book,True,III_book_entry,1,18,5,0,0,5,ספרי דבי רב
S1327,S,book,True,III_book_entry,1,31,1,1,0,0,ספר
S1331,S,book,True,III_book_entry,1,9,2,0,0,4,עבודת הגרשוני
S1334,S,book,True,III_book_entry,1,0,0,0,0,1,עבודת הלוי
S1337,S,book,True,III_book_entry,1,18,1,0,0,15,עבותות האהבה
S1338,S,book,True,III_book_entry,1,10,0,0,0,3,עדות ביהוסף
S1344,S,book,True,III_book_entry,1,7,1,1,0,2,עוגה קטנה
S1345,S,book,True,III_book_entry,1,2,2,0,0,10,עוגת רצפים
S1349,S,book,True,III_book_entry,1,45,1,1,0,2,עולם קטן
S1352,S,book,True,III_book_entry,1,20,3,0,0,2,עולת תמיד
S1355,S,book,True,III_book_entry,1,0,0,0,0,13,עז והדר
S1359,S,book,True,III_book_entry,1,3,0,0,0,13,עט סופר
S1365,S,book,True,III_book_entry,1,0,1,2,0,0,עטרת פז
S1367,S,book,True,III_book_entry,1,4,0,1,0,4,עטרת צבי
S1379,S,book,True,III_book_entry,1,10,1,0,0,12,עיני העדה
S1382,S,book,True,III_book_entry,1,8,1,0,0,7,עיר גבורים
S1386,S,book,True,III_book_entry,1,16,0,1,0,0,על הנסים
S1387,S,book,True,III_book_entry,1,0,0,0,0,35,עלה דיונה
S1388,S,book,True,III_book_entry,1,12,2,0,0,18,עליות רבינו יונה לבתרא
S1393,S,book,True,III_book_entry,1,8,1,0,0,7,עמודי שש
S1397,S,book,True,III_book_entry,1,3,1,0,0,5,עמק יהושע
S1404,S,book,True,III_book_entry,1,9,1,2,0,3,עץ הגן
S1405,S,book,True,III_book_entry,1,9,3,1,0,3,עץ הדעת
S1406,S,book,True,III_book_entry,1,8,1,0,0,11,עץ הדעת
S1408,S,book,True,III_book_entry,1,9,1,1,0,3,עץ הדר
S1410,S,book,True,III_book_entry,1,0,0,0,0,58,עץ חיים
S1411,S,book,True,III_book_entry,1,9,1,1,0,3,עץ חיים
S1425,S,book,True,III_book_entry,1,15,0,1,0,2,ערכי הכנויים
S1426,S,book,True,III_book_entry,1,3,1,0,0,4,עשרה דברים
S1429,S,book,True,III_book_entry,1,41,3,1,0,7,"עט""ז"
S1430,S,book,True,III_book_entry,1,41,2,1,0,4,"ע""ש"
S1431,S,book,True,III_book_entry,1,72,1,0,0,16,פאר הדור
S1432,S,book,True,III_book_entry,1,0,0,0,0,0,פאר הלכה
S1433,S,book,True,III_book_entry,1,5,1,0,0,10,פדה צור
S1434,S,book,True,III_book_entry,1,39,3,0,0,1,פדות ופורקן
S1435,S,book,True,III_book_entry,1,33,2,1,0,4,פועל צדק
S1437,S,book,True,III_book_entry,1,13,1,0,0,0,פורת יוסף
S1441,S,book,True,III_book_entry,1,1,3,0,0,6,פי שנים
S1444,S,book,True,III_book_entry,1,22,1,2,0,0,פירוש מגילת אסתר
S1448,S,book,True,III_book_entry,1,18,1,0,0,15,פירוש הושע
S1456,S,book,True,III_book_entry,1,26,4,0,0,0,"פירוש על הלכות הרי""ף"
S1460,S,book,True,III_book_entry,1,26,1,0,0,2,פירוש הירושלמי
S1461,S,book,True,III_book_entry,1,3,1,0,0,0,פירוש הירושלמי סדר זרעים
S1463,S,book,True,III_book_entry,1,9,2,0,0,0,פירוש הירושלמי סדר זרעים ושקלים
S1464,S,book,True,III_book_entry,1,5,2,0,0,2,פירוש מאמרי מדרש רבה ומאמרי עין יעקב
S1471,S,book,True,III_book_entry,1,14,0,0,0,6,פירוש משניות זרעים וטהרות
S1472,S,book,True,III_book_entry,1,4,0,2,0,6,פירוש סדר עבודה
S1479,S,book,True,III_book_entry,1,6,4,0,0,8,"פי' על פי' רש""י עה""ת"
S1482,S,book,True,III_book_entry,1,28,1,0,0,0,פירוש קינין
S1483,S,book,True,III_book_entry,1,1,1,0,0,1,"פירוש רד""ק על תהלים"
S1485,S,book,True,III_book_entry,1,17,2,2,0,0,"פירוש רש""י שיש בהרי""ף"
S1487,S,book,True,III_book_entry,1,5,3,0,0,2,"פירוש על ש""ע א""ח ועל ש""ע י""ד"
S1489,S,book,True,III_book_entry,1,13,0,1,0,15,פירוש קצת תוספתא מנזיקין
S1495,S,book,True,III_book_entry,1,9,2,0,0,1,"פירוש על כל תנ""ך"
S1496,S,book,True,III_book_entry,1,4,1,1,0,5,"פירוש מלוקט על כל תנ""ך"
S1498,S,book,True,III_book_entry,1,14,1,1,0,0,פירוש על התלמוד
S1509,S,book,True,III_book_entry,1,9,0,0,0,12,פירושים על מגילת אסתר
S1511,S,book,True,III_book_entry,1,23,2,0,0,0,"פירושים על פי' הראב""ע על התורה"
S1514,S,book,True,III_book_entry,1,45,0,1,0,2,פלח הרמון
S1519,S,book,True,III_book_entry,1,17,1,1,0,7,פלפלא חריפא
S1521,S,book,True,III_book_entry,1,7,1,0,0,4,פני האדמה
S1530,S,book,True,III_book_entry,1,1,1,0,0,5,פני משה
S1532,S,book,True,III_book_entry,1,9,0,0,0,3,פני שלמה
S1536,S,book,True,III_book_entry,1,31,1,0,0,3,פסח מעובין
S1544,S,book,True,III_book_entry,1,31,2,0,0,1,"פסקי ריא""ז"
S1549,S,book,True,III_book_entry,1,28,1,0,0,0,"פסקי ר""ה"
S1550,S,book,True,III_book_entry,1,19,1,3,0,9,פסקי תוספות
S1558,S,book,True,III_book_entry,1,6,2,0,0,2,פרורי פת הקמח
S1562,S,book,True,III_book_entry,1,7,0,0,0,3,פרחי כהונה
S1563,S,book,True,III_book_entry,1,2,0,1,0,19,פרחי שושנים
S1568,S,book,True,III_book_entry,1,0,0,0,0,4,פרי חדש
S1576,S,book,True,III_book_entry,1,0,9,1,0,7,פרנס
S1578,S,book,True,III_book_entry,1,39,0,1,0,5,פרקי אליהו
S1579,S,book,True,III_book_entry,1,39,0,0,0,5,פרקי ר' אליעזר
S1580,S,book,True,III_book_entry,1,39,0,0,0,5,פרקי גן עדן
S1586,S,book,True,III_book_entry,1,31,1,0,0,1,ספר הפשוטים
S1588,S,book,True,III_book_entry,1,6,1,0,0,4,פתורא דדהבא
S1593,S,book,True,III_book_entry,1,24,2,0,0,0,ספר הצבא
S1594,S,book,True,III_book_entry,1,45,1,0,0,2,צבאות ה
S1597,S,book,True,III_book_entry,1,2,2,0,0,24,צדקה לחיים
S1599,S,book,True,III_book_entry,1,15,1,0,0,5,צוף דבש
S1602,S,book,True,III_book_entry,1,17,1,0,0,7,צורת הבית
S1603,S,book,True,III_book_entry,1,3,1,0,0,12,צח ואדום
S1604,S,book,True,III_book_entry,1,0,0,0,0,0,צחות ומאזנים
S1607,S,book,True,III_book_entry,1,26,0,0,0,9,ציצים ופרחים
S1608,S,book,True,III_book_entry,1,3,0,0,0,16,ציצית נובל
S1614,S,book,True,III_book_entry,1,0,0,0,0,59,צנצנת המן
S1617,S,book,True,III_book_entry,1,75,1,0,0,1,צפנת פענח
S1618,S,book,True,III_book_entry,1,6,1,1,0,0,צפנת פענח
S1621,S,book,True,III_book_entry,1,1,0,2,0,2,צרוף
S1622,S,book,True,III_book_entry,1,1,1,0,0,11,צרור החיים
S1624,S,book,True,III_book_entry,1,0,0,0,0,0,צרור הכסף
S1625,S,book,True,III_book_entry,1,2,0,0,0,3,צרור הכסף
S1626,S,book,True,III_book_entry,1,3,1,0,0,4,צרור הכסף
S1631,S,book,True,III_book_entry,1,11,0,0,0,11,קבוצת כסף
S1633,S,book,True,III_book_entry,1,8,1,0,0,5,קדושה וברכה
S1635,S,book,True,III_book_entry,1,4,2,0,0,5,קהלות משה
S1636,S,book,True,III_book_entry,1,6,2,0,0,12,קהלת בן דוד
S1637,S,book,True,III_book_entry,1,0,0,0,0,10,קהלת יעקב
S1639,S,book,True,III_book_entry,1,9,2,0,0,2,קהלת יעקב
S1640,S,book,True,III_book_entry,1,1,1,0,0,7,קול אליהו
S1645,S,book,True,III_book_entry,1,0,0,0,0,12,קול יהודה
S1649,S,book,True,III_book_entry,1,26,1,0,0,5,קול הרמז
S1650,S,book,True,III_book_entry,1,22,1,0,0,0,קונטרס אגרת בקרת
S1659,S,book,True,III_book_entry,1,36,1,2,0,2,קונטרס לגיטין
S1677,S,book,True,III_book_entry,1,0,0,0,0,9,קונטרס מקנת כסף בקנין כסף
S1680,S,book,True,III_book_entry,1,6,1,1,0,0,קונטרס הסוגיות
S1681,S,book,True,III_book_entry,1,32,1,1,0,4,"קונטרס סמ""ע"
S1684,S,book,True,III_book_entry,1,3,0,1,0,9,קונטרס בקנינין
S1694,S,book,True,III_book_entry,1,19,1,1,0,2,קינת סתרים
S1695,S,book,True,III_book_entry,1,3,0,0,0,11,קיקיון דיונה
S1698,S,book,True,III_book_entry,1,5,1,1,0,17,קנאת אפרים
S1702,S,book,True,III_book_entry,1,7,0,2,0,4,קנה חכמה
S1703,S,book,True,III_book_entry,1,9,1,0,0,9,קערת כסף
S1704,S,book,True,III_book_entry,1,3,1,0,0,4,קץ לתכונה
S1706,S,book,True,III_book_entry,1,1,0,1,0,2,קצור דינים
S1709,S,book,True,III_book_entry,1,7,0,1,0,8,קצור כבוד חכמים
S1711,S,book,True,III_book_entry,1,10,1,0,0,13,קצור מאמר התערובות
S1721,S,book,True,III_book_entry,1,26,0,1,0,1,קצור שבלי הלקט
S1725,S,book,True,III_book_entry,1,0,1,0,0,0,קצור ס' התרומה
S1726,S,book,True,III_book_entry,1,23,4,1,0,0,"קצור תשובות הרא""ש"
S1727,S,book,True,III_book_entry,1,6,0,2,0,2,קרא משה
S1728,S,book,True,III_book_entry,1,14,0,5,0,5,קרבן אהרן
S1729,S,book,True,III_book_entry,1,5,1,1,0,10,קרבן אליצור
S1735,S,book,True,III_book_entry,1,31,1,0,0,17,קריאת השמירה
S1736,S,book,True,III_book_entry,1,0,0,0,0,13,קריה נאמנה
S1737,S,book,True,III_book_entry,1,27,0,1,0,2,קרית ארבע
S1738,S,book,True,III_book_entry,1,2,0,0,0,7,קרית חנה
S1740,S,book,True,III_book_entry,1,67,2,0,0,12,קרית ספר
S1741,S,book,True,III_book_entry,1,16,1,1,0,6,קרית ספר
S1744,S,book,True,III_book_entry,1,12,0,1,0,12,קרן שמואל
S1753,S,book,True,III_book_entry,1,6,1,2,0,13,ראש משביר
S1754,S,book,True,III_book_entry,1,4,1,2,0,13,ראשון לציון
S1757,S,book,True,III_book_entry,1,5,1,0,0,17,רב ברכות
S1759,S,book,True,III_book_entry,1,0,0,0,0,6,רב פנינים
S1760,S,book,True,III_book_entry,1,8,1,0,0,7,רבבות אפרים
S1764,S,book,True,III_book_entry,1,5,1,0,0,17,רוח חן
S1765,S,book,True,III_book_entry,1,12,1,1,0,5,רוח שמואל
S1767,S,book,True,III_book_entry,1,31,1,0,0,17,ספר הרזיאל
S1769,S,book,True,III_book_entry,1,4,0,1,0,2,רחובות הנהר
S1770,S,book,True,III_book_entry,1,11,0,0,0,3,ריב לשונות
S1773,S,book,True,III_book_entry,1,26,1,0,0,2,רמז הרומז
S1778,S,book,True,III_book_entry,1,1,1,0,0,19,רפדוני בתפוחים
S1779,S,book,True,III_book_entry,1,31,1,0,0,17,ס' הרפואות
S1780,S,book,True,III_book_entry,1,31,1,0,0,17,ס' הרצון
S1781,S,book,True,III_book_entry,1,1,1,0,0,6,רצוף אהבה
S1784,S,book,True,III_book_entry,1,0,0,0,0,0,רקמה
S1785,S,book,True,III_book_entry,1,0,0,0,0,37,רשפי אש
S1788,S,book,True,III_book_entry,1,2,0,1,0,8,שאגת אריה
S1799,S,book,True,III_book_entry,1,12,1,0,0,6,"שו""ת הרב שבתי גרמיזאן"
S1804,S,book,True,III_book_entry,1,4,0,1,0,2,שארית יוסף
S1806,S,book,True,III_book_entry,1,10,0,0,0,5,שארית ישראל
S1808,S,book,True,III_book_entry,1,5,1,1,0,5,שבות יהודה
S1812,S,book,True,III_book_entry,1,9,0,0,0,1,שבילי תרומה
S1815,S,book,True,III_book_entry,1,1,2,1,0,16,שבלת הלקט
S1819,S,book,True,III_book_entry,1,10,3,0,0,5,שבר יוסף
S1821,S,book,True,III_book_entry,1,45,1,0,0,2,שבתות ה
S1824,S,book,True,III_book_entry,1,3,1,0,0,7,שדה יער
S1827,S,book,True,III_book_entry,1,2,1,1,0,12,שולי המעיל
S1831,S,book,True,III_book_entry,1,15,2,2,0,2,שושנה
S1832,S,book,True,III_book_entry,1,6,1,2,0,7,שושנת יעקב
S1834,S,book,True,III_book_entry,1,13,1,0,0,4,שחיטות ובדיקות
S1835,S,book,True,III_book_entry,1,9,0,1,0,3,שי למורא
S1837,S,book,True,III_book_entry,1,7,0,0,0,6,שיח יצחק
S1841,S,book,True,III_book_entry,1,8,0,0,0,2,שיטות
S1844,S,book,True,III_book_entry,1,7,0,0,0,6,"שיטות על הש""ס"
S1848,S,book,True,III_book_entry,1,26,1,0,0,2,שיר חדש
S1849,S,book,True,III_book_entry,1,1,1,0,0,13,שיר מכתם
S1857,S,book,True,III_book_entry,1,2,0,1,0,1,ס' השלחן
S1860,S,book,True,III_book_entry,1,5,0,4,0,4,שלחן מלכים
S1861,S,book,True,III_book_entry,1,0,0,0,0,4,שלחן עצי שטים
S1864,S,book,True,III_book_entry,1,0,0,0,0,13,שלטי הגבורים
S1865,S,book,True,III_book_entry,1,31,1,0,0,17,ס' השלמות
S1866,S,book,True,III_book_entry,1,0,0,0,0,6,שלמי צבור
S1868,S,book,True,III_book_entry,1,0,0,0,0,14,שמוש תהלים
S1873,S,book,True,III_book_entry,1,31,1,0,0,17,שמירות הזירוז
S1875,S,book,True,III_book_entry,1,8,1,0,0,13,שמן זית זך
S1880,S,book,True,III_book_entry,1,0,0,0,0,10,שמן המר
S1881,S,book,True,III_book_entry,1,8,1,0,0,13,שמן משחת קדש
S1882,S,book,True,III_book_entry,1,13,0,2,0,4,שמן ששון
S1884,S,book,True,III_book_entry,1,28,0,0,0,6,שמע שלמה
S1887,S,book,True,III_book_entry,1,1,0,1,0,2,שמשוני
S1891,S,book,True,III_book_entry,1,18,0,3,0,3,שער יהושע
S1892,S,book,True,III_book_entry,1,2,2,1,0,18,שער כבוד ה
S1894,S,book,True,III_book_entry,1,31,0,1,0,2,שער הנתיבות
S1897,S,book,True,III_book_entry,1,7,0,0,0,6,שער שמעון
S1898,S,book,True,III_book_entry,1,2,1,1,0,3,שער התירוצים
S1902,S,book,True,III_book_entry,1,6,0,1,0,0,שערי בינה
S1903,S,book,True,III_book_entry,1,6,2,0,0,0,שערי ברכות
S1906,S,book,True,III_book_entry,1,7,1,0,0,17,שערי נעימה
S1909,S,book,True,III_book_entry,1,109,0,0,0,2,שערי קדושה
S1910,S,book,True,III_book_entry,1,6,2,0,0,1,שערי שבועות
S1911,S,book,True,III_book_entry,1,0,0,0,0,16,שערי שמים
S1916,S,book,True,III_book_entry,1,6,2,1,0,0,שערים
S1922,S,book,True,III_book_entry,1,1,0,0,0,6,שפתי כהן
S1923,S,book,True,III_book_entry,1,4,2,1,0,2,שפתי רננות
S1932,S,book,True,III_book_entry,1,1,0,1,0,2,שתי ידות
S1934,S,book,True,III_book_entry,1,8,1,0,0,13,שתיל פורח
S1937,S,book,True,III_book_entry,1,10,0,1,0,13,תבואות שור
S1940,S,book,True,III_book_entry,1,39,0,0,0,1,תדשא
S1945,S,book,True,III_book_entry,1,0,0,0,0,34,תולדות אדם
S1948,S,book,True,III_book_entry,1,4,1,0,0,13,תולדות יעקב יוסף
S1951,S,book,True,III_book_entry,1,6,1,1,0,9,תולדות שמשון
S1954,S,book,True,III_book_entry,1,1,3,1,0,1,תוספות גורניס
S1960,S,book,True,III_book_entry,1,5,0,1,0,11,תוספת מרובה
S1961,S,book,True,III_book_entry,1,4,1,3,0,6,תוספת דרבנן
S1967,S,book,True,III_book_entry,1,6,1,0,0,4,תוצאות חיים
S1968,S,book,True,III_book_entry,1,12,1,1,0,5,תור המעלה
S1969,S,book,True,III_book_entry,1,12,2,0,0,5,תורי זהב
S1972,S,book,True,III_book_entry,1,17,1,2,0,7,תורת האשם
S1978,S,book,True,III_book_entry,1,13,0,0,0,12,תורת חכם
S1981,S,book,True,III_book_entry,1,1,0,1,0,12,תורת המנחה
S1988,S,book,True,III_book_entry,1,38,0,1,0,7,תורת השלמים
S1990,S,book,True,III_book_entry,1,31,1,0,0,17,ס' התכליות
S1993,S,book,True,III_book_entry,1,13,1,0,0,5,תלמוד תורה
S1995,S,book,True,III_book_entry,1,0,1,0,0,5,תמונה
S1997,S,book,True,III_book_entry,1,0,0,0,0,0,ס' התמיד
S2002,S,book,True,III_book_entry,1,12,1,0,0,6,תנא דבי אליהו
S2006,S,book,True,III_book_entry,1,3,0,1,0,10,ס' התנינים
S2010,S,book,True,III_book_entry,1,9,1,0,0,4,תפארת הגרשוני
S2011,S,book,True,III_book_entry,1,2,1,0,0,11,תפארת ישראל
S2012,S,book,True,III_book_entry,1,1,1,0,0,4,תפארת למשה
S2015,S,book,True,III_book_entry,1,9,1,1,0,8,תפלת כל פה
S2016,S,book,True,III_book_entry,1,26,1,0,0,2,תפתה ערוך
S2019,S,book,True,III_book_entry,1,0,0,0,0,3,תקון סופרים
S2021,S,book,True,III_book_entry,1,26,1,0,0,2,תקון שובבים
S2024,S,book,True,III_book_entry,1,45,1,1,0,2,תקוני תשובה
S2031,S,book,True,III_book_entry,1,1,10,4,0,0,תרגום יונתן
S2043,S,book,True,III_book_entry,1,9,0,2,0,14,תשובות תלמידי דונש ומנחם
G0005,G,person,True,I_person_entry,0,0,0,0,0,2,"מהר""ר אביגדור קאסטילאץ"
G0006,G,person,True,I_person_entry,0,0,0,1,0,5,רבינו אביגדור קרא מפראג
G0021,G,person,True,I_person_entry,0,0,0,0,0,1,רבינו אברהם בר רבינו אפרים
G0026,G,person,True,I_person_entry,0,0,0,0,0,3,"מהר""ר אברהם במ' יהודה די בוטון"
G0028,G,person,True,I_person_entry,0,0,0,0,0,15,"מהר""ר אברהם בן ביבאגי ספרדי מארגון"
G0032,G,person,True,I_person_entry,0,0,0,0,0,3,"מהר""ר אברהם בכ""ר ברוך"
G0037,G,person,True,I_person_entry,0,0,0,0,0,1,רבינו אברהם הגדול
G0040,G,person,True,I_person_entry,0,0,0,0,0,8,"מהר""ר אברהם ראב""ד מק""ק גלונא"
G0043,G,person,True,I_person_entry,0,0,0,0,0,5,רבינו אברהם זוטרא
G0045,G,person,True,I_person_entry,0,0,0,0,0,7,"מהר""ר אברהם זכשן"
G0048,G,person,True,I_person_entry,0,0,0,0,0,6,הרב החסיד כמה' אברהם חיון
G0056,G,person,True,I_person_entry,0,0,0,0,0,7,"הרב אברהם בכ""ר יחזקאל חזקוני"
G0066,G,person,True,I_person_entry,0,0,0,0,0,16,"מה' אברהם הכהן מק""ק זאמושטש"
G0069,G,person,True,I_person_entry,0,0,0,0,0,5,"מהר""ר אברהם הלוי ברוכים"
G0083,G,person,True,I_person_entry,0,0,0,0,0,3,"מהר""ר אברהם ן' נחמיאס"
G0092,G,person,True,I_person_entry,0,0,0,0,0,1,רבינו אברהם מפיזרו
G0105,G,person,True,I_person_entry,0,0,1,2,0,10,"מהר""ר אברהם רוזאניס"
G0109,G,person,True,I_person_entry,0,0,0,0,0,1,"הרב החסיד מהר""ר אברהם"
G0113,G,person,True,I_person_entry,0,0,0,0,0,3,"מהר""ר אברהם שרביט הזהב"
G0118,G,person,True,I_person_entry,0,0,1,1,0,7,"מהר""ר אהרן אחי הרמ""א"
G0146,G,person,True,I_person_entry,0,0,0,0,0,7,"מהר""ר אייזיק טירנא"
G0160,G,person,True,I_person_entry,0,0,0,0,0,11,רבינו אליהו
G0163,G,person,True,I_person_entry,0,0,2,3,0,9,"הג""מ אליהו אבד""ק חעלם"
G0167,G,person,True,I_person_entry,0,0,0,1,0,7,"הג""מ אליהו בהג""מ משה לואנץ"
G0185,G,person,True,I_person_entry,0,0,0,0,0,7,"מהר""ר אליעזר אחי הרמ""א"
G0189,G,person,True,I_person_entry,0,0,1,0,0,15,רבינו אליעזר הגאון
G0198,G,person,True,I_person_entry,0,0,0,0,0,11,"מהר""ר אליעזר נין"
G0207,G,person,True,I_person_entry,0,0,0,0,0,6,"מה""ר אלישע בהג""מ אברהם"
G0217,G,person,True,I_person_entry,0,0,0,0,0,4,ר' אלעזר הקליר
G0218,G,person,True,I_person_entry,0,0,0,0,0,4,"הגאון החסיד מה""ר אלעזר"
G0220,G,person,True,I_person_entry,0,0,0,0,0,3,"מהר""ר אסתרוק ן' שנגי"
G0234,G,person,True,I_person_entry,0,0,0,0,0,0,"מהר""ר אשר ז""ל"
G0240,G,person,True,I_person_entry,0,0,2,1,0,9,אלקליאון בן הדיסה
G0241,G,person,True,I_person_entry,0,0,0,0,0,0,אחרוני הרבנים
G0245,G,person,True,I_person_entry,0,0,0,0,0,0,"מהר""ר בירך"
G0248,G,person,True,I_person_entry,0,0,0,0,0,1,מה' בנימן
G0253,G,person,True,I_person_entry,0,0,0,0,0,3,מ' בנימן טראבוטו
G0257,G,person,True,I_person_entry,0,0,0,0,0,2,"כמהר""ר בנימן הלוי"
G0260,G,person,True,I_person_entry,0,0,0,0,0,6,"מהר""ר בנימן בכ""ר מאיר הלוי"
G0262,G,person,True,I_person_entry,0,0,0,0,0,12,מה' בנימן מלמד
G0268,G,person,True,I_person_entry,0,0,0,0,0,5,"מהר""ר (יששכר) בערמאנן סג""ל"
G0271,G,person,True,I_person_entry,0,0,1,0,0,1,רבינו ברוך
G0272,G,person,True,I_person_entry,0,0,0,0,0,6,מה' ברוך בן אליקים
G0275,G,person,True,I_person_entry,0,0,0,0,0,2,"מהר""ר ברוך ברזילי"
G0277,G,person,True,I_person_entry,0,0,0,0,0,3,"מהר""ר ברוך ן' חיים"
G0281,G,person,True,I_person_entry,0,0,0,0,0,28,"מהר""ר ברוך כ""ץ ראפאפורט"
G0286,G,person,True,I_person_entry,0,0,0,0,0,1,רבינו ברוך בר שמואל
G0287,G,person,True,I_person_entry,0,0,1,1,0,1,רבינו ברוך (בן שמואל
G0292,G,person,True,I_person_entry,0,0,0,0,0,8,בן ציון
G0295,G,person,True,I_person_entry,0,0,0,0,0,11,"מהר""ר גבריאל איספירנסה"
G0296,G,person,True,I_person_entry,0,0,0,0,0,6,"מהר""ר גבריאל בכ""ר אליה"
G0298,G,person,True,I_person_entry,0,0,0,0,0,45,רב גדא
G0299,G,person,True,I_person_entry,0,0,1,2,0,3,"מהר""ר גדליה חיון"
G0313,G,person,True,I_person_entry,0,0,0,0,0,1,גאון
G0314,G,person,True,I_person_entry,0,0,0,0,0,1,"גאוני לותי""ר"
G0317,G,person,True,I_person_entry,0,0,0,0,0,0,גדולי הדורות שלפנינו
G0320,G,person,True,I_person_entry,0,0,0,0,0,0,גדולי הפוסקים
G0321,G,person,True,I_person_entry,0,0,0,0,0,29,גדולי הראשונים
G0322,G,person,True,I_person_entry,0,0,0,0,0,0,גדולי הרבנים
G0330,G,person,True,I_person_entry,0,0,0,0,0,0,מה' דוד בנבנשת
G0334,G,person,True,I_person_entry,0,0,0,0,0,4,מה' דוד דישבעק
G0340,G,person,True,I_person_entry,0,0,0,0,0,3,"מהר""ר דוד חאסן"
G0352,G,person,True,I_person_entry,0,0,0,0,0,2,"מהר""ר דוד לחמי"
G0354,G,person,True,I_person_entry,0,0,0,0,0,3,רבינו דוד ממינצבורג
G0356,G,person,True,I_person_entry,0,0,0,0,0,3,"מהר""ר דוד ן' נחמיאש"
G0358,G,person,True,I_person_entry,0,0,0,0,0,14,"מהר""ר דוד בכמהר""ר נתנאל קרקשוני"
G0360,G,person,True,I_person_entry,0,0,0,0,0,4,"מהר""ר דוד סימליץ"
G0365,G,person,True,I_person_entry,0,0,0,0,0,3,"מהר""ר דוד בכמהר""ר פנחס הכהן"
G0375,G,person,True,I_person_entry,0,0,0,0,0,8,רב דוסתאי גאון
G0381,G,person,True,I_person_entry,0,0,0,0,0,8,רבינו הילאי גאון
G0382,G,person,True,I_person_entry,0,0,0,0,0,4,"מהר""ר הירץ"
G0384,G,person,True,I_person_entry,0,0,0,0,0,16,"מהר""ר הירש"
G0385,G,person,True,I_person_entry,0,0,0,0,0,4,"מהר""ר הירש שור"
G0392,G,person,True,I_person_entry,0,0,0,0,0,3,ר' וואלף (זאב) הלוי
G0398,G,person,True,I_person_entry,0,0,0,0,0,0,ויידא
G0426,G,person,True,I_person_entry,0,0,0,0,0,8,"מהר""ר חיים בן אסמאעליץ"
G0431,G,person,True,I_person_entry,0,0,0,0,0,3,"מהר""ר חיים ברוך"
G0441,G,person,True,I_person_entry,0,0,0,0,0,1,"ה""ר חיים בר יחיאל"
G0450,G,person,True,I_person_entry,0,0,0,0,0,2,מה' חיים
G0456,G,person,True,I_person_entry,0,0,0,0,0,3,"מהר""ר חיים פיזארו"
G0461,G,person,True,I_person_entry,0,0,2,0,0,3,רבינו חנוניא
G0474,G,person,True,I_person_entry,0,0,0,0,0,0,רבינו טוביה
G0475,G,person,True,I_person_entry,0,0,2,1,0,1,רבינו טוביה
G0476,G,person,True,I_person_entry,0,0,0,0,0,1,רבינו טוביה בר אליא
G0480,G,person,True,I_person_entry,0,0,1,1,0,0,רבינו טודרוס מטוליטולא
G0482,G,person,True,I_person_entry,0,0,0,0,0,7,"מהר""ר יאיר חיים בכרך"
G0483,G,person,True,I_person_entry,0,0,0,0,0,1,רבינו יאיר בן הרב רבינו מאיר
G0491,G,person,True,I_person_entry,0,0,0,0,0,6,"מהר""ר יהודה איסקירא"
G0500,G,person,True,I_person_entry,0,0,0,0,0,0,"מהר""ר יהודה בן בולאט"
G0501,G,person,True,I_person_entry,0,0,0,0,0,14,"מהר""ר יהודה ביטון"
G0507,G,person,True,I_person_entry,0,0,0,0,0,6,"מהר""ר יהודה ן' וירגא"
G0509,G,person,True,I_person_entry,0,0,0,0,0,2,הרב יהודה החסיד
G0515,G,person,True,I_person_entry,0,0,0,0,0,2,הרב יהודה כהן טנוגי
G0516,G,person,True,I_person_entry,0,0,0,0,0,1,ר' יהודה הכהן
G0519,G,person,True,I_person_entry,0,0,0,0,0,3,"מהר""ר יהודה ליאון"
G0521,G,person,True,I_person_entry,0,0,0,0,0,1,"מהר""ר יהודה לאנדא"
G0527,G,person,True,I_person_entry,0,0,0,0,0,14,"מהר""ר יהודה מסעוד"
G0529,G,person,True,I_person_entry,0,0,0,0,0,14,"מהר""ר יהודה בכ""ר משה מפאנו"
G0533,G,person,True,I_person_entry,0,0,0,0,0,1,רבינו יהודה בר נתן
G0538,G,person,True,I_person_entry,0,0,0,0,0,1,"מהר""ר יהודה עלוש"
G0545,G,person,True,I_person_entry,0,0,2,1,0,3,"מהר""ר יהודה רפאל"
G0547,G,person,True,I_person_entry,0,0,0,0,0,0,"מהר""ר יהודה"
G0554,G,person,True,I_person_entry,0,0,0,0,0,2,"מהר""ר יהושע ן' נון"
G0566,G,person,True,I_person_entry,0,0,1,7,0,4,"הרב הגאון גדול בדורו מהר""ר יואל (סירקי""ש"
G0593,G,person,True,I_person_entry,0,0,0,0,0,2,"מהר""ר יוסף אשכנזי"
G0595,G,person,True,I_person_entry,0,0,2,1,0,6,מה' יוסף בנבנשת
G0596,G,person,True,I_person_entry,0,0,1,1,0,3,רבינו יוסף בעל שמועות
G0597,G,person,True,I_person_entry,0,0,0,0,0,3,"מהר""ר יוסף גאלייגו"
G0604,G,person,True,I_person_entry,0,0,0,0,0,0,"מהר""ר יוסף"
G0613,G,person,True,I_person_entry,0,0,0,0,0,1,רבינו יוסף חיים
G0618,G,person,True,I_person_entry,0,0,0,0,0,2,מה' יוסף בר יוסף
G0630,G,person,True,I_person_entry,0,0,0,0,0,14,מה' יוסף מיליריאה
G0632,G,person,True,I_person_entry,0,0,0,0,0,6,רבינו יוסף נחמיאש
G0633,G,person,True,I_person_entry,0,0,0,0,0,1,רבינו יוסף מניקולא
G0648,G,person,True,I_person_entry,0,0,0,0,0,4,"מ""ר יוסף"
G0654,G,person,True,I_person_entry,0,0,0,0,0,0,"מהר""ר יוסף קשריש"
G0657,G,person,True,I_person_entry,0,0,1,0,0,1,רבינו יוסף
G0664,G,person,True,I_person_entry,0,0,0,0,0,7,"מהר""ר יוסף"
G0680,G,person,True,I_person_entry,0,0,0,0,0,3,מה' יחיאל ענבי
G0687,G,person,True,I_person_entry,0,0,0,0,0,1,הרב רבינו יעקב בן הרב ר' אליהו לבית לאטש
G0699,G,person,True,I_person_entry,0,0,0,0,0,1,רבינו יעקב מווירצבורג
G0725,G,person,True,I_person_entry,0,0,0,0,0,0,רבינו יעקב בר מכיר
G0726,G,person,True,I_person_entry,0,0,0,0,0,13,"מהר""ר יעקב מלכה"
G0733,G,person,True,I_person_entry,0,0,0,0,0,3,"מהר""ר יעקב פירמון"
G0741,G,person,True,I_person_entry,0,0,0,0,0,1,רבינו יעקב מקינון
G0747,G,person,True,I_person_entry,0,0,0,0,0,1,רבינו יעקב בר שלמה
G0748,G,person,True,I_person_entry,0,0,1,2,0,10,"(רבי יעקב ב""ר שמשון בר אנטולי"
G0760,G,person,True,I_person_entry,0,0,0,0,0,6,רבינו יצחק מאופנהיים
G0773,G,person,True,I_person_entry,0,0,0,0,0,3,מה' יצחק בארקי
G0786,G,person,True,I_person_entry,0,0,0,0,0,14,"מה""ר יצחק וינטורא"
G0791,G,person,True,I_person_entry,0,0,0,0,0,1,רבינו יצחק בר יהודה
G0796,G,person,True,I_person_entry,0,0,0,0,0,3,"מהר""ר יצחק במה' יוסף העס"
G0800,G,person,True,I_person_entry,0,0,0,0,0,12,"מהר""ר יצחק הכהן"
G0807,G,person,True,I_person_entry,0,0,0,0,0,0,רבינו יצחק הלוי
G0819,G,person,True,I_person_entry,0,0,0,0,0,1,רבינו יצחק בר מנחם
G0821,G,person,True,I_person_entry,0,0,0,0,0,14,"מהר""ר יצחק בכמה""ר מרדכי מתתיהו צורף"
G0822,G,person,True,I_person_entry,0,0,0,0,0,0,רבינו יצחק בן מרן הלוי
G0823,G,person,True,I_person_entry,0,0,0,0,0,2,רבינו יצחק בר משה מויינא
G0839,G,person,True,I_person_entry,0,0,0,0,0,3,"מהר""ר יצחק פארדו"
G0844,G,person,True,I_person_entry,0,0,0,0,0,6,"מהר""ר יצחק בכמה""ר צדיק ן' לב"
G0859,G,person,True,I_person_entry,0,0,0,0,0,1,רבינו יצחק משפירא
G0862,G,person,True,I_person_entry,0,0,0,0,0,1,רבינו יקר הלוי
G0880,G,person,True,I_person_entry,0,0,0,0,0,4,"מו""ה ישעי' הלוי"
G0883,G,person,True,I_person_entry,0,0,0,0,0,3,"מהר""ם ישראל אבא"
G0891,G,person,True,I_person_entry,0,0,0,0,0,5,"מהר""ר ישראל"
G0898,G,person,True,I_person_entry,0,0,0,0,0,1,"מהר""ר ישראל כעבון"
G0901,G,person,True,I_person_entry,0,0,0,0,0,6,"מהר""ר ישראל מזרחי"
G0913,G,person,True,I_person_entry,0,0,0,0,0,5,"הר""י ן' יחייא"
G0917,G,person,True,I_person_entry,0,0,4,3,0,3,"מהר""י ן' מניר"
G0924,G,person,True,I_person_entry,0,0,0,0,0,0,מר כהן צדק
G0926,G,person,True,I_person_entry,0,0,0,0,0,5,כדי
G0930,G,person,True,I_person_entry,0,0,4,1,0,3,"מהר""ר לוי טילייו"
G0937,G,person,True,I_person_entry,0,0,5,5,0,5,"מהר""ר ליב סאראוואל"
G0944,G,person,True,I_person_entry,0,0,4,2,0,2,"מהר""ר לפידות"
G0946,G,person,True,I_person_entry,0,0,0,0,0,1,לויה
G0951,G,person,True,I_person_entry,0,0,0,0,0,4,"מהר""ר מאיר אשכנזי"
G0954,G,person,True,I_person_entry,0,0,0,0,0,2,מה' מאיר ברזילי
G0968,G,person,True,I_person_entry,0,0,0,0,0,1,רבינו מאיר בר משה
G0977,G,person,True,I_person_entry,0,0,1,0,0,14,"מהר""ר מאיר במ' שלום"
G0978,G,person,True,I_person_entry,0,0,0,0,0,6,"רבינו מאיר ב""ר שמעון"
G0979,G,person,True,I_person_entry,0,0,1,0,0,6,"מהר""ר מאיר בכה""ר שמעון"
G0985,G,person,True,I_person_entry,0,0,0,0,0,0,"מהר""ר מיימון נגאר"
G0987,G,person,True,I_person_entry,0,0,0,0,0,40,מיכל
G0994,G,person,True,I_person_entry,0,0,0,0,0,1,רבינו מנחם מוורשא
G1001,G,person,True,I_person_entry,0,0,0,0,0,4,"מהר""ר מנחם מענדיל"
G1003,G,person,True,I_person_entry,0,0,0,0,0,4,הרב מנחם מענדיל מקראטשין
G1018,G,person,True,I_person_entry,0,0,0,0,0,10,"מהר""ר מסעוד רקח"
G1020,G,person,True,I_person_entry,0,0,0,1,0,0,"מהר""ר מרדכי האזובי"
G1025,G,person,True,I_person_entry,0,0,0,0,0,1,"מהר""ר מרדכי מעיר דרעא"
G1032,G,person,True,I_person_entry,0,0,0,0,0,0,"מהר""ר מרדכי נגא""ר"
G1040,G,person,True,I_person_entry,0,0,0,0,0,14,"מהר""ר משה אברהם רומאנין"
G1046,G,person,True,I_person_entry,0,0,0,0,0,0,"מהר""ר משה אלפראנגי"
G1054,G,person,True,I_person_entry,0,0,0,0,0,3,"מהר""ר משה ברודו"
G1059,G,person,True,I_person_entry,0,0,0,0,0,0,"מהר""ר משה גבאי"
G1064,G,person,True,I_person_entry,0,0,1,2,0,2,"מהר""ר משה הררי"
G1065,G,person,True,I_person_entry,0,0,0,0,0,3,"מהר""ר משה וידאל ויואש"
G1066,G,person,True,I_person_entry,0,0,0,0,0,4,"מהר""ר משה אב""ד דק""ק ווילנא"
G1068,G,person,True,I_person_entry,0,0,0,0,0,0,"מהר""ר משה ן' זכרי"
G1076,G,person,True,I_person_entry,0,0,5,1,0,0,רבינו משה בר יוסף
G1078,G,person,True,I_person_entry,0,0,0,0,0,1,רבינו משה ברבי יקותיאל
G1079,G,person,True,I_person_entry,0,0,0,0,0,14,"מהר""ר משה ן' יקר"
G1080,G,person,True,I_person_entry,0,0,1,2,0,5,"מהר""ר משה (במ' ישעיה"
G1099,G,person,True,I_person_entry,0,0,0,1,0,10,הרב משה בר מיימון מקורטובא
G1106,G,person,True,I_person_entry,0,0,0,0,0,0,"מהר""ר משה משיש"
G1111,G,person,True,I_person_entry,0,0,0,0,0,4,"מהר""ר משה מסאכטשוב"
G1121,G,person,True,I_person_entry,0,0,0,0,0,1,רבינו משה מצורך
G1127,G,person,True,I_person_entry,0,0,0,0,0,0,רבינו משה קמחי
G1133,G,person,True,I_person_entry,0,0,1,1,0,2,"מהר""ר משה בר שמואל"
G1134,G,person,True,I_person_entry,0,0,0,0,0,14,"מהר""ר משה ן' שנגי"
G1138,G,person,True,I_person_entry,0,0,0,0,0,8,רב משלם גאון
G1141,G,person,True,I_person_entry,0,0,0,0,0,1,רבינו משלם
G1144,G,person,True,I_person_entry,0,0,0,1,0,1,"מהר""ר משלם בר קלונימוס"
G1145,G,person,True,I_person_entry,0,0,0,0,0,3,"מהר""ר מתתיהו ן' אלרוייה"
G1146,G,person,True,I_person_entry,0,0,0,0,0,8,רב מתתיהו גאון
G1148,G,person,True,I_person_entry,0,0,0,0,0,0,"מהר""ר מתתיה תמר"
G1150,G,person,True,I_person_entry,0,0,0,0,0,1,מורה
G1152,G,person,True,I_person_entry,0,0,1,1,0,8,רב נהילאי גאון
G1157,G,person,True,I_person_entry,0,0,1,2,0,0,רבינו נחמן
G1159,G,person,True,I_person_entry,0,0,0,0,0,1,רב נטרונאי גאון
G1171,G,person,True,I_person_entry,0,0,0,0,0,0,רבינו נתן האופאניאל
G1179,G,person,True,I_person_entry,0,0,0,0,0,1,רבינו נתן
G1181,G,person,True,I_person_entry,0,0,0,0,0,1,רבינו נתן
G1182,G,person,True,I_person_entry,0,0,0,0,0,0,"מהר""ר נתן נאגר"
G1194,G,person,True,I_person_entry,0,0,0,0,0,8,רבי נהוראי
G1195,G,person,True,I_person_entry,0,0,0,3,0,0,נהוראי סבא
G1201,G,person,True,I_person_entry,0,0,0,0,0,14,"מהר""ר סעדיה בר דוד זאראפה"
G1203,G,person,True,I_person_entry,0,0,0,0,0,10,רבינו עובדיה
G1210,G,person,True,I_person_entry,0,0,0,0,0,0,רבינו עזריאל
G1214,G,person,True,I_person_entry,0,0,0,0,0,3,"מהר""ר עזריאל בכ""ר מאיר סג""ל"
G1215,G,person,True,I_person_entry,0,0,0,0,0,1,רבינו עזריאל בר נתן
G1222,G,person,True,I_person_entry,0,0,0,0,0,0,"מהר""ר עמרם אפרתי"
G1227,G,person,True,I_person_entry,0,0,0,0,0,1,רבינו פורת
G1230,G,person,True,I_person_entry,0,0,0,2,0,8,רב פלטוי בר יעקב גאון
G1231,G,person,True,I_person_entry,0,0,0,0,0,2,רבי פנחס
G1232,G,person,True,I_person_entry,0,0,0,0,0,4,"מהר""ר פנחס"
G1245,G,person,True,I_person_entry,0,0,0,1,0,16,"מהר""ר (צבי) הרב קב הישר"
G1249,G,person,True,I_person_entry,0,0,0,0,0,12,"מהר""ר צדקה הוצין"
G1252,G,person,True,I_person_entry,0,0,0,0,0,1,רבינו צמח בר חיים
G1258,G,person,True,I_person_entry,0,0,0,0,0,1,רבינו קלונימוס הבחור
G1280,G,person,True,I_person_entry,0,0,0,0,0,8,"מהר""ר רפואה שלום"
G1282,G,person,True,I_person_entry,0,0,0,0,0,0,רבותי
G1283,G,person,True,I_person_entry,0,0,0,1,0,8,רבי
G1285,G,person,True,I_person_entry,0,0,4,0,0,0,רבנית
G1291,G,person,True,I_person_entry,0,0,0,0,0,14,"מהר""ר שאול שירירו"
G1292,G,person,True,I_person_entry,0,0,2,1,0,4,"מהר""ר שבתי"
G1298,G,person,True,I_person_entry,0,0,0,0,0,3,"מהר""ר שבתי"
G1318,G,person,True,I_person_entry,0,0,0,0,0,14,"מהר""ר שלמה חודארה"
G1325,G,person,True,I_person_entry,0,0,0,0,0,0,"מהר""ר שלמה כלאץ"
G1331,G,person,True,I_person_entry,0,0,0,0,0,6,"מהר""ר שלמה מלונדון"
G1333,G,person,True,I_person_entry,0,0,0,0,0,4,"מהר""ר שלמה רב ליבש"
G1334,G,person,True,I_person_entry,0,0,0,0,0,3,"מהר""ר שלמה ן' מובחר"
G1346,G,person,True,I_person_entry,0,0,0,0,0,0,רבינו שלמה אמיאל
G1347,G,person,True,I_person_entry,0,0,0,0,0,6,"מהר""ר שלמה פוקי"
G1348,G,person,True,I_person_entry,0,0,0,0,0,14,"מהר""ר שלמה פיגון"
G1349,G,person,True,I_person_entry,0,0,0,0,0,6,"מהר""ר שלמה הצרפתי"
G1354,G,person,True,I_person_entry,0,0,1,0,0,1,רבינו שלמה בר שמשון
G1358,G,person,True,I_person_entry,0,0,0,0,0,6,"מהר""ר שם טוב עטייה"
G1361,G,person,True,I_person_entry,0,0,0,0,0,0,"מהר""ר שמואל (אבו חצירו"
G1371,G,person,True,I_person_entry,0,0,0,0,0,3,"מהר""ש מילידי אלטונא"
G1373,G,person,True,I_person_entry,0,0,0,0,0,7,"מהר""ר שמואל בכרך"
G1374,G,person,True,I_person_entry,0,0,0,0,0,1,רבינו שמואל בר ברוך
G1375,G,person,True,I_person_entry,0,0,0,0,0,3,"מהר""ר שמואל בכמהר""ר ברוך"
G1379,G,person,True,I_person_entry,0,0,0,0,0,1,רבינו שמואל בן רבינו דוד
G1380,G,person,True,I_person_entry,0,0,1,1,0,0,"מהר""ר שמואל בר דוד"
G1381,G,person,True,I_person_entry,0,0,0,0,0,1,רבינו שמואל בר דוד הלוי
G1386,G,person,True,I_person_entry,0,0,0,0,0,2,הרב שמואל דילויקיין
G1387,G,person,True,I_person_entry,0,0,0,0,0,6,"מהר""ר שמואל ן' וירגא"
G1398,G,person,True,I_person_entry,0,0,0,0,0,3,"מהר""ר שמואל בן כמה""ר יצחק"
G1405,G,person,True,I_person_entry,0,0,0,0,0,3,מה' שמואל הלוי
G1406,G,person,True,I_person_entry,0,0,0,0,0,10,רבינו שמואל בר לוי
G1410,G,person,True,I_person_entry,0,0,0,0,0,6,"מהר""ר שמואל בכמה' משה ן' ברוך"
G1412,G,person,True,I_person_entry,0,0,0,0,0,6,"מהר""ר שמואל בכ""ר משה הלוי"
G1417,G,person,True,I_person_entry,0,0,0,0,0,6,"מהר""ר שמואל עטייה"
G1422,G,person,True,I_person_entry,0,0,0,0,0,4,מה' שמואל צבי הירץ
G1430,G,person,True,I_person_entry,0,0,0,0,0,6,"מהר""ר שמואל שלום"
G1431,G,person,True,I_person_entry,0,0,0,0,0,1,"מהר""ש שליצטט"
G1444,G,person,True,I_person_entry,0,0,0,0,0,1,רבינו שמעון בן אברהם
G1449,G,person,True,I_person_entry,0,0,0,0,0,2,"מהר""ר שמעון טורנו"
G1451,G,person,True,I_person_entry,0,0,0,0,0,1,רבינו שמעון בר יצחק
G1454,G,person,True,I_person_entry,0,0,0,0,0,1,רבינו שמעון מפלירא
G1461,G,person,True,I_person_entry,0,0,0,0,0,3,"מהר""ר שמריה חכים"
G1462,G,person,True,I_person_entry,0,0,0,0,0,15,"מהר""ר שמריה שרביט הזהב"
G1476,G,person,True,I_person_entry,0,0,0,0,0,1,רבינו שניאור ברבי יהודה בר' ברוך
G1479,G,person,True,I_person_entry,0,0,0,0,0,2,רב שר שלום גאון
G1485,G,person,True,I_person_entry,0,0,0,0,0,4,
G1486,G,person,True,I_person_entry,0,0,0,0,0,0,תלמידי רבינו יונה
S0002,S,book,True,III_book_entry,0,0,0,0,0,5,אבא גריון
S0021,S,book,True,III_book_entry,0,0,0,0,0,0,ס' אגרון
S0025,S,book,True,III_book_entry,0,0,0,0,0,9,אגרת שום
S0032,S,book,True,III_book_entry,0,0,0,0,0,4,אהבת יהונתן
S0039,S,book,True,III_book_entry,0,0,0,0,0,4,אדם פטדה
S0042,S,book,True,III_book_entry,0,0,0,0,0,18,אוצר הכבוד
S0044,S,book,True,III_book_entry,0,0,0,0,0,2,אור האבוקה
S0053,S,book,True,III_book_entry,0,0,0,0,0,9,אור החיים
S0056,S,book,True,III_book_entry,0,0,1,1,0,0,אור ה
S0059,S,book,True,III_book_entry,0,0,0,0,0,3,אור יקרות
S0068,S,book,True,III_book_entry,0,0,0,0,0,2,אור עולם
S0076,S,book,True,III_book_entry,0,0,3,0,0,0,ס' האורה
S0077,S,book,True,III_book_entry,0,0,0,0,0,9,ס' האורה
S0078,S,book,True,III_book_entry,0,0,0,0,0,12,אורה ושמחה
S0083,S,book,True,III_book_entry,0,0,0,0,0,3,אותיות אליעזר
S0095,S,book,True,III_book_entry,0,0,0,0,0,10,אלכפאיה
S0097,S,book,True,III_book_entry,0,0,1,0,0,2,אלף אלפין
S0115,S,book,True,III_book_entry,0,0,0,0,0,3,אמרי שפר
S0117,S,book,True,III_book_entry,0,0,0,3,0,4,ס' אמרכל
S0119,S,book,True,III_book_entry,0,0,0,0,0,7,אסור והתר
S0120,S,book,True,III_book_entry,0,0,0,0,0,7,אסור והתר
S0122,S,book,True,III_book_entry,0,0,1,1,0,7,אסור והתר
S0123,S,book,True,III_book_entry,0,0,0,0,0,7,אסור והתר
S0124,S,book,True,III_book_entry,0,0,0,0,0,7,אסור והתר
S0126,S,book,True,III_book_entry,0,0,0,0,0,6,ס' אסור משהו
S0141,S,book,True,III_book_entry,0,0,0,0,0,9,ארחות חיים
S0150,S,book,True,III_book_entry,0,0,0,0,0,11,באור להלכות פסח
S0155,S,book,True,III_book_entry,0,0,0,0,0,6,"באור על הרמב""ם"
S0162,S,book,True,III_book_entry,0,0,0,0,0,7,"באורים על רש""י"
S0169,S,book,True,III_book_entry,0,0,0,0,0,0,באר יצחק
S0170,S,book,True,III_book_entry,0,0,0,0,0,3,באר לחי
S0172,S,book,True,III_book_entry,0,0,0,0,0,5,באר מים חיים
S0175,S,book,True,III_book_entry,0,0,0,0,0,3,בארות המים
S0183,S,book,True,III_book_entry,0,0,0,0,0,0,בחירה
S0187,S,book,True,III_book_entry,0,0,0,0,0,10,בית אבות
S0192,S,book,True,III_book_entry,0,0,0,0,0,0,בית אל
S0197,S,book,True,III_book_entry,0,0,0,0,0,10,בית דין
S0202,S,book,True,III_book_entry,0,0,0,1,0,4,בית חדש
S0211,S,book,True,III_book_entry,0,0,0,0,0,4,בית ישראל
S0217,S,book,True,III_book_entry,0,0,0,0,0,10,בית המדרש
S0219,S,book,True,III_book_entry,0,0,0,0,0,0,בית מנוחה
S0227,S,book,True,III_book_entry,0,0,1,1,0,7,בן אלישע
S0229,S,book,True,III_book_entry,0,0,0,0,0,2,בן מנוח
S0233,S,book,True,III_book_entry,0,0,0,0,0,3,בן שמואל
S0235,S,book,True,III_book_entry,0,0,0,0,0,4,בני אהובה
S0250,S,book,True,III_book_entry,0,0,0,0,0,8,בנין יהושע
S0253,S,book,True,III_book_entry,0,0,0,0,0,2,בעלי ברית אברהם
S0265,S,book,True,III_book_entry,0,0,0,0,0,2,ברכות בחשבון
S0275,S,book,True,III_book_entry,0,0,0,0,0,12,בשורת אליהו
S0284,S,book,True,III_book_entry,0,0,0,0,0,5,ס' גאולה
S0289,S,book,True,III_book_entry,0,0,1,0,0,5,גבולות ארץ ישראל
S0305,S,book,True,III_book_entry,0,0,0,0,0,11,גט כריתות
S0306,S,book,True,III_book_entry,0,0,0,0,0,12,גט מקושר
S0311,S,book,True,III_book_entry,0,0,0,0,0,4,גימטריאות
S0312,S,book,True,III_book_entry,0,0,0,0,0,3,גל של אגוזים
S0318,S,book,True,III_book_entry,0,0,0,0,0,5,גלילות ארץ ישראל
S0319,S,book,True,III_book_entry,0,0,0,0,0,7,גלילי כסף
S0320,S,book,True,III_book_entry,0,0,1,1,0,8,גמול
S0321,S,book,True,III_book_entry,0,0,0,0,0,4,גמרא
S0322,S,book,True,III_book_entry,0,0,0,0,0,0,גמרא
S0324,S,book,True,III_book_entry,0,0,0,0,0,1,גן בושם
S0327,S,book,True,III_book_entry,0,0,0,0,0,5,גנת ביתן
S0328,S,book,True,III_book_entry,0,0,0,0,0,16,גנת ביתן
S0331,S,book,True,III_book_entry,0,0,1,0,0,2,ס' גרושין
S0335,S,book,True,III_book_entry,0,0,0,0,0,1,גימטריאות
S0336,S,book,True,III_book_entry,0,0,0,0,0,16,גלגולים
S0340,S,book,True,III_book_entry,0,0,0,0,0,5,דבי אליהו
S0342,S,book,True,III_book_entry,0,0,0,0,0,5,דבר שבקדושה
S0362,S,book,True,III_book_entry,0,0,0,0,0,11,דין אמת
S0366,S,book,True,III_book_entry,0,0,0,0,0,3,דינין
S0368,S,book,True,III_book_entry,0,0,0,0,0,1,דינין
S0372,S,book,True,III_book_entry,0,0,1,3,0,12,"דנא פשר""א"
S0385,S,book,True,III_book_entry,0,0,0,0,0,2,דרך חיים
S0399,S,book,True,III_book_entry,0,0,0,0,0,6,דרשות
S0402,S,book,True,III_book_entry,0,0,0,0,0,2,דרשות
S0408,S,book,True,III_book_entry,0,0,0,0,0,3,"הגהות הרב הגדול כמהר""ר אליעזר ן' ארחא ז""ל"
S0411,S,book,True,III_book_entry,0,0,0,0,0,5,הגהות והשגות על ספר גדולי תרומה
S0412,S,book,True,III_book_entry,0,0,1,0,0,2,הגהות על ס' הזהר
S0413,S,book,True,III_book_entry,0,0,1,0,0,2,הגהות על ס' הזהר
S0414,S,book,True,III_book_entry,0,0,0,0,0,2,"הגהות ע""ס זהרי חמה"
S0418,S,book,True,III_book_entry,0,0,0,0,0,3,הגהות על הטורים
S0419,S,book,True,III_book_entry,0,0,1,1,0,3,"הגהות על הטורים ועל הרמב""ם ח""ג"
S0420,S,book,True,III_book_entry,0,0,0,0,0,3,הגהות על הטורים
S0421,S,book,True,III_book_entry,0,0,0,0,0,4,"הגהות על ט""ז וש""ך וסמ""ע"
S0422,S,book,True,III_book_entry,0,0,0,0,0,4,"הגהות ט""ז בי""ד"
S0423,S,book,True,III_book_entry,0,0,1,0,0,0,הגהות על ירושלמי
S0425,S,book,True,III_book_entry,0,0,1,0,0,9,הגהות על ירושלמי
S0430,S,book,True,III_book_entry,0,0,0,0,0,10,"הגהות על הרמב""ם"
S0431,S,book,True,III_book_entry,0,0,0,0,0,4,"הגהות על הרמב""ם"
S0434,S,book,True,III_book_entry,0,0,0,0,0,4,"הגהות סמ""ק"
S0436,S,book,True,III_book_entry,0,0,1,0,0,5,הגהות על ספרי
S0442,S,book,True,III_book_entry,0,0,2,0,0,1,"הגהות על הרי""ף"
S0443,S,book,True,III_book_entry,0,0,0,0,0,14,"הגהות רבות על הרי""ף"
S0444,S,book,True,III_book_entry,0,0,1,1,0,4,"הגהות וחידושי דינים על ד' ש""ע"
S0445,S,book,True,III_book_entry,0,0,0,0,0,4,"הגהות על כל ש""ע"
S0447,S,book,True,III_book_entry,0,0,0,0,0,4,"הגהות הש""ס"
S0456,S,book,True,III_book_entry,0,0,1,2,0,4,הוספה
S0466,S,book,True,III_book_entry,0,0,0,0,0,1,הלכות גדולות
S0467,S,book,True,III_book_entry,0,0,0,0,0,14,הלכות יום טוב
S0470,S,book,True,III_book_entry,0,0,0,0,0,0,הלכות ראשונות
S0471,S,book,True,III_book_entry,0,0,0,0,0,0,"הלכות הרמב""ם"
S0478,S,book,True,III_book_entry,0,0,0,0,0,15,המעלות לשלמה
S0480,S,book,True,III_book_entry,0,0,0,0,0,0,"הגהות הרא""ש"
S0481,S,book,True,III_book_entry,0,0,0,0,0,6,הנמצא
S0486,S,book,True,III_book_entry,0,0,0,0,0,0,"השגות הראב""ד על הרי""ף"
S0488,S,book,True,III_book_entry,0,0,0,0,0,0,השגות רבינו אפרים
S0489,S,book,True,III_book_entry,0,0,0,0,0,1,"השגות על הראב""ע"
S0490,S,book,True,III_book_entry,0,0,0,0,0,16,השגות הרב ברכת הזבח
S0491,S,book,True,III_book_entry,0,0,1,0,0,0,השגות על הלכות גדולות
S0492,S,book,True,III_book_entry,0,0,0,1,0,4,"השגות על הרב ט""ז בי""ד"
S0493,S,book,True,III_book_entry,0,0,0,0,0,2,"השגות הרמ""ז"
S0494,S,book,True,III_book_entry,0,0,0,0,0,10,"השגות הרמ""ך"
S0495,S,book,True,III_book_entry,0,0,0,0,0,3,השגות על הערוך
S0499,S,book,True,III_book_entry,0,0,0,0,0,5,התחלת חכמה
S0503,S,book,True,III_book_entry,0,0,0,0,0,4,ויגש יהודה
S0506,S,book,True,III_book_entry,0,0,1,0,0,6,וידוי לתלמיד חכם
S0509,S,book,True,III_book_entry,0,0,0,0,0,0,"ויכוח הראב""ד והרז""ה"
S0513,S,book,True,III_book_entry,0,0,0,0,0,2,ויכוח
S0514,S,book,True,III_book_entry,0,0,0,0,0,10,ויכוח
S0515,S,book,True,III_book_entry,0,0,0,0,0,0,ויכוח
S0516,S,book,True,III_book_entry,0,0,1,1,0,0,ויכלו
S0518,S,book,True,III_book_entry,0,0,0,0,0,12,ויכתוב משה
S0519,S,book,True,III_book_entry,0,0,0,0,0,5,וילקט יוסף
S0520,S,book,True,III_book_entry,0,0,1,0,0,2,וימודו בעומר
S0524,S,book,True,III_book_entry,0,0,0,0,0,1,ווי העמודים
S0525,S,book,True,III_book_entry,0,0,0,0,0,12,ולא עוד אלא
S0530,S,book,True,III_book_entry,0,0,0,0,0,2,זבחי שלמים
S0535,S,book,True,III_book_entry,0,0,0,0,0,2,זהר הרקיע
S0536,S,book,True,III_book_entry,0,0,0,0,0,2,זהר הרקיע
S0549,S,book,True,III_book_entry,0,0,0,0,0,1,זכרון משה
S0553,S,book,True,III_book_entry,0,0,2,0,0,2,זעירא
S0554,S,book,True,III_book_entry,0,0,2,2,0,5,זקוקין
S0559,S,book,True,III_book_entry,0,0,0,0,0,2,זקני יהודה
S0573,S,book,True,III_book_entry,0,0,0,0,0,13,"חבור ע""פ גורי האר""י ז""ל"
S0575,S,book,True,III_book_entry,0,0,0,0,0,14,חבור המוקצה
S0578,S,book,True,III_book_entry,0,0,0,0,0,3,"חבור על הרי""ף והרמב""ם והרא""ם"
S0579,S,book,True,III_book_entry,0,0,0,0,0,10,"חבור על הרמב""ם"
S0580,S,book,True,III_book_entry,0,0,1,1,0,2,"חבור על הרמב""ם ועל י""ד והלכות גיטין"
S0591,S,book,True,III_book_entry,0,0,0,0,0,4,חבור על התלמוד והפוסקים
S0592,S,book,True,III_book_entry,0,0,0,0,0,2,חבורים בכל חכמה
S0593,S,book,True,III_book_entry,0,0,0,0,0,4,חבורים בחכמת האמת
S0594,S,book,True,III_book_entry,0,0,0,0,0,7,"חבורים על הש""ס"
S0595,S,book,True,III_book_entry,0,0,1,0,0,1,"חבורים על הש""ס ורי""ף וסמ""ג ורש""י ובשארי חכמות"
S0596,S,book,True,III_book_entry,0,0,0,0,0,1,חבורים
S0599,S,book,True,III_book_entry,0,0,0,0,0,17,חגורת שמואל
S0600,S,book,True,III_book_entry,0,0,0,0,0,4,חדוד הלכות
S0606,S,book,True,III_book_entry,0,0,0,0,0,11,חופת אליהו
S0617,S,book,True,III_book_entry,0,0,0,0,0,0,חי בן מקיץ
S0626,S,book,True,III_book_entry,0,0,0,0,0,0,"חידושים על ש""ס או תלמוד"
S0627,S,book,True,III_book_entry,0,0,0,0,0,4,"חידושים על הש""ס"
S0631,S,book,True,III_book_entry,0,0,0,0,0,0,"חידושים על ש""ס ותוס"
S0632,S,book,True,III_book_entry,0,0,1,1,0,16,"חידושים על ס' קדשים למהר""א טייב"
S0633,S,book,True,III_book_entry,0,0,0,0,0,18,חידושים על כמה מסכתות
S0642,S,book,True,III_book_entry,0,0,0,0,0,3,חידושים
S0644,S,book,True,III_book_entry,0,0,0,0,0,1,חיי עולם
S0649,S,book,True,III_book_entry,0,0,0,0,0,7,חיים ארוכים
S0653,S,book,True,III_book_entry,0,0,0,0,0,5,חכם הרזים
S0656,S,book,True,III_book_entry,0,0,0,0,0,0,חכמות מנוח
S0665,S,book,True,III_book_entry,0,0,0,0,0,7,חסד לאברהם
S0670,S,book,True,III_book_entry,0,0,4,0,0,3,ס' חסידים
S0672,S,book,True,III_book_entry,0,0,0,0,0,1,ס' חפץ
S0681,S,book,True,III_book_entry,0,0,0,0,0,5,חקי עזר
S0682,S,book,True,III_book_entry,0,0,0,0,0,1,חקת התורה
S0687,S,book,True,III_book_entry,0,0,0,0,0,2,חשק
S0690,S,book,True,III_book_entry,0,0,0,0,0,7,טבלא של שיש
S0692,S,book,True,III_book_entry,0,0,0,0,0,5,טהרת הקדש
S0693,S,book,True,III_book_entry,0,0,0,0,0,2,טוב הארץ
S0698,S,book,True,III_book_entry,0,0,0,0,0,9,טובה תוכחת
S0700,S,book,True,III_book_entry,0,0,0,0,0,12,טור אדם פטדה
S0701,S,book,True,III_book_entry,0,0,1,0,0,4,טור ובית יוסף
S0713,S,book,True,III_book_entry,0,0,0,0,0,12,טעמי המצות
S0722,S,book,True,III_book_entry,0,0,0,0,0,1,טעמי המצות
S0723,S,book,True,III_book_entry,0,0,0,0,0,3,טעמי המצות
S0725,S,book,True,III_book_entry,0,0,0,0,0,3,יאיר נתיב
S0750,S,book,True,III_book_entry,0,0,0,0,0,0,ס' היחס בדקדוק
S0751,S,book,True,III_book_entry,0,0,0,0,0,12,יין הרקח
S0757,S,book,True,III_book_entry,0,0,0,0,0,12,ילקוט
S0764,S,book,True,III_book_entry,0,0,0,1,0,5,ילקוט
S0771,S,book,True,III_book_entry,0,0,0,0,0,4,יסוד העמרמי
S0775,S,book,True,III_book_entry,0,0,0,0,0,5,יער הלבנון
S0785,S,book,True,III_book_entry,0,0,0,0,0,12,יקרא דשכבי
S0788,S,book,True,III_book_entry,0,0,0,0,0,1,מס' יראת חטא
S0797,S,book,True,III_book_entry,0,0,4,0,0,0,ס' הישר
S0804,S,book,True,III_book_entry,0,0,0,0,0,1,כד הקמח
S0808,S,book,True,III_book_entry,0,0,0,0,0,12,כונות התפלה
S0815,S,book,True,III_book_entry,0,0,0,0,0,2,כלי גולה
S0817,S,book,True,III_book_entry,0,0,0,0,0,4,כלי הדיינים
S0822,S,book,True,III_book_entry,0,0,0,0,0,5,כלי רועים
S0832,S,book,True,III_book_entry,0,0,2,0,0,10,"כללי הש""ס"
S0833,S,book,True,III_book_entry,0,0,0,0,0,0,"כללי הש""ס"
S0835,S,book,True,III_book_entry,0,0,0,0,0,0,"כללי הש""ס"
S0837,S,book,True,III_book_entry,0,0,0,0,0,2,כללים בקבלה
S0854,S,book,True,III_book_entry,0,0,0,0,0,23,כף ונקי
S0864,S,book,True,III_book_entry,0,0,0,0,0,4,כתבים
S0877,S,book,True,III_book_entry,0,0,0,0,0,5,כתר תורה
S0883,S,book,True,III_book_entry,0,0,0,1,0,3,לב שלם
S0884,S,book,True,III_book_entry,0,0,0,0,0,17,לב שלמה
S0888,S,book,True,III_book_entry,0,0,0,0,0,10,לבב שלם
S0891,S,book,True,III_book_entry,0,0,0,0,0,2,לבנת ספיר
S0900,S,book,True,III_book_entry,0,0,0,0,0,7,לחם חמודות
S0901,S,book,True,III_book_entry,0,0,0,0,0,14,לחם יהודה
S0903,S,book,True,III_book_entry,0,0,0,0,0,4,לחם מן השמים
S0909,S,book,True,III_book_entry,0,0,0,0,0,3,לחם סתרים
S0912,S,book,True,III_book_entry,0,0,0,0,0,12,לחם הפנים
S0915,S,book,True,III_book_entry,0,0,0,0,0,15,לחם שלמה
S0916,S,book,True,III_book_entry,0,0,0,0,0,1,לחם שלמה
S0924,S,book,True,III_book_entry,0,0,0,0,0,2,"לקוטי הש""ס"
S0926,S,book,True,III_book_entry,0,0,0,0,0,2,לקוטי תורה
S0928,S,book,True,III_book_entry,0,0,0,0,0,0,לקוטים
S0932,S,book,True,III_book_entry,0,0,0,0,0,1,לקט
S0936,S,book,True,III_book_entry,0,0,0,0,0,0,לשון חכמים
S0949,S,book,True,III_book_entry,0,0,0,0,0,4,מאור עינים
S0967,S,book,True,III_book_entry,0,0,0,0,0,2,מבוא פתחים
S0972,S,book,True,III_book_entry,0,0,0,0,0,7,מגדל דוד
S0975,S,book,True,III_book_entry,0,0,0,0,0,4,מגדל דוד
S0988,S,book,True,III_book_entry,0,0,3,0,0,8,מגלת חסידים
S1012,S,book,True,III_book_entry,0,0,0,0,0,4,מועד דוד
S1024,S,book,True,III_book_entry,0,0,1,0,0,1,מחכים
S1030,S,book,True,III_book_entry,0,0,0,0,0,4,מחנה יהודה
S1032,S,book,True,III_book_entry,0,0,0,0,0,6,מחנה לויה
S1037,S,book,True,III_book_entry,0,0,0,0,0,14,מטה יהודה
S1039,S,book,True,III_book_entry,0,0,0,0,0,46,מטה יששכר
S1047,S,book,True,III_book_entry,0,0,0,0,0,15,מילואים
S1057,S,book,True,III_book_entry,0,0,0,0,0,10,מכתב
S1062,S,book,True,III_book_entry,0,0,0,0,0,0,מלא רצון
S1069,S,book,True,III_book_entry,0,0,0,0,0,3,מלחמת מלכים
S1077,S,book,True,III_book_entry,0,0,2,0,0,1,מנהגות
S1080,S,book,True,III_book_entry,0,0,0,0,0,1,מנהיג
S1081,S,book,True,III_book_entry,0,0,1,0,0,0,מנהיר
S1082,S,book,True,III_book_entry,0,0,5,0,0,1,ס' מנהל
S1087,S,book,True,III_book_entry,0,0,0,0,0,10,מנחה בלולה
S1094,S,book,True,III_book_entry,0,0,0,0,0,7,מנחת כהן
S1099,S,book,True,III_book_entry,0,0,0,0,0,5,מסגרת השלחן
S1101,S,book,True,III_book_entry,0,0,0,0,0,5,מסורת סייג לתורה
S1120,S,book,True,III_book_entry,0,0,0,0,0,7,מענה לשון
S1124,S,book,True,III_book_entry,0,0,0,0,0,4,מעשה אורג
S1131,S,book,True,III_book_entry,0,0,0,0,0,5,מעשיות
S1133,S,book,True,III_book_entry,0,0,0,0,0,0,ס' מפתח
S1142,S,book,True,III_book_entry,0,0,1,1,0,2,מקדש ה
S1144,S,book,True,III_book_entry,0,0,0,0,0,3,ס' מקדש מעט
S1153,S,book,True,III_book_entry,0,0,0,0,0,1,ס' מקצועות
S1160,S,book,True,III_book_entry,0,0,0,0,0,6,מראות הצובאות
S1167,S,book,True,III_book_entry,0,0,0,0,0,4,מרשים
S1185,S,book,True,III_book_entry,0,0,0,0,0,0,משמרת המועדות
S1195,S,book,True,III_book_entry,0,0,0,0,0,0,משפט שלום
S1199,S,book,True,III_book_entry,0,0,0,0,0,0,משפטי השנים
S1203,S,book,True,III_book_entry,0,0,0,0,0,10,ס' מתנה
S1204,S,book,True,III_book_entry,0,0,0,0,0,0,מתנות
S1206,S,book,True,III_book_entry,0,0,0,0,0,6,מתת
S1207,S,book,True,III_book_entry,0,0,0,0,0,5,מתת יה
S1211,S,book,True,III_book_entry,0,0,3,0,0,2,נאספות
S1220,S,book,True,III_book_entry,0,0,0,0,0,2,נזר אלהים
S1222,S,book,True,III_book_entry,0,0,0,0,0,5,נחל איתן
S1231,S,book,True,III_book_entry,0,0,0,0,0,9,נחלת צבי
S1233,S,book,True,III_book_entry,0,0,0,0,0,5,נחלת שמעוני
S1235,S,book,True,III_book_entry,0,0,0,0,0,5,נחמת ציון
S1242,S,book,True,III_book_entry,0,0,0,0,0,14,נפך
S1247,S,book,True,III_book_entry,0,0,0,0,0,7,נצח ישראל
S1258,S,book,True,III_book_entry,0,0,0,0,0,4,נתיב הישר
S1259,S,book,True,III_book_entry,0,0,2,0,0,3,נתיבות
S1272,S,book,True,III_book_entry,0,0,2,0,0,8,סדר עולם
S1274,S,book,True,III_book_entry,0,0,0,0,0,1,סדר עולם
S1279,S,book,True,III_book_entry,0,0,0,0,0,1,סדר תקון תפלה
S1286,S,book,True,III_book_entry,0,0,0,0,0,2,סוד הרזים
S1287,S,book,True,III_book_entry,0,0,0,0,0,0,סוד התורה
S1288,S,book,True,III_book_entry,0,0,2,0,0,5,סודות
S1289,S,book,True,III_book_entry,0,0,0,0,0,1,סודי רזיא
S1302,S,book,True,III_book_entry,0,0,1,0,0,0,"ספר לבאר רמזי הרמב""ן בפירושו עה""ת"
S1304,S,book,True,III_book_entry,0,0,0,0,0,7,ספר בהלכה למשה מסיני
S1305,S,book,True,III_book_entry,0,0,0,0,0,5,ספר חשוב ונכבד בתכונה
S1308,S,book,True,III_book_entry,0,0,0,0,0,0,ספר ברוב דיני הגמרא
S1309,S,book,True,III_book_entry,0,0,0,0,0,18,ספר משירות ותשבחות
S1313,S,book,True,III_book_entry,0,0,0,0,0,1,ספרא
S1315,S,book,True,III_book_entry,0,0,0,0,0,2,ספרא דרב המנונא סבא
S1317,S,book,True,III_book_entry,0,0,0,0,0,2,ספרא דרב ייבא סבא
S1318,S,book,True,III_book_entry,0,0,0,0,0,2,ספרא דרב ייסא סבא
S1319,S,book,True,III_book_entry,0,0,0,0,0,2,ספרא דרב כרוספדאי חמיד לבא
S1325,S,book,True,III_book_entry,0,0,0,0,0,5,ספרים חיצונים
S1326,S,book,True,III_book_entry,0,0,0,0,0,4,סתרי תורה
S1328,S,book,True,III_book_entry,0,0,0,0,0,2,סתרי תורה
S1330,S,book,True,III_book_entry,0,0,0,0,0,4,עבודת הגפן
S1332,S,book,True,III_book_entry,0,0,0,0,0,2,"עבודת יה""כ"
S1342,S,book,True,III_book_entry,0,0,0,0,0,9,ספר עדינות
S1343,S,book,True,III_book_entry,0,0,0,0,0,5,עובר לסוחר
S1348,S,book,True,III_book_entry,0,0,0,0,0,10,עולם קטן
S1350,S,book,True,III_book_entry,0,0,0,0,0,4,עולת שבת
S1351,S,book,True,III_book_entry,0,0,0,0,0,4,עולת שמואל
S1358,S,book,True,III_book_entry,0,0,0,0,0,0,עט סופר
S1363,S,book,True,III_book_entry,0,0,0,0,0,15,עטרת זקנים
S1369,S,book,True,III_book_entry,0,0,0,0,0,12,עטרת שלום
S1370,S,book,True,III_book_entry,0,0,0,0,0,1,עטרת שלמה
S1371,S,book,True,III_book_entry,0,0,0,0,0,2,ס' העיון
S1377,S,book,True,III_book_entry,0,0,0,0,0,2,עינות מים
S1378,S,book,True,III_book_entry,0,0,0,0,0,1,עיני ישראל
S1389,S,book,True,III_book_entry,0,0,0,0,0,0,עליות יבמות
S1391,S,book,True,III_book_entry,0,0,0,0,0,1,עמודי שלמה
S1395,S,book,True,III_book_entry,0,0,0,0,0,5,עמק הבכה
S1400,S,book,True,III_book_entry,0,0,0,0,0,6,ענק
S1402,S,book,True,III_book_entry,0,0,0,0,0,14,עפרא דארעא
S1415,S,book,True,III_book_entry,0,0,0,0,0,0,עצי אלמוגים
S1416,S,book,True,III_book_entry,0,0,0,0,0,4,עצי ארזים
S1419,S,book,True,III_book_entry,0,0,0,0,0,10,ערוגת הבושם
S1420,S,book,True,III_book_entry,0,0,0,0,0,47,ערוגת הבושם
S1421,S,book,True,III_book_entry,0,0,0,0,0,12,ערוגת הבושם
S1423,S,book,True,III_book_entry,0,0,0,0,0,1,ערוך הקצר
S1436,S,book,True,III_book_entry,0,0,0,0,0,2,פורת יוסף
S1439,S,book,True,III_book_entry,0,0,0,0,0,16,פי נבא
S1445,S,book,True,III_book_entry,0,0,0,0,0,1,"פירוש דה""י"
S1446,S,book,True,III_book_entry,0,0,0,0,0,1,"פירוש דה""י"
S1449,S,book,True,III_book_entry,0,0,0,0,0,0,פירוש ההלכות
S1450,S,book,True,III_book_entry,0,0,0,0,0,0,"פירוש ג' הלכות (להרי""ף"
S1454,S,book,True,III_book_entry,0,0,0,0,0,4,פירוש הלכות קדושין וכתובות
S1455,S,book,True,III_book_entry,0,0,0,0,0,3,פירוש הל' רבית
S1458,S,book,True,III_book_entry,0,0,0,0,0,4,פירוש ס' חסידים
S1465,S,book,True,III_book_entry,0,0,1,0,0,13,פירוש למדרש רבה
S1467,S,book,True,III_book_entry,0,0,0,0,0,3,"פירוש על הרמב""ם"
S1468,S,book,True,III_book_entry,0,0,1,1,0,5,פירוש על משלי לר' עמנואל
S1473,S,book,True,III_book_entry,0,0,1,0,0,9,פירוש סדר עולם רבה וזוטא ומגילת תענית
S1474,S,book,True,III_book_entry,0,0,0,0,0,5,פירוש ספרא
S1475,S,book,True,III_book_entry,0,0,0,0,0,2,פירוש ספרא דצניעותא
S1476,S,book,True,III_book_entry,0,0,3,0,0,5,פירוש ספרי
S1478,S,book,True,III_book_entry,0,0,3,0,0,0,"פירוש על פי' הרמב""ן עה""ת"
S1493,S,book,True,III_book_entry,0,0,0,0,0,12,"פירוש עה""ת וח""מ וכתובים"
S1494,S,book,True,III_book_entry,0,0,0,0,0,15,"פירוש עה""ת ונביאים"
S1499,S,book,True,III_book_entry,0,0,1,0,0,10,פירוש על התלמוד תלתא סדרי וחולין
S1500,S,book,True,III_book_entry,0,0,0,0,0,32,פירוש על התלמוד כמה מסכתות
S1502,S,book,True,III_book_entry,0,0,3,0,0,1,פירוש מסכת תמיד
S1504,S,book,True,III_book_entry,0,0,0,0,0,1,פירוש תפלות וסודן
S1505,S,book,True,III_book_entry,0,0,0,0,0,2,פירוש קצת התפלה
S1506,S,book,True,III_book_entry,0,0,1,0,0,13,פירוש לתקוני זהר
S1508,S,book,True,III_book_entry,0,0,0,0,0,0,פירושים
S1510,S,book,True,III_book_entry,0,0,0,0,0,2,פירושים על הזהר
S1512,S,book,True,III_book_entry,0,0,3,0,0,10,"פירושים על הש""ס תלמוד"
S1515,S,book,True,III_book_entry,0,0,0,0,0,12,פלח הרמון
S1518,S,book,True,III_book_entry,0,0,0,0,0,3,פליטת בית יוסף
S1520,S,book,True,III_book_entry,0,0,0,0,0,0,פלפלא חריפתא
S1527,S,book,True,III_book_entry,0,0,0,0,0,3,פני יצחק
S1528,S,book,True,III_book_entry,0,0,0,0,0,2,פני מלך
S1539,S,book,True,III_book_entry,0,0,1,2,0,5,פסיקתא דרב כהנא
S1545,S,book,True,III_book_entry,0,0,0,0,0,1,"פסקי הרי""ד"
S1547,S,book,True,III_book_entry,0,0,0,0,0,0,"פסקי הרמ""ה"
S1551,S,book,True,III_book_entry,0,0,0,0,0,7,פסקי תוספות
S1554,S,book,True,III_book_entry,0,0,0,0,0,1,"פרדס לרש""י"
S1564,S,book,True,III_book_entry,0,0,0,0,0,0,פרטי פרטין
S1571,S,book,True,III_book_entry,0,0,0,0,0,13,פרי מפרי
S1575,S,book,True,III_book_entry,0,0,1,1,0,1,ס' פרנס
S1582,S,book,True,III_book_entry,0,0,0,0,0,1,פרקי ר' יוסי
S1583,S,book,True,III_book_entry,0,0,0,0,0,5,פרקי מרכבה
S1584,S,book,True,III_book_entry,0,0,0,0,0,4,פרשיות התורה
S1587,S,book,True,III_book_entry,0,0,0,0,0,1,"פשטי ר""מ מקוצי"
S1590,S,book,True,III_book_entry,0,0,0,0,0,0,פתיחות חכמה
S1598,S,book,True,III_book_entry,0,0,0,0,0,7,צהרים
S1601,S,book,True,III_book_entry,0,0,0,0,0,3,צורך
S1605,S,book,True,III_book_entry,0,0,1,4,0,4,ציון לנפש חיה
S1611,S,book,True,III_book_entry,0,0,0,0,0,2,צמח צדיק
S1613,S,book,True,III_book_entry,0,0,0,0,0,3,צניף מלוכה
S1616,S,book,True,III_book_entry,0,0,0,0,0,3,צפחת המים
S1619,S,book,True,III_book_entry,0,0,0,0,0,60,צפנת פענח
S1629,S,book,True,III_book_entry,0,0,0,0,0,3,צרי היגון
S1632,S,book,True,III_book_entry,0,0,0,0,0,5,קבלה
S1646,S,book,True,III_book_entry,0,0,0,0,0,14,קול יהודה
S1648,S,book,True,III_book_entry,0,0,0,0,0,6,קול יעקב
S1651,S,book,True,III_book_entry,0,0,0,0,0,9,קונטרס בענין לאחר שלשים יום
S1652,S,book,True,III_book_entry,0,0,0,0,0,11,קונטרס על אין אדם אוסר דבר שאינו שלו
S1653,S,book,True,III_book_entry,0,0,0,0,0,3,נקונטרס בדין אין אדם משים עצמו רשע
S1654,S,book,True,III_book_entry,0,0,0,0,0,11,קונטרס על אם למקרא ולמסורת
S1655,S,book,True,III_book_entry,0,0,1,0,0,15,קונטרס בבאור מאמר הזהר וכו
S1656,S,book,True,III_book_entry,0,0,0,0,0,9,קונטרס בארות חמר
S1657,S,book,True,III_book_entry,0,0,0,0,0,11,קונטרס בענין בל תוסיף
S1658,S,book,True,III_book_entry,0,0,0,0,0,17,קונטרס גופי הלכות בפתחי נדה
S1661,S,book,True,III_book_entry,0,0,0,0,0,6,קונטרס ויכוח
S1662,S,book,True,III_book_entry,0,0,0,0,0,9,קונטרס בענין חלה
S1663,S,book,True,III_book_entry,0,0,0,0,0,44,קונטרס בענין חשוד
S1664,S,book,True,III_book_entry,0,0,0,0,0,0,קונטרס יסוד השטרות
S1665,S,book,True,III_book_entry,0,0,0,0,0,11,קונטרס על כל מילתא דאמר רחמנא לא תעביד
S1666,S,book,True,III_book_entry,0,0,0,0,0,2,"קונטרס בכתיבת ס""ת"
S1667,S,book,True,III_book_entry,0,0,0,0,0,9,קונטרס בענין הלאוין
S1668,S,book,True,III_book_entry,0,0,0,0,0,9,קונטרס לחם לשבע
S1669,S,book,True,III_book_entry,0,0,1,0,0,13,קונטרס על מאמר מבוא השמש
S1670,S,book,True,III_book_entry,0,0,0,0,0,4,קונטרס מאמר המלך
S1671,S,book,True,III_book_entry,0,0,0,0,0,3,קונטרס מדות המזבח
S1672,S,book,True,III_book_entry,0,0,0,0,0,0,קונטרס מודעא
S1673,S,book,True,III_book_entry,0,0,0,0,0,9,קונטרס מזיגת כוס יפה
S1674,S,book,True,III_book_entry,0,0,0,0,0,6,קונטרס על דין מליח הרי הוא כרותח
S1675,S,book,True,III_book_entry,0,0,0,0,0,9,קונטרס מנורת זהב
S1678,S,book,True,III_book_entry,0,0,0,0,0,3,קונטרס משפט שלום
S1679,S,book,True,III_book_entry,0,0,1,0,0,4,קונטרס נר תמיד
S1682,S,book,True,III_book_entry,0,0,3,1,0,3,קונטרס עגונה
S1683,S,book,True,III_book_entry,0,0,0,0,0,0,קונטרס פסקים
S1685,S,book,True,III_book_entry,0,0,0,0,0,6,קונטרס קשי ההבנה
S1686,S,book,True,III_book_entry,0,0,0,0,0,61,קונטרס בענין שומר שמסר לשומר
S1687,S,book,True,III_book_entry,0,0,0,0,0,6,קונטרס מהשין ימני שבמקרא
S1688,S,book,True,III_book_entry,0,0,0,0,0,11,קונטרס על תוך כדי דבור
S1689,S,book,True,III_book_entry,0,0,0,0,0,17,קונטרס תורת האהל
S1690,S,book,True,III_book_entry,0,0,0,0,0,9,קונטרס בענין תרי ותרי
S1691,S,book,True,III_book_entry,0,0,0,0,0,1,קופת הרוכלים
S1693,S,book,True,III_book_entry,0,0,0,0,0,0,קטורת סמים
S1697,S,book,True,III_book_entry,0,0,0,0,0,2,קן צפור
S1705,S,book,True,III_book_entry,0,0,0,0,0,2,קצור ס' אלימה
S1707,S,book,True,III_book_entry,0,0,0,1,0,0,קצור חובת הלבבות
S1715,S,book,True,III_book_entry,0,0,0,0,0,14,קצור עבודת הקדש
S1717,S,book,True,III_book_entry,0,0,0,0,0,2,קצור ס' הפרדס
S1719,S,book,True,III_book_entry,0,0,0,0,0,6,קצור רב פנינים
S1720,S,book,True,III_book_entry,0,0,0,0,0,1,קצור שבלי הלקט
S1722,S,book,True,III_book_entry,0,0,2,1,0,0,קצור תורת הבית
S1743,S,book,True,III_book_entry,0,0,0,0,0,62,קרן אור פני משה
S1747,S,book,True,III_book_entry,0,0,0,0,0,0,קשת ומגן
S1749,S,book,True,III_book_entry,0,0,0,0,0,0,קונטרס שכותבים התוס
S1750,S,book,True,III_book_entry,0,0,0,0,0,15,ראש אמנה
S1755,S,book,True,III_book_entry,0,0,0,0,0,4,ראשית בכורים
S1766,S,book,True,III_book_entry,0,0,0,0,0,4,רוממות אל
S1768,S,book,True,III_book_entry,0,0,0,0,0,0,רחבה
S1772,S,book,True,III_book_entry,0,0,0,0,0,23,רך וטוב
S1774,S,book,True,III_book_entry,0,0,0,0,0,12,רמזי ההפטרות
S1776,S,book,True,III_book_entry,0,0,0,0,0,17,רמת שמואל
S1777,S,book,True,III_book_entry,0,0,0,0,0,2,רנו ליעקב
S1783,S,book,True,III_book_entry,0,0,0,0,0,2,רקיעים
S1786,S,book,True,III_book_entry,0,0,0,0,0,1,רמזים וגימטריאות
S1794,S,book,True,III_book_entry,0,0,0,0,0,3,"שו""ת מ' זכריה ידידיה מאורבינו"
S1795,S,book,True,III_book_entry,0,0,0,0,0,9,"שו""ת מ' ידידיה הכהן"
S1796,S,book,True,III_book_entry,0,0,0,0,0,4,"שו""ת מ' יצחק הלוי"
S1800,S,book,True,III_book_entry,0,0,0,0,0,2,"שו""ת מהר""ר שמואל ויטאל"
S1816,S,book,True,III_book_entry,0,0,0,0,0,1,שבלת של לקט
S1818,S,book,True,III_book_entry,0,0,0,0,0,15,שבר גאון
S1829,S,book,True,III_book_entry,0,0,0,0,0,10,שונה הלכות
S1843,S,book,True,III_book_entry,0,0,0,0,0,3,שיטות רבות בגמרא
S1845,S,book,True,III_book_entry,0,0,1,0,0,13,שיטות בתלמוד
S1846,S,book,True,III_book_entry,0,0,0,0,0,1,שיר
S1847,S,book,True,III_book_entry,0,0,0,0,0,15,שיר
S1850,S,book,True,III_book_entry,0,0,0,0,0,1,שיר על מנין אותיות התורה
S1851,S,book,True,III_book_entry,0,0,0,0,0,0,שירה שקולה וכו
S1853,S,book,True,III_book_entry,0,0,0,0,0,6,שכל טוב
S1854,S,book,True,III_book_entry,0,0,0,0,0,6,שכל טוב
S1855,S,book,True,III_book_entry,0,0,0,0,0,15,שכל טוב
S1858,S,book,True,III_book_entry,0,0,0,0,0,0,שלחן ארבע
S1859,S,book,True,III_book_entry,0,0,0,0,0,4,שלחן גבוה
S1869,S,book,True,III_book_entry,0,0,0,0,0,14,שמוש התורה
S1877,S,book,True,III_book_entry,0,0,0,0,0,7,שמן המאור
S1907,S,book,True,III_book_entry,0,0,0,0,0,9,שערי צדק
S1917,S,book,True,III_book_entry,0,0,0,0,0,3,שעשוע התלמידים
S1924,S,book,True,III_book_entry,0,0,0,0,0,0,שקל הקדש
S1928,S,book,True,III_book_entry,0,0,1,0,0,0,שרשי השמות
S1930,S,book,True,III_book_entry,0,0,0,0,0,9,שתי אחיות
S1939,S,book,True,III_book_entry,0,0,8,0,0,0,ס' תגין
S1944,S,book,True,III_book_entry,0,0,0,0,0,0,תולדות אדם
S1950,S,book,True,III_book_entry,0,0,0,0,0,17,תולדות יצחק
S1952,S,book,True,III_book_entry,0,0,0,0,0,9,תולעת יעקב
S1966,S,book,True,III_book_entry,0,0,0,0,0,2,תוצאות חיים
S1973,S,book,True,III_book_entry,0,0,0,0,0,63,תורת האשם
S1983,S,book,True,III_book_entry,0,0,0,0,0,2,תורת נתן
S1984,S,book,True,III_book_entry,0,0,0,0,0,5,תורת נתן
S1985,S,book,True,III_book_entry,0,0,0,0,0,4,תורת נתנאל
S1994,S,book,True,III_book_entry,0,0,1,0,0,12,תלפיות
S2001,S,book,True,III_book_entry,0,0,0,0,0,5,תנא דבי אליהו
S2004,S,book,True,III_book_entry,0,0,0,0,0,2,תנחומות אל
S2007,S,book,True,III_book_entry,0,0,0,0,0,2,תעלומות חכמה
S2009,S,book,True,III_book_entry,0,0,0,0,0,13,תערובות
S2026,S,book,True,III_book_entry,0,0,0,0,0,7,"תקנות רז""ל והגאונים"
S2027,S,book,True,III_book_entry,0,0,0,0,0,1,תקנות רבינו גרשום וגזרות קדמונים
S2028,S,book,True,III_book_entry,0,0,0,0,0,0,"תקנות הרשב""ץ"
S2037,S,book,True,III_book_entry,0,0,0,0,0,18,תשובה
S2038,S,book,True,III_book_entry,0,0,0,0,0,11,תשובה בדין איני נזונית ואיני עושה
S2042,S,book,True,III_book_entry,0,0,0,0,0,11,תשובות לר' יעקב כולי קצת
S2044,S,book,True,III_book_entry,0,0,1,0,0,0,"תשלום הלכות הרי""ף"
AT-00001,L,place,False,V_place,0,0,0,0,2,-1,ווין
AT-00013,L,place,False,V_place,0,0,0,0,1,-1,"א""ש"
AT-00025,L,place,False,V_place,0,0,0,0,1,-1,קרמש
BG-00011,L,place,False,V_place,0,0,0,0,1,-1,בודון
BY-00001,L,place,False,V_place,0,0,0,0,1,-1,מינסק
BY-00005,L,place,False,V_place,0,0,0,0,1,-1,גראדנא
BY-00078,L,place,False,V_place,0,0,0,0,1,-1,אמדור
BY-00108,L,place,False,V_place,0,0,0,0,2,-1,פיעסק
BY-00221,L,place,False,V_place,0,0,0,0,4,-1,ראש
CH-00013,L,place,False,V_place,0,0,0,0,2,-1,באזל
CZ-00000,L,place,False,V_place,0,0,0,0,1,-1,בהם
CZ-00001,L,place,False,V_place,0,0,0,0,39,-1,פראג
CZ-00016,L,place,False,V_place,0,0,0,0,2,-1,"נ""ש"
CZ-00072,L,place,False,V_place,0,0,0,0,1,-1,ברין
CZ-00132,L,place,False,V_place,0,0,0,0,1,-1,מעהרין
DE-00001,L,place,False,V_place,0,0,0,0,12,-1,ברלין
DE-00002,L,place,False,V_place,0,0,0,0,19,-1,"פפ""ד"
DE-00003,L,place,False,V_place,0,0,0,0,4,-1,"ה""ב"
DE-00011,L,place,False,V_place,0,0,0,0,13,-1,"אה""ו"
DE-00012,L,place,False,V_place,0,0,0,0,3,-1,אלטאנא
DE-00020,L,place,False,V_place,0,0,0,0,1,-1,דעסא
DE-00023,L,place,False,V_place,0,0,0,0,3,-1,"פד""א"
DE-00025,L,place,False,V_place,0,0,0,0,10,-1,פירד
DE-00028,L,place,False,V_place,0,0,0,0,2,-1,הענא
DE-00030,L,place,False,V_place,0,0,0,0,1,-1,"ה""פ"
DE-00031,L,place,False,V_place,0,0,0,0,1,-1,הילדסום
DE-00032,L,place,False,V_place,0,0,0,0,4,-1,קאלסרוא
DE-00039,L,place,False,V_place,0,0,0,0,1,-1,מגנץ
DE-00045,L,place,False,V_place,0,0,0,0,1,-1,נרבורק
DE-00047,L,place,False,V_place,0,0,0,0,1,-1,שוואבך
DE-00051,L,place,False,V_place,0,0,0,0,2,-1,ואנזיבעק
DE-00052,L,place,False,V_place,0,0,0,0,5,-1,וורמס
DE-00067,L,place,False,V_place,0,0,0,0,2,-1,זולצבאך
DE-00069,L,place,False,V_place,0,0,0,0,1,-1,"ר""ב"
DE-00070,L,place,False,V_place,0,0,0,0,1,-1,עטינגען
DE-00092,L,place,False,V_place,0,0,0,0,1,-1,פאלדא
DE-00111,L,place,False,V_place,0,0,0,0,2,-1,רוטנבורג
DE-00114,L,place,False,V_place,0,0,0,0,5,-1,שפייר
DE-00140,L,place,False,V_place,0,0,0,0,1,-1,פרידבורג
DE-00147,L,place,False,V_place,0,0,0,0,1,-1,קאסל
DE-00211,L,place,False,V_place,0,0,0,0,1,-1,דארמשטאט
DE-00227,L,place,False,V_place,0,0,0,0,1,-1,אפנבאך
DE-00401,L,place,False,V_place,0,0,0,0,1,-1,Düren
DE-00459,L,place,False,V_place,0,0,0,0,2,-1,פארטה
DE-01164,L,place,False,V_place,0,0,0,0,2,-1,ווילמרשדארף
DE-90001,L,place,False,V_place,0,0,0,0,15,-1,אשכנז
DZ-00001,L,place,False,V_place,0,0,0,0,4,-1,אלגיר
DZ-00011,L,place,False,V_place,0,0,0,0,2,-1,תלמסא
DZ-00013,L,place,False,V_place,0,0,0,0,1,-1,קצמטינה
DZ-00024,L,place,False,V_place,0,0,0,0,7,-1,סוף
DZ-00052,L,place,False,V_place,0,0,0,0,1,-1,לג'ואת
EG-00000,L,place,False,V_place,0,0,0,0,18,-1,מצרים
EG-00002,L,place,False,V_place,0,0,0,0,4,-1,נא אמון
EG-00021,L,place,False,V_place,0,0,0,0,3,-1,Rosetta
ES-00000,L,place,False,V_place,0,0,0,0,4,-1,ספרד
ES-00002,L,place,False,V_place,0,0,0,0,2,-1,ברצלונה
ES-00018,L,place,False,V_place,0,0,0,0,1,-1,אלקלע
ES-00028,L,place,False,V_place,0,0,0,0,4,-1,טולידו
ES-00038,L,place,False,V_place,0,0,0,0,1,-1,סמורה
ES-00039,L,place,False,V_place,0,0,0,0,3,-1,סרקסטה
ES-00066,L,place,False,V_place,0,0,0,0,1,-1,סיאוטה
ES-90001,L,place,False,V_place,0,0,0,0,3,-1,קשטילייא
FR-00000,L,place,False,V_place,0,0,0,0,2,-1,צרפת
FR-00002,L,place,False,V_place,0,0,0,0,1,-1,מארסעי
FR-00014,L,place,False,V_place,0,0,0,0,10,-1,מיץ
FR-00023,L,place,False,V_place,0,0,0,0,1,-1,אביניון
FR-00024,L,place,False,V_place,0,0,0,0,1,-1,שטרסבורג
FR-00031,L,place,False,V_place,0,0,0,0,1,-1,מרויש
FR-00032,L,place,False,V_place,0,0,0,0,1,-1,קורביל
FR-00041,L,place,False,V_place,0,0,0,0,4,-1,אורליינס
FR-00266,L,place,False,V_place,0,0,0,0,1,-1,וויטרי
FR-00284,L,place,False,V_place,0,0,0,0,5,-1,רמרו
FR-00286,L,place,False,V_place,0,0,0,0,1,-1,טרוייש
FR-00293,L,place,False,V_place,0,0,0,0,1,-1,בריינא
FR-90003,L,place,False,V_place,0,0,0,0,1,-1,לותיר
GB-00001,L,place,False,V_place,0,0,0,0,2,-1,לאנדן
GR-00009,L,place,False,V_place,0,0,0,0,1,-1,קנדי
GR-00013,L,place,False,V_place,0,0,0,0,1,-1,קארפו
GR-00014,L,place,False,V_place,0,0,0,0,31,-1,שלוניק
GR-00019,L,place,False,V_place,0,0,0,0,2,-1,לאקסו
GR-00024,L,place,False,V_place,0,0,0,0,1,-1,שיאו
HR-00013,L,place,False,V_place,0,0,0,0,2,-1,ראגוזא
HU-00023,L,place,False,V_place,0,0,0,0,1,-1,אובן
HU-00033,L,place,False,V_place,0,0,0,0,1,-1,ראב
HU-00035,L,place,False,V_place,0,0,0,0,5,-1,אבראם
HU-00041,L,place,False,V_place,0,0,0,0,1,-1,מאד
HU-00102,L,place,False,V_place,0,0,0,0,2,-1,שמשם
HU-00392,L,place,False,V_place,0,0,0,0,2,-1,אורבא
HU-00677,L,place,False,V_place,0,0,0,0,1,-1,שאנץ
HU-00706,L,place,False,V_place,0,0,0,0,1,-1,פארי
IL-00000,L,place,False,V_place,0,0,0,0,3,-1,"א""י"
IL-00001,L,place,False,V_place,0,0,0,0,46,-1,ירושלם
IL-00012,L,place,False,V_place,0,0,0,0,9,-1,צפת
IL-00013,L,place,False,V_place,0,0,0,0,1,-1,טברי'
IT-00000,L,place,False,V_place,0,0,0,0,5,-1,לועז
IT-00001,L,place,False,V_place,0,0,0,0,3,-1,רוים
IT-00012,L,place,False,V_place,0,0,0,0,1,-1,גאריצע
IT-00013,L,place,False,V_place,0,0,0,0,14,-1,ליוורנו
IT-00016,L,place,False,V_place,0,0,0,0,58,-1,ונציה
IT-00017,L,place,False,V_place,0,0,0,0,16,-1,מנטואה
IT-00018,L,place,False,V_place,0,0,0,0,1,-1,בערנא
IT-00021,L,place,False,V_place,0,0,0,0,2,-1,איקאהן
IT-00024,L,place,False,V_place,0,0,0,0,2,-1,נאפאלי
IT-00026,L,place,False,V_place,0,0,0,0,4,-1,פיררה
IT-00028,L,place,False,V_place,0,0,0,0,1,-1,פולניא
IT-00030,L,place,False,V_place,0,0,0,0,1,-1,בולנייא
IT-00032,L,place,False,V_place,0,0,0,0,3,-1,לוקא
IT-00033,L,place,False,V_place,0,0,0,0,1,-1,פאדא
IT-00035,L,place,False,V_place,0,0,0,0,1,-1,פיימונטי
IT-00039,L,place,False,V_place,0,0,0,0,5,-1,קרימה
IT-00045,L,place,False,V_place,0,0,0,0,2,-1,סביונטה
IT-00067,L,place,False,V_place,0,0,0,0,7,-1,מאדענא
IT-00073,L,place,False,V_place,0,0,0,0,1,-1,פיסא
IT-00074,L,place,False,V_place,0,0,0,0,3,-1,ריגייו
IT-00083,L,place,False,V_place,0,0,0,0,1,-1,Urbino
IT-00103,L,place,False,V_place,0,0,0,0,2,-1,שונצינו
LT-00001,L,place,False,V_place,0,0,0,0,4,-1,וילנא
LT-00132,L,place,False,V_place,0,0,0,0,2,-1,קול
LT-00174,L,place,False,V_place,0,0,0,0,1,-1,ווארנע
MA-00003,L,place,False,V_place,0,0,0,0,7,-1,פאס
MA-00005,L,place,False,V_place,0,0,0,0,2,-1,מראכיש
MA-00013,L,place,False,V_place,0,0,0,0,1,-1,אגאדיר
MA-00027,L,place,False,V_place,0,0,0,0,1,-1,מכנאס
MK-00001,L,place,False,V_place,0,0,0,0,1,-1,איסקופה
NL-00001,L,place,False,V_place,0,0,0,0,54,-1,אמסטרדם
NL-00003,L,place,False,V_place,0,0,0,0,1,-1,האג
PL-00000,L,place,False,V_place,0,0,0,0,10,-1,פולן
PL-00001,L,place,False,V_place,0,0,0,0,3,-1,ורשא
PL-00002,L,place,False,V_place,0,0,0,0,18,-1,קראקא
PL-00005,L,place,False,V_place,0,0,0,0,6,-1,פאזן
PL-00006,L,place,False,V_place,0,0,0,0,7,-1,לובלין
PL-00020,L,place,False,V_place,0,0,0,0,9,-1,דירנפורט
PL-00025,L,place,False,V_place,0,0,0,0,1,-1,חלם
PL-00040,L,place,False,V_place,0,0,0,0,2,-1,גלוגא
PL-00054,L,place,False,V_place,0,0,0,0,2,-1,קאלוש
PL-00067,L,place,False,V_place,0,0,0,0,1,-1,קראטשין
PL-00116,L,place,False,V_place,0,0,0,0,2,-1,פשמישל
PL-00187,L,place,False,V_place,0,0,0,0,1,-1,לאסק
PL-00196,L,place,False,V_place,0,0,0,0,1,-1,פינטשב
PL-00217,L,place,False,V_place,0,0,0,0,1,-1,זלאטווי
PL-00377,L,place,False,V_place,0,0,0,0,1,-1,זאמאשט
PL-00442,L,place,False,V_place,0,0,0,0,1,-1,קודן
PL-00531,L,place,False,V_place,0,0,0,0,1,-1,צוזמר
PL-00934,L,place,False,V_place,0,0,0,0,1,-1,גידליה
PL-00942,L,place,False,V_place,0,0,0,0,1,-1,קרוזבארג
PS-00011,L,place,False,V_place,0,0,0,0,13,-1,חברון
PT-00000,L,place,False,V_place,0,0,0,0,3,-1,פורטוגאל
PT-00001,L,place,False,V_place,0,0,0,0,1,-1,ליזבואה
PT-00011,L,place,False,V_place,0,0,0,0,1,-1,איבורה
RO-00144,L,place,False,V_place,0,0,0,0,3,-1,טור
RO-00698,L,place,False,V_place,0,0,0,0,2,-1,דראגע
RO-00814,L,place,False,V_place,0,0,0,0,3,-1,מאיער
RS-00001,L,place,False,V_place,0,0,0,0,2,-1,בעלגראד
RU-00113,L,place,False,V_place,0,0,0,0,1,-1,בעלי
SK-00079,L,place,False,V_place,0,0,0,0,2,-1,"ש""ב"
SK-00083,L,place,False,V_place,0,0,0,0,1,-1,הומנא
SK-00155,L,place,False,V_place,0,0,0,0,1,-1,גרופא
SY-00001,L,place,False,V_place,0,0,0,0,4,-1,דמשך
SY-00002,L,place,False,V_place,0,0,0,0,6,-1,חלב
TN-00001,L,place,False,V_place,0,0,0,0,4,-1,תונס
TN-00036,L,place,False,V_place,0,0,0,0,3,-1,קירואן
TR-00002,L,place,False,V_place,0,0,0,0,53,-1,קושטא
TR-00003,L,place,False,V_place,0,0,0,0,29,-1,אזמיר
UA-00002,L,place,False,V_place,0,0,0,0,3,-1,לבוב
UA-00015,L,place,False,V_place,0,0,0,0,1,-1,בעלז
UA-00033,L,place,False,V_place,0,0,0,0,1,-1,בראד
UA-00037,L,place,False,V_place,0,0,0,0,1,-1,בוסק
UA-00076,L,place,False,V_place,0,0,0,0,1,-1,חירב
UA-00094,L,place,False,V_place,0,0,0,0,1,-1,קרעמניץ
UA-00133,L,place,False,V_place,0,0,0,0,4,-1,אסטרע
UA-00234,L,place,False,V_place,0,0,0,0,11,-1,זאלקיף
UA-00342,L,place,False,V_place,0,0,0,0,1,-1,ראמען
UA-00448,L,place,False,V_place,0,0,0,0,4,-1,קארץ
UA-00700,L,place,False,V_place,0,0,0,0,1,-1,מקאריף
UA-01191,L,place,False,V_place,0,0,0,0,1,-1,בעריק
UA-01287,L,place,False,V_place,0,0,0,0,1,-1,עסין
